datum,ka_ruhleben
2010-01-01,207.77
2010-01-02,201.67
2010-01-03,201.63
2010-01-04,195.66
2010-01-05,194.45
2010-01-06,190.45
2010-01-07,193.34
2010-01-08,194.11
2010-01-09,180.73
2010-01-10,182.49
2010-01-11,198.24
2010-01-12,187.08
2010-01-13,193.17
2010-01-14,193.78
2010-01-15,188.46
2010-01-16,190.07
2010-01-17,197.8
2010-01-18,233.43
2010-01-19,274.73
2010-01-20,231.16
2010-01-21,201.52
2010-01-22,197.97
2010-01-23,187.36
2010-01-24,185.47
2010-01-25,187.07
2010-01-26,187.15
2010-01-27,186.72
2010-01-28,219.89
2010-01-29,224.3
2010-01-30,220.48
2010-01-31,179.03
2010-02-01,196.99
2010-02-02,192
2010-02-03,286.07
2010-02-04,235.43
2010-02-05,256.14
2010-02-06,200.11
2010-02-07,189.69
2010-02-08,196.24
2010-02-09,197.93
2010-02-10,191.02
2010-02-11,190.12
2010-02-12,213.29
2010-02-13,196.19
2010-02-14,209.69
2010-02-15,209.93
2010-02-16,209
2010-02-17,205.65
2010-02-18,240.93
2010-02-19,271.01
2010-02-20,292.64
2010-02-21,208.8
2010-02-22,255.56
2010-02-23,392.05
2010-02-24,229.31
2010-02-25,266.66
2010-02-26,244.03
2010-02-27,215.22
2010-02-28,217.41
2010-03-01,364.15
2010-03-02,205.64
2010-03-03,206.18
2010-03-04,208.2
2010-03-05,207.68
2010-03-06,200.41
2010-03-07,193.99
2010-03-08,211.67
2010-03-09,223.22
2010-03-10,225.6
2010-03-11,220.8
2010-03-12,287.82
2010-03-13,241.48
2010-03-14,304
2010-03-15,373.29
2010-03-16,232.88
2010-03-17,220.282
2010-03-18,219.676
2010-03-19,210.02
2010-03-20,288.09
2010-03-21,296.04
2010-03-22,199.307
2010-03-23,207.18
2010-03-24,203.2
2010-03-25,205.99
2010-03-26,215.48
2010-03-27,405.32
2010-03-28,194.54
2010-03-29,257.55
2010-03-30,200.19
2010-03-31,70.436
2010-04-01,0
2010-04-02,0
2010-04-03,0
2010-04-04,0
2010-04-05,0
2010-04-06,0
2010-04-07,0
2010-04-08,0
2010-04-09,0
2010-04-10,0
2010-04-11,0
2010-04-12,0
2010-04-13,0
2010-04-14,0
2010-04-15,0
2010-04-16,0
2010-04-17,0
2010-04-18,0
2010-04-19,0
2010-04-20,4.381
2010-04-21,0
2010-04-22,0
2010-04-23,0
2010-04-24,0
2010-04-25,0
2010-04-26,54.625
2010-04-27,20.724
2010-04-28,0
2010-04-29,0
2010-04-30,0
2010-05-01,0
2010-05-02,0
2010-05-03,126.244
2010-05-04,0
2010-05-05,0
2010-05-06,95.466
2010-05-07,22.26
2010-05-08,0
2010-05-09,0
2010-05-10,25.371
2010-05-11,0
2010-05-12,0
2010-05-13,0
2010-05-14,0
2010-05-15,216.942
2010-05-16,0
2010-05-17,0
2010-05-18,0
2010-05-19,169.243
2010-05-20,0
2010-05-21,0
2010-05-22,0
2010-05-23,0
2010-05-24,69.478
2010-05-25,6.551
2010-05-26,0
2010-05-27,5.083
2010-05-28,0
2010-05-29,0
2010-05-30,38.923
2010-05-31,22.348
2010-06-01,89.791
2010-06-02,0
2010-06-03,0
2010-06-04,0
2010-06-05,0
2010-06-06,0
2010-06-07,9.421
2010-06-08,0
2010-06-09,0
2010-06-10,0
2010-06-11,0.001
2010-06-12,0
2010-06-13,0
2010-06-14,0
2010-06-15,0
2010-06-16,0
2010-06-17,0
2010-06-18,0
2010-06-19,0
2010-06-20,0
2010-06-21,0
2010-06-22,0
2010-06-23,0
2010-06-24,1.5
2010-06-25,0
2010-06-26,0
2010-06-27,0
2010-06-28,0
2010-06-29,0
2010-06-30,0
2010-07-01,0
2010-07-02,0
2010-07-03,0
2010-07-04,0
2010-07-05,3.537
2010-07-06,43.801
2010-07-07,0
2010-07-08,0
2010-07-09,0
2010-07-10,0
2010-07-11,0
2010-07-12,11.977
2010-07-13,5.101
2010-07-14,0
2010-07-15,0
2010-07-16,0
2010-07-17,40.492
2010-07-18,0
2010-07-19,0
2010-07-20,0
2010-07-21,0
2010-07-22,0
2010-07-23,163.632
2010-07-24,0
2010-07-25,0
2010-07-26,0
2010-07-27,0
2010-07-28,0
2010-07-29,0
2010-07-30,0
2010-07-31,0
2010-08-01,0
2010-08-02,0
2010-08-03,72.234
2010-08-04,0
2010-08-05,0
2010-08-06,72.492
2010-08-07,3.62
2010-08-08,0
2010-08-09,0
2010-08-10,0
2010-08-11,0
2010-08-12,49.126
2010-08-13,21.947
2010-08-14,186.368
2010-08-15,24.629
2010-08-16,114.849
2010-08-17,0
2010-08-18,66.725
2010-08-19,0
2010-08-20,0
2010-08-21,0
2010-08-22,0
2010-08-23,66.531
2010-08-24,0
2010-08-25,0
2010-08-26,36.265
2010-08-27,131.95
2010-08-28,37
2010-08-29,94.438
2010-08-30,125.005
2010-08-31,0
2010-09-01,0
2010-09-02,1.809
2010-09-03,0
2010-09-04,8.242
2010-09-05,0
2010-09-06,0
2010-09-07,0
2010-09-08,0
2010-09-09,8.549
2010-09-10,13.959
2010-09-11,0
2010-09-12,0
2010-09-13,64.99
2010-09-14,126.523
2010-09-15,31.211
2010-09-16,43.804
2010-09-17,0
2010-09-18,0
2010-09-19,0
2010-09-20,0
2010-09-21,0
2010-09-22,0
2010-09-23,0
2010-09-24,0
2010-09-25,58.634
2010-09-26,142.466
2010-09-27,128.672
2010-09-28,0
2010-09-29,0
2010-09-30,0
2010-10-01,191.794
2010-10-02,185.94
2010-10-03,187.25
2010-10-04,198.62
2010-10-05,194.43
2010-10-06,201.7
2010-10-07,201.62
2010-10-08,202.6
2010-10-09,190.96
2010-10-10,176.79
2010-10-11,200.14
2010-10-12,202.6
2010-10-13,204.46
2010-10-14,201.28
2010-10-15,240.97
2010-10-16,335.94
2010-10-17,225.32
2010-10-18,202.96
2010-10-19,226.79
2010-10-20,264.97
2010-10-21,263.6
2010-10-22,201.91
2010-10-23,194.58
2010-10-24,195.89
2010-10-25,201.77
2010-10-26,199.7
2010-10-27,189.87
2010-10-28,190
2010-10-29,194.97
2010-10-30,180.67
2010-10-31,190.25
2010-11-01,184.63
2010-11-02,179.27
2010-11-03,251.12
2010-11-04,412.71
2010-11-05,337.87
2010-11-06,430.74
2010-11-07,220.43
2010-11-08,244.26
2010-11-09,192.22
2010-11-10,198.4
2010-11-11,237.31
2010-11-12,313.28
2010-11-13,251.56
2010-11-14,203.79
2010-11-15,195.12
2010-11-16,407.92
2010-11-17,308.49
2010-11-18,323.11
2010-11-19,283.33
2010-11-20,196.57
2010-11-21,188.42
2010-11-22,338.8
2010-11-23,239.1
2010-11-24,265.31
2010-11-25,211.92
2010-11-26,214.23
2010-11-27,198.85
2010-11-28,199.53
2010-11-29,197.55
2010-11-30,200.38
2010-12-01,196.13
2010-12-02,214.15
2010-12-03,210.39
2010-12-04,201.81
2010-12-05,206.04
2010-12-06,236.13
2010-12-07,207.11
2010-12-08,211.43
2010-12-09,236.44
2010-12-10,213.99
2010-12-11,427.44
2010-12-12,361.44
2010-12-13,241.68
2010-12-14,212.92
2010-12-15,212.13
2010-12-16,206.116
2010-12-17,212.122
2010-12-18,203.415
2010-12-19,201.555
2010-12-20,207.191
2010-12-21,204.394
2010-12-22,201.671
2010-12-23,249.752
2010-12-24,234.038
2010-12-25,170.913
2010-12-26,169.849
2010-12-27,181.375
2010-12-28,180.597
2010-12-29,173.279
2010-12-30,187.373
2010-12-31,243.591
2011-01-01,370.74
2011-01-02,247.088
2011-01-03,215.26
2011-01-04,199.097
2011-01-05,189.211
2011-01-06,244.635
2011-01-07,455.464
2011-01-08,345.534
2011-01-09,291.212
2011-01-10,204.601
2011-01-11,205.371
2011-01-12,225.445
2011-01-13,307.169
2011-01-14,394.52
2011-01-15,290.534
2011-01-16,232.657
2011-01-17,223.04
2011-01-18,214.09
2011-01-19,229.58
2011-01-20,215.64
2011-01-21,212.17
2011-01-22,204.14
2011-01-23,210.97
2011-01-24,226.65
2011-01-25,291.83
2011-01-26,276.6
2011-01-27,221.643
2011-01-28,208.699
2011-01-29,207.738
2011-01-30,204.657
2011-01-31,182.83
2011-02-01,193.43
2011-02-02,141.674
2011-02-03,151.969
2011-02-04,210.81
2011-02-05,229.02
2011-02-06,456.1
2011-02-07,252.42
2011-02-08,231.61
2011-02-09,218.826
2011-02-10,208.357
2011-02-11,331.88
2011-02-12,204.369
2011-02-13,200.966
2011-02-14,132.502
2011-02-15,218.366
2011-02-16,215.332
2011-02-17,198.267
2011-02-18,194.902
2011-02-19,183.965
2011-02-20,189.721
2011-02-21,189.44
2011-02-22,187.544
2011-02-23,183.839
2011-02-24,187.786
2011-02-25,190.124
2011-02-26,182.223
2011-02-27,181.248
2011-02-28,176.568
2011-03-01,123.804
2011-03-02,167.458
2011-03-03,129.986
2011-03-04,181.2
2011-03-05,172.867
2011-03-06,181.992
2011-03-07,199.413
2011-03-08,189.404
2011-03-09,180.394
2011-03-10,172.487
2011-03-11,142.579
2011-03-12,180.881
2011-03-13,203.439
2011-03-14,197.629
2011-03-15,170.112
2011-03-16,176.847
2011-03-17,288.537
2011-03-18,198.642
2011-03-19,158.682
2011-03-20,146.702
2011-03-21,149.466
2011-03-22,157.894
2011-03-23,51.238
2011-03-24,0
2011-03-25,57.926
2011-03-26,148.974
2011-03-27,128.757
2011-03-28,147.221
2011-03-29,194.501
2011-03-30,207.67
2011-03-31,106.21
2011-04-01,0
2011-04-02,0
2011-04-03,0
2011-04-04,68.346
2011-04-05,0
2011-04-06,0
2011-04-07,0
2011-04-08,0
2011-04-09,0
2011-04-10,0
2011-04-11,0
2011-04-12,0
2011-04-13,106.525
2011-04-14,39.659
2011-04-15,0
2011-04-16,0
2011-04-17,0
2011-04-18,0
2011-04-19,0
2011-04-20,0
2011-04-21,0
2011-04-22,0
2011-04-23,0
2011-04-24,0
2011-04-25,0
2011-04-26,81.74
2011-04-27,42.75
2011-04-28,0
2011-04-29,0
2011-04-30,0
2011-05-01,0
2011-05-02,1.501
2011-05-03,0
2011-05-04,0
2011-05-05,0
2011-05-06,0
2011-05-07,0
2011-05-08,0
2011-05-09,0
2011-05-10,0
2011-05-11,0
2011-05-12,46.554
2011-05-13,0
2011-05-14,4.485
2011-05-15,0
2011-05-16,8.734
2011-05-17,3.2
2011-05-18,0
2011-05-19,1.25
2011-05-20,21.805
2011-05-21,0
2011-05-22,13.588
2011-05-23,11.665
2011-05-24,0
2011-05-25,0
2011-05-26,0
2011-05-27,0
2011-05-28,0
2011-05-29,0
2011-05-30,0
2011-05-31,45.172
2011-06-01,0
2011-06-02,0
2011-06-03,0
2011-06-04,0
2011-06-05,0
2011-06-06,39.97
2011-06-07,56.766
2011-06-08,82.822
2011-06-09,0
2011-06-10,0
2011-06-11,6.041
2011-06-12,0
2011-06-13,0
2011-06-14,48.88
2011-06-15,0
2011-06-16,0
2011-06-17,0
2011-06-18,62.875
2011-06-19,8.432
2011-06-20,10.706
2011-06-21,0
2011-06-22,57.715
2011-06-23,15.586
2011-06-24,0
2011-06-25,0
2011-06-26,0
2011-06-27,0
2011-06-28,0
2011-06-29,0
2011-06-30,0
2011-07-01,0
2011-07-02,110.745
2011-07-03,91.802
2011-07-04,95.525
2011-07-05,0
2011-07-06,4.638
2011-07-07,0
2011-07-08,67.089
2011-07-09,0
2011-07-10,0
2011-07-11,82.429
2011-07-12,0
2011-07-13,0
2011-07-14,48.272
2011-07-15,0
2011-07-16,0
2011-07-17,29.167
2011-07-18,47.547
2011-07-19,0
2011-07-20,0
2011-07-21,80.895
2011-07-22,214.768
2011-07-23,25.177
2011-07-24,0
2011-07-25,0
2011-07-26,0
2011-07-27,0
2011-07-28,0
2011-07-29,209.738
2011-07-30,280.302
2011-07-31,141.085
2011-08-01,32.04
2011-08-02,0
2011-08-03,0
2011-08-04,63.168
2011-08-05,30.607
2011-08-06,0
2011-08-07,0
2011-08-08,46.871
2011-08-09,0
2011-08-10,0
2011-08-11,10.856
2011-08-12,47.854
2011-08-13,5
2011-08-14,67.378
2011-08-15,0
2011-08-16,0
2011-08-17,0
2011-08-18,0
2011-08-19,3.5
2011-08-20,0
2011-08-21,0
2011-08-22,0
2011-08-23,64.379
2011-08-24,3.305
2011-08-25,72.62
2011-08-26,0
2011-08-27,43.432
2011-08-28,0
2011-08-29,0
2011-08-30,0
2011-08-31,0
2011-09-01,0
2011-09-02,0
2011-09-03,0
2011-09-04,0
2011-09-05,107.817
2011-09-06,0
2011-09-07,57.426
2011-09-08,74.873
2011-09-09,42.831
2011-09-10,0
2011-09-11,28.236
2011-09-12,10.709
2011-09-13,0
2011-09-14,0
2011-09-15,0
2011-09-16,0
2011-09-17,0
2011-09-18,167.637
2011-09-19,0
2011-09-20,0
2011-09-21,0
2011-09-22,0
2011-09-23,0
2011-09-24,0
2011-09-25,0
2011-09-26,0
2011-09-27,13.563
2011-09-28,0
2011-09-29,0
2011-09-30,0
2011-10-01,200.93
2011-10-02,187.7
2011-10-03,195.79
2011-10-04,208.63
2011-10-05,211.98
2011-10-06,269.58
2011-10-07,224.14
2011-10-08,237.36
2011-10-09,196.64
2011-10-10,320.01
2011-10-11,458.25
2011-10-12,249.34
2011-10-13,221.91
2011-10-14,206.78
2011-10-15,202.87
2011-10-16,209
2011-10-17,230.81
2011-10-18,250.52
2011-10-19,233.25
2011-10-20,219.86
2011-10-21,219.38
2011-10-22,214.72
2011-10-23,213.25
2011-10-24,216
2011-10-25,220
2011-10-26,226.56
2011-10-27,222.11
2011-10-28,215.93
2011-10-29,209.3
2011-10-30,220.98
2011-10-31,216.07
2011-11-01,216.54
2011-11-02,209.93
2011-11-03,212.39
2011-11-04,214.21
2011-11-05,197.76
2011-11-06,192.71
2011-11-07,195.24
2011-11-08,194.59
2011-11-09,188.03
2011-11-10,183.28
2011-11-11,189.26
2011-11-12,190.41
2011-11-13,192.59
2011-11-14,201.76
2011-11-15,195.34
2011-11-16,198.17
2011-11-17,192.63
2011-11-18,194.25
2011-11-19,186.51
2011-11-20,187.21
2011-11-21,194.73
2011-11-22,193.6
2011-11-23,201.44
2011-11-24,216.3
2011-11-25,209.64
2011-11-26,206.17
2011-11-27,202.19
2011-11-28,204.7
2011-11-29,202.71
2011-11-30,208.88
2011-12-01,206.51
2011-12-02,233.23
2011-12-03,274.96
2011-12-04,230.38
2011-12-05,244.57
2011-12-06,207.77
2011-12-07,308.64
2011-12-08,303.2
2011-12-09,252.41
2011-12-10,207.78
2011-12-11,187.7
2011-12-12,212.49
2011-12-13,271.22
2011-12-14,299.39
2011-12-15,245.02
2011-12-16,340.14
2011-12-17,353.43
2011-12-18,228.07
2011-12-19,200.48
2011-12-20,200.9
2011-12-21,270.8
2011-12-22,199.26
2011-12-23,224.12
2011-12-24,257.38
2011-12-25,193.15
2011-12-26,184.5
2011-12-27,177.27
2011-12-28,189.41
2011-12-29,194.38
2011-12-30,302.49
2011-12-31,212.03
2012-01-01,201.95
2012-01-02,318.53
2012-01-03,220.44
2012-01-04,211.65
2012-01-05,395.02
2012-01-06,219.68
2012-01-07,243.51
2012-01-08,238.97
2012-01-09,258.13
2012-01-10,258.3
2012-01-11,204.65
2012-01-12,231.07
2012-01-13,212.96
2012-01-14,207.35
2012-01-15,209.32
2012-01-16,231.95
2012-01-17,225.03
2012-01-18,244.72
2012-01-19,433.38
2012-01-20,294.02
2012-01-21,261.66
2012-01-22,322.29
2012-01-23,255.44
2012-01-24,231.66
2012-01-25,220.81
2012-01-26,203.06
2012-01-27,208.6
2012-01-28,194.86
2012-01-29,188.97
2012-01-30,191.28
2012-01-31,191.49
2012-02-01,187.84
2012-02-02,174.91
2012-02-03,190.18
2012-02-04,184.86
2012-02-05,190.14
2012-02-06,189.85
2012-02-07,206.61
2012-02-08,211.84
2012-02-09,207.06
2012-02-10,206.52
2012-02-11,198.85
2012-02-12,206.79
2012-02-13,211.48
2012-02-14,218.681
2012-02-15,300.168
2012-02-16,218.203
2012-02-17,342.571
2012-02-18,209.63
2012-02-19,277.52
2012-02-20,201.147
2012-02-21,308.721
2012-02-22,240.656
2012-02-23,276.855
2012-02-24,249.03
2012-02-25,213.38
2012-02-26,204.01
2012-02-27,222.147
2012-02-28,246.937
2012-02-29,214.388
2012-03-01,211.727
2012-03-02,205.058
2012-03-03,205.5
2012-03-04,211.54
2012-03-05,202.27
2012-03-06,207.119
2012-03-07,213.4
2012-03-08,246.426
2012-03-09,226.465
2012-03-10,216.13
2012-03-11,214.59
2012-03-12,206.312
2012-03-13,203.535
2012-03-14,215.224
2012-03-15,197.246
2012-03-16,222.58
2012-03-17,208.2
2012-03-18,200.84
2012-03-19,210.24
2012-03-20,186.004
2012-03-21,213.26
2012-03-22,215.189
2012-03-23,217.16
2012-03-24,202.27
2012-03-25,192.58
2012-03-26,151.657
2012-03-27,192.764
2012-03-28,209.27
2012-03-29,210.21
2012-03-30,186.186
2012-03-31,127.497
2012-04-01,0
2012-04-02,0
2012-04-03,0
2012-04-04,76.74
2012-04-05,0
2012-04-06,0
2012-04-07,34.612
2012-04-08,0
2012-04-09,0
2012-04-10,0
2012-04-11,7
2012-04-12,6.15
2012-04-13,53.328
2012-04-14,0
2012-04-15,0
2012-04-16,0
2012-04-17,0
2012-04-18,0
2012-04-19,0
2012-04-20,38.725
2012-04-21,0
2012-04-22,0
2012-04-23,0
2012-04-24,41.675
2012-04-25,20.807
2012-04-26,0
2012-04-27,0
2012-04-28,0
2012-04-29,0
2012-04-30,0
2012-05-01,30.705
2012-05-02,1.8
2012-05-03,15.449
2012-05-04,6.165
2012-05-05,13.883
2012-05-06,40.131
2012-05-07,0
2012-05-08,0
2012-05-09,0
2012-05-10,0
2012-05-11,109.599
2012-05-12,5.842
2012-05-13,0
2012-05-14,0
2012-05-15,0
2012-05-16,0
2012-05-17,0
2012-05-18,0
2012-05-19,0
2012-05-20,0
2012-05-21,0
2012-05-22,0
2012-05-23,0
2012-05-24,0
2012-05-25,0
2012-05-26,0
2012-05-27,0
2012-05-28,0
2012-05-29,0
2012-05-30,0
2012-05-31,34.984
2012-06-01,107.897
2012-06-02,0
2012-06-03,62.315
2012-06-04,3.78
2012-06-05,48.255
2012-06-06,10.122
2012-06-07,8.061
2012-06-08,7.455
2012-06-09,0
2012-06-10,0
2012-06-11,5.153
2012-06-12,0
2012-06-13,0
2012-06-14,0
2012-06-15,0
2012-06-16,93.601
2012-06-17,0
2012-06-18,20.563
2012-06-19,3.73
2012-06-20,166.408
2012-06-21,55.03
2012-06-22,1.142
2012-06-23,0
2012-06-24,32.052
2012-06-25,43.246
2012-06-26,1.803
2012-06-27,56.479
2012-06-28,1.08
2012-06-29,5.721
2012-06-30,16.2
2012-07-01,75.612
2012-07-02,8.591
2012-07-03,4.04
2012-07-04,6.434
2012-07-05,43.413
2012-07-06,50.436
2012-07-07,69.14
2012-07-08,5.67
2012-07-09,0.726
2012-07-10,7.425
2012-07-11,8.217
2012-07-12,46.118
2012-07-13,68.622
2012-07-14,90.828
2012-07-15,25.976
2012-07-16,34.782
2012-07-17,34.873
2012-07-18,88.241
2012-07-19,96.499
2012-07-20,0
2012-07-21,0
2012-07-22,0
2012-07-23,0
2012-07-24,0
2012-07-25,9.119
2012-07-26,0
2012-07-27,3.553
2012-07-28,10.959
2012-07-29,156.44
2012-07-30,10.048
2012-07-31,7.437
2012-08-01,8.973
2012-08-02,66.437
2012-08-03,81.173
2012-08-04,0
2012-08-05,22.162
2012-08-06,5.79
2012-08-07,4.152
2012-08-08,8.66
2012-08-09,9.542
2012-08-10,5.082
2012-08-11,0
2012-08-12,0
2012-08-13,6.991
2012-08-14,6.789
2012-08-15,8.618
2012-08-16,14.867
2012-08-17,0
2012-08-18,0
2012-08-19,0
2012-08-20,10.039
2012-08-21,23.578
2012-08-22,129.324
2012-08-23,10.039
2012-08-24,29.628
2012-08-25,9.417
2012-08-26,10.039
2012-08-27,9.695
2012-08-28,5.205
2012-08-29,0
2012-08-30,16.67
2012-08-31,60.288
2012-09-01,6.678
2012-09-02,6.619
2012-09-03,9.671
2012-09-04,10.045
2012-09-05,10.048
2012-09-06,10.045
2012-09-07,0
2012-09-08,50.275
2012-09-09,0
2012-09-10,7.994
2012-09-11,9.12
2012-09-12,1.555
2012-09-13,7.043
2012-09-14,9.68
2012-09-15,1.441
2012-09-16,6.13
2012-09-17,10.047
2012-09-18,9.58
2012-09-19,18.339
2012-09-20,0.216
2012-09-21,7.119
2012-09-22,0
2012-09-23,0
2012-09-24,11.322
2012-09-25,24.178
2012-09-26,10.044
2012-09-27,82.345
2012-09-28,0
2012-09-29,0
2012-09-30,0
2012-10-01,159.195
2012-10-02,177.1
2012-10-03,172.13
2012-10-04,266.32
2012-10-05,272.34
2012-10-06,334.64
2012-10-07,212.3
2012-10-08,176.7
2012-10-09,180.87
2012-10-10,202.8
2012-10-11,190.15
2012-10-12,238.08
2012-10-13,201.53
2012-10-14,203.48
2012-10-15,224.48
2012-10-16,198.33
2012-10-17,191.35
2012-10-18,189.94
2012-10-19,202.59
2012-10-20,184.98
2012-10-21,182.46
2012-10-22,196.16
2012-10-23,194.1
2012-10-24,200.57
2012-10-25,217.88
2012-10-26,215.03
2012-10-27,202.69
2012-10-28,213.19
2012-10-29,212.26
2012-10-30,281.04
2012-10-31,218.55
2012-11-01,269.31
2012-11-02,224.3
2012-11-03,275.24
2012-11-04,272.23
2012-11-05,269.02
2012-11-06,211.26
2012-11-07,247.05
2012-11-08,216.43
2012-11-09,204.181
2012-11-10,235.36
2012-11-11,196.85
2012-11-12,158.956
2012-11-13,181.77
2012-11-14,178.006
2012-11-15,176.888
2012-11-16,159.907
2012-11-17,180.28
2012-11-18,175.44
2012-11-19,184.185
2012-11-20,116.198
2012-11-21,189.46
2012-11-22,193.23
2012-11-23,199.13
2012-11-24,261.66
2012-11-25,207.07
2012-11-26,190.24
2012-11-27,215.62
2012-11-28,234.096
2012-11-29,363.659
2012-11-30,340.304
2012-12-01,195.52
2012-12-02,173.27
2012-12-03,144.313
2012-12-04,235.02
2012-12-05,213.59
2012-12-06,186.834
2012-12-07,170.103
2012-12-08,184.11
2012-12-09,198.17
2012-12-10,258.826
2012-12-11,143.367
2012-12-12,195.18
2012-12-13,190.09
2012-12-14,182.146
2012-12-15,389.81
2012-12-16,319.82
2012-12-17,200.498
2012-12-18,264.65
2012-12-19,223.73
2012-12-20,209.74
2012-12-21,182.98
2012-12-22,165.07
2012-12-23,264.61
2012-12-24,319.68
2012-12-25,209.55
2012-12-26,160.19
2012-12-27,217.41
2012-12-28,167.63
2012-12-29,166.01
2012-12-30,186.85
2012-12-31,203.57
2013-01-01,188.76
2013-01-02,217.66
2013-01-03,251.6
2013-01-04,320
2013-01-05,262.14
2013-01-06,250.15
2013-01-07,212.2
2013-01-08,345.72
2013-01-09,319.37
2013-01-10,316.58
2013-01-11,222.99
2013-01-12,202.14
2013-01-13,200.41
2013-01-14,203.62
2013-01-15,199.36
2013-01-16,206.81
2013-01-17,209.83
2013-01-18,207.72
2013-01-19,204.44
2013-01-20,206.41
2013-01-21,202.54
2013-01-22,200.44
2013-01-23,200.55
2013-01-24,194.03
2013-01-25,207.88
2013-01-26,199.01
2013-01-27,222.75
2013-01-28,309.43
2013-01-29,366.24
2013-01-30,449.49
2013-01-31,285.29
2013-02-01,230.84
2013-02-02,411.09
2013-02-03,235.91
2013-02-04,368.14
2013-02-05,237.61
2013-02-06,235.29
2013-02-07,230.52
2013-02-08,248.5
2013-02-09,232.76
2013-02-10,220.41
2013-02-11,223.64
2013-02-12,215.05
2013-02-13,222.42
2013-02-14,209.13
2013-02-15,214.08
2013-02-16,199.26
2013-02-17,203.11
2013-02-18,208.67
2013-02-19,323.69
2013-02-20,238.38
2013-02-21,206.26
2013-02-22,160.816
2013-02-23,215.39
2013-02-24,304.9
2013-02-25,266.03
2013-02-26,205.72
2013-02-27,206.62
2013-02-28,203.39
2013-03-01,214.01
2013-03-02,201.81
2013-03-03,201.86
2013-03-04,204.34
2013-03-05,209.63
2013-03-06,214.06
2013-03-07,221.32
2013-03-08,231.92
2013-03-09,222.22
2013-03-10,251.82
2013-03-11,210.351
2013-03-12,216.678
2013-03-13,220.35
2013-03-14,229.68
2013-03-15,171.4
2013-03-16,225.82
2013-03-17,230.68
2013-03-18,226.35
2013-03-19,252.158
2013-03-20,262.175
2013-03-21,261.69
2013-03-22,240.46
2013-03-23,212.49
2013-03-24,205.1
2013-03-25,199.86
2013-03-26,205.6
2013-03-27,183.6
2013-03-28,209.79
2013-03-29,266.41
2013-03-30,194.76
2013-03-31,182.46
2013-04-01,0
2013-04-02,0
2013-04-03,0
2013-04-04,0
2013-04-05,0
2013-04-06,0
2013-04-07,0
2013-04-08,0
2013-04-09,3
2013-04-10,5.453
2013-04-11,25.655
2013-04-12,137.466
2013-04-13,7.847
2013-04-14,8.339
2013-04-15,7.459
2013-04-16,21.539
2013-04-17,3.601
2013-04-18,7.04
2013-04-19,5.94
2013-04-20,6.066
2013-04-21,4.98
2013-04-22,4.381
2013-04-23,4.618
2013-04-24,6.543
2013-04-25,4.236
2013-04-26,5.817
2013-04-27,87.378
2013-04-28,0
2013-04-29,6.256
2013-04-30,3.814
2013-05-01,4.678
2013-05-02,2.965
2013-05-03,5.527
2013-05-04,5.359
2013-05-05,6.395
2013-05-06,2.806
2013-05-07,49.6
2013-05-08,2.857
2013-05-09,8.14
2013-05-10,6.529
2013-05-11,2.555
2013-05-12,25.097
2013-05-13,6.093
2013-05-14,2.871
2013-05-15,6.411
2013-05-16,7.421
2013-05-17,4.352
2013-05-18,43.331
2013-05-19,2.935
2013-05-20,0
2013-05-21,1.756
2013-05-22,62.093
2013-05-23,0
2013-05-24,0
2013-05-25,137.099
2013-05-26,229.451
2013-05-27,4.259
2013-05-28,53.637
2013-05-29,43.662
2013-05-30,18.472
2013-05-31,167.134
2013-06-01,44.71
2013-06-02,86.549
2013-06-03,0
2013-06-04,0.572
2013-06-05,0.807
2013-06-06,3.395
2013-06-07,11.771
2013-06-08,5.529
2013-06-09,56.708
2013-06-10,35.437
2013-06-11,2.88
2013-06-12,3.59
2013-06-13,2.737
2013-06-14,82.994
2013-06-15,6.292
2013-06-16,0
2013-06-17,6.012
2013-06-18,5.133
2013-06-19,5.542
2013-06-20,9.305
2013-06-21,90.356
2013-06-22,3.255
2013-06-23,0
2013-06-24,0
2013-06-25,113.4
2013-06-26,41.899
2013-06-27,0
2013-06-28,4.344
2013-06-29,0
2013-06-30,0
2013-07-01,18.831
2013-07-02,67.83
2013-07-03,3.7
2013-07-04,0.927
2013-07-05,0.065
2013-07-06,0
2013-07-07,0
2013-07-08,0
2013-07-09,3.622
2013-07-10,1.487
2013-07-11,0
2013-07-12,0
2013-07-13,0
2013-07-14,0
2013-07-15,0.336
2013-07-16,0
2013-07-17,0
2013-07-18,0
2013-07-19,0
2013-07-20,0
2013-07-21,0
2013-07-22,0.895
2013-07-23,0.668
2013-07-24,2.313
2013-07-25,0.678
2013-07-26,4.285
2013-07-27,0
2013-07-28,0
2013-07-29,64.276
2013-07-30,124.405
2013-07-31,3.583
2013-08-01,0
2013-08-02,1.108
2013-08-03,0.072
2013-08-04,1.169
2013-08-05,37.676
2013-08-06,15.334
2013-08-07,54.637
2013-08-08,89.325
2013-08-09,2.287
2013-08-10,2.192
2013-08-11,0
2013-08-12,3.851
2013-08-13,23.641
2013-08-14,3.729
2013-08-15,4.9
2013-08-16,0.444
2013-08-17,2.34
2013-08-18,0
2013-08-19,9.101
2013-08-20,7.21
2013-08-21,13.5
2013-08-22,11.2
2013-08-23,3.31
2013-08-24,7.36
2013-08-25,2.33
2013-08-26,6.07
2013-08-27,0.503
2013-08-28,5.55
2013-08-29,6.55
2013-08-30,5.95
2013-08-31,0
2013-09-01,0
2013-09-02,17.931
2013-09-03,166.595
2013-09-04,0
2013-09-05,3.791
2013-09-06,2.9
2013-09-07,1.971
2013-09-08,0
2013-09-09,114.089
2013-09-10,35.85
2013-09-11,16.656
2013-09-12,0.956
2013-09-13,0
2013-09-14,0.781
2013-09-15,0
2013-09-16,5.24
2013-09-17,1.02
2013-09-18,99.529
2013-09-19,2.61
2013-09-20,90.432
2013-09-21,2.09
2013-09-22,2.88
2013-09-23,0.403
2013-09-24,91.11
2013-09-25,4.22
2013-09-26,73.986
2013-09-27,2.51
2013-09-28,1.82
2013-09-29,1.84
2013-09-30,0
2013-10-01,185.42
2013-10-02,180.74
2013-10-03,169.36
2013-10-04,169.31
2013-10-05,172.47
2013-10-06,172.95
2013-10-07,187.29
2013-10-08,187.71
2013-10-09,197.55
2013-10-10,357.13
2013-10-11,254.67
2013-10-12,368.28
2013-10-13,349.64
2013-10-14,226.17
2013-10-15,302.98
2013-10-16,225.3
2013-10-17,246.12
2013-10-18,252.05
2013-10-19,206.62
2013-10-20,208.11
2013-10-21,210.6
2013-10-22,199.05
2013-10-23,206.28
2013-10-24,205.81
2013-10-25,214.54
2013-10-26,229.51
2013-10-27,278.564
2013-10-28,227.08
2013-10-29,211.11
2013-10-30,209.917
2013-10-31,205.802
2013-11-01,214.16
2013-11-02,267.27
2013-11-03,291.25
2013-11-04,284.59
2013-11-05,234.31
2013-11-06,265.65
2013-11-07,380.9
2013-11-08,318.5
2013-11-09,273
2013-11-10,208.308
2013-11-11,203.24
2013-11-12,204.36
2013-11-13,221.05
2013-11-14,212.82
2013-11-15,207.35
2013-11-16,199.49
2013-11-17,201.62
2013-11-18,211.258
2013-11-19,209.01
2013-11-20,401.8
2013-11-21,247.888
2013-11-22,338.52
2013-11-23,215
2013-11-24,209.33
2013-11-25,211.83
2013-11-26,207.76
2013-11-27,222.38
2013-11-28,238.47
2013-11-29,268.16
2013-11-30,254.5
2013-12-01,212.46
2013-12-02,205.39
2013-12-03,199.78
2013-12-04,225.21
2013-12-05,280.22
2013-12-06,343.46
2013-12-07,234.2
2013-12-08,255
2013-12-09,398.27
2013-12-10,252.68
2013-12-11,221.84
2013-12-12,208.88
2013-12-13,206.54
2013-12-14,206.71
2013-12-15,230.249
2013-12-16,213.45
2013-12-17,212.52
2013-12-18,205.33
2013-12-19,205.9
2013-12-20,210.718
2013-12-21,196.52
2013-12-22,257.6
2013-12-23,262.7
2013-12-24,177.6
2013-12-25,195.168
2013-12-26,257.26
2013-12-27,171.22
2013-12-28,160.75
2013-12-29,357.73
2013-12-30,175.63
2013-12-31,205.9
2014-01-01,170.335
2014-01-02,185.83
2014-01-03,192.56
2014-01-04,184.19
2014-01-05,193.7
2014-01-06,231.25
2014-01-07,355.7
2014-01-08,273.68
2014-01-09,218.09
2014-01-10,203.59
2014-01-11,239.85
2014-01-12,214.58
2014-01-13,190.196
2014-01-14,187.82
2014-01-15,215.08
2014-01-16,285.71
2014-01-17,268.77
2014-01-18,215.94
2014-01-19,211.61
2014-01-20,204.97
2014-01-21,208.37
2014-01-22,197.25
2014-01-23,196.03
2014-01-24,205.55
2014-01-25,200.84
2014-01-26,207.21
2014-01-27,200.444
2014-01-28,207.706
2014-01-29,207.037
2014-01-30,209.55
2014-01-31,212.552
2014-02-01,245.69
2014-02-02,312.48
2014-02-03,227.11
2014-02-04,197.95
2014-02-05,203.93
2014-02-06,201.12
2014-02-07,205.39
2014-02-08,199.05
2014-02-09,225.32
2014-02-10,193.96
2014-02-11,198.83
2014-02-12,212.044
2014-02-13,224.891
2014-02-14,210.8
2014-02-15,201.84
2014-02-16,198.16
2014-02-17,205.124
2014-02-18,202.09
2014-02-19,203.888
2014-02-20,204.65
2014-02-21,249.1
2014-02-22,205.01
2014-02-23,202.94
2014-02-24,204.172
2014-02-25,199.11
2014-02-26,199.62
2014-02-27,200.84
2014-02-28,209.36
2014-03-01,201.38
2014-03-02,203.76
2014-03-03,207.75
2014-03-04,208.11
2014-03-05,216.51
2014-03-06,191.179
2014-03-07,203.03
2014-03-08,198.79
2014-03-09,188.71
2014-03-10,199.32
2014-03-11,187.862
2014-03-12,73.406
2014-03-13,55.471
2014-03-14,144.812
2014-03-15,197.834
2014-03-16,278
2014-03-17,197.06
2014-03-18,178.285
2014-03-19,233.807
2014-03-20,193.52
2014-03-21,184.005
2014-03-22,207.53
2014-03-23,184.54
2014-03-24,194.95
2014-03-25,260.593
2014-03-26,200.053
2014-03-27,196.993
2014-03-28,202.22
2014-03-29,192.08
2014-03-30,211.74
2014-03-31,68.761
2014-04-01,1.86
2014-04-02,0
2014-04-03,0.502
2014-04-04,4.91
2014-04-05,0
2014-04-06,0.533
2014-04-07,4.57
2014-04-08,10.1
2014-04-09,3.38
2014-04-10,0
2014-04-11,0
2014-04-12,0
2014-04-13,0
2014-04-14,96.134
2014-04-15,0
2014-04-16,2.91
2014-04-17,0.839
2014-04-18,6.018
2014-04-19,0
2014-04-20,0
2014-04-21,0
2014-04-22,5.55
2014-04-23,22.044
2014-04-24,0
2014-04-25,5.11
2014-04-26,2.26
2014-04-27,0.822
2014-04-28,3.7
2014-04-29,3.45
2014-04-30,2.41
2014-05-01,0.392
2014-05-02,152.754
2014-05-03,3.32
2014-05-04,0
2014-05-05,6.16
2014-05-06,1.06
2014-05-07,8.15
2014-05-08,2.05
2014-05-09,72.323
2014-05-10,0.912
2014-05-11,63.743
2014-05-12,45.325
2014-05-13,4.39
2014-05-14,1.93
2014-05-15,4.88
2014-05-16,1.731
2014-05-17,1.702
2014-05-18,137.246
2014-05-19,3.28
2014-05-20,5.44
2014-05-21,2.74
2014-05-22,5.56
2014-05-23,4.73
2014-05-24,0
2014-05-25,0.813
2014-05-26,3.09
2014-05-27,72.618
2014-05-28,218.088
2014-05-29,50.924
2014-05-30,0
2014-05-31,0
2014-06-01,0
2014-06-02,0.003
2014-06-03,0
2014-06-04,0
2014-06-05,4.378
2014-06-06,0
2014-06-07,0
2014-06-08,0
2014-06-09,0
2014-06-10,0
2014-06-11,4.52
2014-06-12,0
2014-06-13,4.528
2014-06-14,27.907
2014-06-15,0
2014-06-16,2.21
2014-06-17,4.02
2014-06-18,3.39
2014-06-19,4.82
2014-06-20,2.19
2014-06-21,3.61
2014-06-22,6.08
2014-06-23,3.72
2014-06-24,9.116
2014-06-25,185.755
2014-06-26,40.828
2014-06-27,6.06
2014-06-28,0.43
2014-06-29,0
2014-06-30,9.288
2014-07-01,11.341
2014-07-02,8.92
2014-07-03,5.04
2014-07-04,5.46
2014-07-05,5.86
2014-07-06,3.79
2014-07-07,9.114
2014-07-08,130.845
2014-07-09,158.53
2014-07-10,16.471
2014-07-11,42.441
2014-07-12,16.598
2014-07-13,54.691
2014-07-14,2.492
2014-07-15,1.06
2014-07-16,3.56
2014-07-17,0
2014-07-18,0
2014-07-19,0
2014-07-20,0
2014-07-21,0
2014-07-22,0.567
2014-07-23,4.72
2014-07-24,18.994
2014-07-25,105.792
2014-07-26,0
2014-07-27,0.149
2014-07-28,13.287
2014-07-29,105.9
2014-07-30,7.53
2014-07-31,5.25
2014-08-01,4.05
2014-08-02,0
2014-08-03,0
2014-08-04,0
2014-08-05,26.797
2014-08-06,2.24
2014-08-07,0
2014-08-08,0
2014-08-09,0.1
2014-08-10,0
2014-08-11,13.38
2014-08-12,1.02
2014-08-13,0
2014-08-14,5.495
2014-08-15,0
2014-08-16,10.375
2014-08-17,0
2014-08-18,0.49
2014-08-19,4.991
2014-08-20,3.54
2014-08-21,2.49
2014-08-22,5.391
2014-08-23,0
2014-08-24,0
2014-08-25,0
2014-08-26,0
2014-08-27,0
2014-08-28,0
2014-08-29,1.43
2014-08-30,0
2014-08-31,51.994
2014-09-01,13.005
2014-09-02,26.231
2014-09-03,0
2014-09-04,0
2014-09-05,3.58
2014-09-06,0
2014-09-07,0.669
2014-09-08,0.823
2014-09-09,1.73
2014-09-10,61.045
2014-09-11,2.601
2014-09-12,0.192
2014-09-13,0
2014-09-14,82.928
2014-09-15,0
2014-09-16,0
2014-09-17,0
2014-09-18,3.07
2014-09-19,0
2014-09-20,11.163
2014-09-21,0
2014-09-22,11.609
2014-09-23,1.57
2014-09-24,1.61
2014-09-25,1.08
2014-09-26,0.605
2014-09-27,2.76
2014-09-28,0
2014-09-29,2.92
2014-09-30,3.26
2014-10-01,179.973
2014-10-02,193.02
2014-10-03,175.98
2014-10-04,167.89
2014-10-05,182.69
2014-10-06,188.74
2014-10-07,197.26
2014-10-08,270.5
2014-10-09,223.937
2014-10-10,213.911
2014-10-11,328.337
2014-10-12,227.832
2014-10-13,211.408
2014-10-14,199.112
2014-10-15,196.539
2014-10-16,221.859
2014-10-17,196.011
2014-10-18,189.532
2014-10-19,192.224
2014-10-20,195.288
2014-10-21,217.034
2014-10-22,364.748
2014-10-23,211.751
2014-10-24,193.86
2014-10-25,183.429
2014-10-26,198.931
2014-10-27,198.306
2014-10-28,201.897
2014-10-29,194.95
2014-10-30,196.6
2014-10-31,192.978
2014-11-01,187.299
2014-11-02,190.616
2014-11-03,192.498
2014-11-04,193.639
2014-11-05,202.558
2014-11-06,197.141
2014-11-07,202.391
2014-11-08,197.904
2014-11-09,208.553
2014-11-10,196.901
2014-11-11,195.482
2014-11-12,203.264
2014-11-13,199.86
2014-11-14,205.222
2014-11-15,193.361
2014-11-16,196.338
2014-11-17,205.734
2014-11-18,197.973
2014-11-19,234.994
2014-11-20,200.447
2014-11-21,223.786
2014-11-22,222.241
2014-11-23,217.897
2014-11-24,271.463
2014-11-25,226.065
2014-11-26,219.598
2014-11-27,224.765
2014-11-28,221.682
2014-11-29,214.443
2014-11-30,218.687
2014-12-01,217.89
2014-12-02,215.29
2014-12-03,221.788
2014-12-04,222.498
2014-12-05,249.659
2014-12-06,220.042
2014-12-07,224.266
2014-12-08,264.307
2014-12-09,217.437
2014-12-10,255.709
2014-12-11,261.742
2014-12-12,279.371
2014-12-13,256.853
2014-12-14,219.53
2014-12-15,222.829
2014-12-16,198.603
2014-12-17,227.108
2014-12-18,255.076
2014-12-19,318.359
2014-12-20,315.482
2014-12-21,226.733
2014-12-22,250.443
2014-12-23,319.953
2014-12-24,280.196
2014-12-25,193.805
2014-12-26,186.609
2014-12-27,174.584
2014-12-28,167.36
2014-12-29,186.401
2014-12-30,197.682
2014-12-31,311.421
2015-01-01,195.682
2015-01-02,223.01
2015-01-03,201.313
2015-01-04,222.698
2015-01-05,260.983
2015-01-06,215.412
2015-01-07,213.577
2015-01-08,290.088
2015-01-09,431.916
2015-01-10,369.37
2015-01-11,256.344
2015-01-12,338.118
2015-01-13,218.067
2015-01-14,278.576
2015-01-15,274.651
2015-01-16,223.266
2015-01-17,302.495
2015-01-18,216.837
2015-01-19,222.159
2015-01-20,265.263
2015-01-21,218.12
2015-01-22,205.659
2015-01-23,211.135
2015-01-24,199.389
2015-01-25,199.149
2015-01-26,251.15
2015-01-27,314.58
2015-01-28,262.84
2015-01-29,317.06
2015-01-30,319.87
2015-01-31,283.35
2015-02-01,262.81
2015-02-02,211.64
2015-02-03,240.083
2015-02-04,214.27
2015-02-05,214.04
2015-02-06,213.093
2015-02-07,207.12
2015-02-08,226.85
2015-02-09,254.4
2015-02-10,213.929
2015-02-11,215.596
2015-02-12,214.821
2015-02-13,225.193
2015-02-14,225.711
2015-02-15,223.666
2015-02-16,231.8
2015-02-17,236.24
2015-02-18,240.24
2015-02-19,233.88
2015-02-20,242.899
2015-02-21,242.33
2015-02-22,234.55
2015-02-23,279.38
2015-02-24,232.85
2015-02-25,227.34
2015-02-26,223.88
2015-02-27,222.367
2015-02-28,219.491
2015-03-01,276.43
2015-03-02,268.58
2015-03-03,310.07
2015-03-04,296.86
2015-03-05,258.03
2015-03-06,221.61
2015-03-07,215.1
2015-03-08,212.01
2015-03-09,232.81
2015-03-10,233.29
2015-03-11,222.278
2015-03-12,227.377
2015-03-13,239.35
2015-03-14,226.91
2015-03-15,235.72
2015-03-16,233.79
2015-03-17,214.597
2015-03-18,232.81
2015-03-19,235.952
2015-03-20,230.525
2015-03-21,271.255
2015-03-22,254.821
2015-03-23,230.024
2015-03-24,232.233
2015-03-25,238.859
2015-03-26,238.628
2015-03-27,261.425
2015-03-28,233.61
2015-03-29,271.256
2015-03-30,313.404
2015-03-31,255.949
2015-04-01,9.089
2015-04-02,23.496
2015-04-03,0
2015-04-04,0
2015-04-05,0
2015-04-06,0
2015-04-07,3.94
2015-04-08,6.29
2015-04-09,5.17
2015-04-10,6.03
2015-04-11,4.5
2015-04-12,0
2015-04-13,1.42
2015-04-14,4.85
2015-04-15,2.44
2015-04-16,0
2015-04-17,0
2015-04-18,0
2015-04-19,0
2015-04-20,0
2015-04-21,0.117
2015-04-22,0
2015-04-23,0
2015-04-24,0
2015-04-25,0
2015-04-26,0
2015-04-27,40.393
2015-04-28,21.24
2015-04-29,0
2015-04-30,25.67
2015-05-01,35.679
2015-05-02,0
2015-05-03,0.057
2015-05-04,56.077
2015-05-05,0
2015-05-06,0
2015-05-07,0
2015-05-08,1.97
2015-05-09,0
2015-05-10,0
2015-05-11,0
2015-05-12,21.808
2015-05-13,0.161
2015-05-14,0
2015-05-15,0
2015-05-16,0
2015-05-17,0
2015-05-18,1.54
2015-05-19,2.2
2015-05-20,1.22
2015-05-21,1.88
2015-05-22,1.16
2015-05-23,0
2015-05-24,0
2015-05-25,2.31
2015-05-26,1.09
2015-05-27,1.25
2015-05-28,3.85
2015-05-29,3.89
2015-05-30,10.4
2015-05-31,2.46
2015-06-01,25.932
2015-06-02,2.95
2015-06-03,4.89
2015-06-04,4.47
2015-06-05,5.87
2015-06-06,7.5
2015-06-07,0
2015-06-08,0
2015-06-09,5.79
2015-06-10,6.43
2015-06-11,11.05
2015-06-12,0
2015-06-13,76.277
2015-06-14,15.066
2015-06-15,0
2015-06-16,0.47
2015-06-17,0
2015-06-18,0.72
2015-06-19,0.222
2015-06-20,1.71
2015-06-21,0.416
2015-06-22,30.998
2015-06-23,99.708
2015-06-24,6.26
2015-06-25,0
2015-06-26,16.244
2015-06-27,37.752
2015-06-28,0
2015-06-29,0
2015-06-30,3.22
2015-07-01,3.47
2015-07-02,3.36
2015-07-03,4.48
2015-07-04,3.9
2015-07-05,5.61
2015-07-06,66.422
2015-07-07,12.153
2015-07-08,15.717
2015-07-09,39.584
2015-07-10,2.83
2015-07-11,0
2015-07-12,0
2015-07-13,56.581
2015-07-14,120.805
2015-07-15,3.46
2015-07-16,1.38
2015-07-17,3.47
2015-07-18,0
2015-07-19,86.834
2015-07-20,3.08
2015-07-21,13.876
2015-07-22,2.03
2015-07-23,97.868
2015-07-24,0
2015-07-25,0
2015-07-26,0
2015-07-27,16.478
2015-07-28,0
2015-07-29,4.82
2015-07-30,0
2015-07-31,0
2015-08-01,0
2015-08-02,0
2015-08-03,0
2015-08-04,0
2015-08-05,6.3
2015-08-06,0
2015-08-07,0
2015-08-08,0
2015-08-09,0
2015-08-10,0
2015-08-11,0
2015-08-12,2.89
2015-08-13,0
2015-08-14,0
2015-08-15,0
2015-08-16,32.647
2015-08-17,17.063
2015-08-18,0
2015-08-19,0
2015-08-20,0
2015-08-21,0
2015-08-22,0
2015-08-23,0
2015-08-24,17.446
2015-08-25,80.667
2015-08-26,4.89
2015-08-27,0
2015-08-28,103.809
2015-08-29,0
2015-08-30,0
2015-08-31,0
2015-09-01,37.169
2015-09-02,0.568
2015-09-03,0
2015-09-04,0
2015-09-05,0.614
2015-09-06,65.413
2015-09-07,0
2015-09-08,0
2015-09-09,7.48
2015-09-10,47.805
2015-09-11,22.106
2015-09-12,6.28
2015-09-13,2.85
2015-09-14,55.146
2015-09-15,0
2015-09-16,7.661
2015-09-17,25.09
2015-09-18,11.226
2015-09-19,2.64
2015-09-20,7.14
2015-09-21,0
2015-09-22,2.22
2015-09-23,8.06
2015-09-24,9.09
2015-09-25,8.3
2015-09-26,0
2015-09-27,0
2015-09-28,0
2015-09-29,0
2015-09-30,0
2015-10-01,189.195
2015-10-02,202.47
2015-10-03,187.39
2015-10-04,188.3
2015-10-05,184.885
2015-10-06,199.68
2015-10-07,218.92
2015-10-08,482.3
2015-10-09,253.76
2015-10-10,200.82
2015-10-11,208.43
2015-10-12,205.18
2015-10-13,200.79
2015-10-14,319.801
2015-10-15,313.1
2015-10-16,416.4
2015-10-17,340.3
2015-10-18,211.72
2015-10-19,287.6
2015-10-20,236.05
2015-10-21,207.556
2015-10-22,202.64
2015-10-23,203.21
2015-10-24,180.95
2015-10-25,185.23
2015-10-26,190.35
2015-10-27,190.49
2015-10-28,201.35
2015-10-29,202.67
2015-10-30,201.59
2015-10-31,203.96
2015-11-01,230.26
2015-11-02,220.4
2015-11-03,218.97
2015-11-04,211.772
2015-11-05,224.55
2015-11-06,233.85
2015-11-07,277.8
2015-11-08,234.04
2015-11-09,253.83
2015-11-10,235.48
2015-11-11,228.604
2015-11-12,229.94
2015-11-13,252.62
2015-11-14,251.4
2015-11-15,426.9
2015-11-16,430.1
2015-11-17,298
2015-11-18,325.7
2015-11-19,266.4
2015-11-20,245.73
2015-11-21,261.98
2015-11-22,256.37
2015-11-23,252.16
2015-11-24,225.25
2015-11-25,233.4
2015-11-26,223.18
2015-11-27,219.9
2015-11-28,259.3
2015-11-29,288.9
2015-11-30,376.3
2015-12-01,365.5
2015-12-02,283.31
2015-12-03,210.14
2015-12-04,223.62
2015-12-05,214.55
2015-12-06,205.69
2015-12-07,209.06
2015-12-08,214.84
2015-12-09,224.18
2015-12-10,211.64
2015-12-11,217.29
2015-12-12,283.2
2015-12-13,384.7
2015-12-14,218.86
2015-12-15,211.21
2015-12-16,211.47
2015-12-17,228.68
2015-12-18,255.8
2015-12-19,200.82
2015-12-20,203.28
2015-12-21,264.6
2015-12-22,201.91
2015-12-23,188.71
2015-12-24,181.14
2015-12-25,152.72
2015-12-26,136.46
2015-12-27,144.87
2015-12-28,174.84
2015-12-29,171.45
2015-12-30,182.06
2015-12-31,204.47
2016-01-01,188.95
2016-01-02,171.24
2016-01-03,195.82
2016-01-04,196.8
2016-01-05,196.26
2016-01-06,189.2
2016-01-07,183.22
2016-01-08,328.45
2016-01-09,227.59
2016-01-10,263.99
2016-01-11,254.04
2016-01-12,390
2016-01-13,257.72
2016-01-14,228.16
2016-01-15,217.75
2016-01-16,209.2
2016-01-17,233.72
2016-01-18,206.98
2016-01-19,207.27
2016-01-20,210.93
2016-01-21,218.21
2016-01-22,222.1
2016-01-23,266.2
2016-01-24,284.28
2016-01-25,288.6
2016-01-26,216.4
2016-01-27,232.82
2016-01-28,231.17
2016-01-29,214.44
2016-01-30,309.22
2016-01-31,214.92
2016-02-01,248.41
2016-02-02,276.59
2016-02-03,224.29
2016-02-04,257.29
2016-02-05,226.46
2016-02-06,213.33
2016-02-07,223.85
2016-02-08,239.15
2016-02-09,275.36
2016-02-10,238.24
2016-02-11,264.4
2016-02-12,229.74
2016-02-13,223.08
2016-02-14,232.52
2016-02-15,210.9
2016-02-16,212.43
2016-02-17,228.58
2016-02-18,225.21
2016-02-19,221.97
2016-02-20,251.35
2016-02-21,415.2
2016-02-22,461.6
2016-02-23,229.824
2016-02-24,222.03
2016-02-25,241.65
2016-02-26,231.2
2016-02-27,221.34
2016-02-28,226.03
2016-02-29,213.37
2016-03-01,219.93
2016-03-02,228.74
2016-03-03,225.18
2016-03-04,227.17
2016-03-05,218.19
2016-03-06,334.3
2016-03-07,227.32
2016-03-08,214.02
2016-03-09,223.69
2016-03-10,224.95
2016-03-11,233.75
2016-03-12,224.16
2016-03-13,223.8
2016-03-14,223.3
2016-03-15,204.591
2016-03-16,218.97
2016-03-17,228.76
2016-03-18,237.49
2016-03-19,232.51
2016-03-20,220.41
2016-03-21,239.95
2016-03-22,207.548
2016-03-23,164.519
2016-03-24,199.879
2016-03-25,284.1
2016-03-26,201.26
2016-03-27,170.3
2016-03-28,185.93
2016-03-29,326.294
2016-03-30,242.101
2016-03-31,51.738
2016-04-01,5.38
2016-04-02,5.54
2016-04-03,6.14
2016-04-04,0
2016-04-05,0
2016-04-06,5.58
2016-04-07,0.193
2016-04-08,3.02
2016-04-09,5.06
2016-04-10,1.94
2016-04-11,0
2016-04-12,2.43
2016-04-13,2.23
2016-04-14,110.371
2016-04-15,65.287
2016-04-16,10.91
2016-04-17,4.69
2016-04-18,1.57
2016-04-19,0
2016-04-20,2.13
2016-04-21,5.58
2016-04-22,5.09
2016-04-23,3.37
2016-04-24,1.04
2016-04-25,6.77
2016-04-26,42.147
2016-04-27,16.439
2016-04-28,4.83
2016-04-29,1.5
2016-04-30,4.04
2016-05-01,3.58
2016-05-02,5.91
2016-05-03,0
2016-05-04,4.601
2016-05-05,3.33
2016-05-06,3.3
2016-05-07,0
2016-05-08,0
2016-05-09,1.94
2016-05-10,0
2016-05-11,4.14
2016-05-12,11
2016-05-13,4.798
2016-05-14,0
2016-05-15,0
2016-05-16,0
2016-05-17,0
2016-05-18,3.53
2016-05-19,6.78
2016-05-20,3.44
2016-05-21,0
2016-05-22,0
2016-05-23,7.61
2016-05-24,95.213
2016-05-25,46.259
2016-05-26,4.28
2016-05-27,7.79
2016-05-28,5.6
2016-05-29,4.78
2016-05-30,59.283
2016-05-31,85.881
2016-06-01,173.416
2016-06-02,50.231
2016-06-03,7.86
2016-06-04,23.373
2016-06-05,68.136
2016-06-06,0.564
2016-06-07,4.48
2016-06-08,4.68
2016-06-09,4.71
2016-06-10,5.83
2016-06-11,5.4
2016-06-12,2.12
2016-06-13,6.753
2016-06-14,21.455
2016-06-15,87.426
2016-06-16,19.561
2016-06-17,203.855
2016-06-18,6.82
2016-06-19,4.28
2016-06-20,4.25
2016-06-21,8.03
2016-06-22,5.21
2016-06-23,8.28
2016-06-24,5.02
2016-06-25,0
2016-06-26,0
2016-06-27,0
2016-06-28,0
2016-06-29,1.45
2016-06-30,5.71
2016-07-01,0
2016-07-02,16.613
2016-07-03,0
2016-07-04,0
2016-07-05,11.48
2016-07-06,13.955
2016-07-07,7.37
2016-07-08,24.091
2016-07-09,6.51
2016-07-10,2.52
2016-07-11,2.03
2016-07-12,8.04
2016-07-13,97.085
2016-07-14,10.644
2016-07-15,5.08
2016-07-16,7.38
2016-07-17,28.473
2016-07-18,7.53
2016-07-19,2.47
2016-07-20,12.2
2016-07-21,11.303
2016-07-22,5.88
2016-07-23,0
2016-07-24,2.85
2016-07-25,8.86
2016-07-26,0
2016-07-27,42.48
2016-07-28,7.07
2016-07-29,12.575
2016-07-30,0
2016-07-31,26.969
2016-08-01,24.595
2016-08-02,71.363
2016-08-03,0
2016-08-04,19.696
2016-08-05,118.627
2016-08-06,50.603
2016-08-07,0
2016-08-08,0
2016-08-09,0
2016-08-10,2.07
2016-08-11,0
2016-08-12,0
2016-08-13,1.66
2016-08-14,0
2016-08-15,0
2016-08-16,0
2016-08-17,1.23
2016-08-18,2.29
2016-08-19,0
2016-08-20,101.355
2016-08-21,116.672
2016-08-22,0.547
2016-08-23,0
2016-08-24,0
2016-08-25,0
2016-08-26,0
2016-08-27,0
2016-08-28,0
2016-08-29,1.14
2016-08-30,0
2016-08-31,0
2016-09-01,0
2016-09-02,0
2016-09-03,0
2016-09-04,40.549
2016-09-05,46.362
2016-09-06,3.08
2016-09-07,3.91
2016-09-08,3.44
2016-09-09,4.59
2016-09-10,2.21
2016-09-11,1.11
2016-09-12,2.92
2016-09-13,2.44
2016-09-14,1.96
2016-09-15,4.25
2016-09-16,2.21
2016-09-17,67.233
2016-09-18,0
2016-09-19,0
2016-09-20,0
2016-09-21,2.69
2016-09-22,5.98
2016-09-23,3.56
2016-09-24,3.35
2016-09-25,0
2016-09-26,1.19
2016-09-27,0
2016-09-28,0.406
2016-09-29,0
2016-09-30,24
2016-10-01,231.621
2016-10-02,246.916
2016-10-03,207.013
2016-10-04,246.262
2016-10-05,275.989
2017-04-01,NA
2017-04-02,NA
2017-04-03,NA
2017-04-04,NA
2017-04-05,NA
2017-04-06,NA
2017-04-07,NA
2017-04-08,NA
2017-04-09,NA
2017-04-10,NA
2017-04-11,NA
2017-04-12,NA
2017-04-13,NA
2017-04-14,NA
2017-04-15,NA
2017-04-16,NA
2017-04-17,NA
2017-04-18,NA
2017-04-19,NA
2017-04-20,NA
2017-04-21,NA
2017-04-22,NA
2017-04-23,NA
2017-04-24,NA
2017-04-25,NA
2017-04-26,NA
2017-04-27,NA
2017-04-28,NA
2017-04-29,NA
2017-04-30,NA
2017-05-01,5.6
2017-05-02,28.24
2017-05-03,4.96
2017-05-04,87.48
2017-05-05,7.71
2017-05-06,7.33
2017-05-07,8.01
2017-05-08,26.47
2017-05-09,3.54
2017-05-10,5.08
2017-05-11,2.79
2017-05-12,7.85
2017-05-13,1.22
2017-05-14,0.99
2017-05-15,3.61
2017-05-16,1
2017-05-17,3.04
2017-05-18,2.63
2017-05-19,9.57
2017-05-20,8.56
2017-05-21,7.72
2017-05-22,7.74
2017-05-23,35.12
2017-05-24,26.95
2017-05-25,2.22
2017-05-26,6.26
2017-05-27,7.46
2017-05-28,3.83
2017-05-29,4.17
2017-05-30,94.23
2017-05-31,14.26
2017-06-01,8.02
2017-06-02,6.3
2017-06-03,26.48
2017-06-04,108.76
2017-06-05,52.14
2017-06-06,80.34
2017-06-07,58.58
2017-06-08,2.25
2017-06-09,10.16
2017-06-10,1.73
2017-06-11,2.65
2017-06-12,7.94
2017-06-13,1.03
2017-06-14,4.05
2017-06-15,0.96
2017-06-16,74.76
2017-06-17,2.21
2017-06-18,1.06
2017-06-19,5.3
2017-06-20,2.17
2017-06-21,7.33
2017-06-22,72.5
2017-06-23,179.71
2017-06-24,2.85
2017-06-25,46.34
2017-06-26,109.07
2017-06-27,7.48
2017-06-28,21.24
2017-06-29,141.54
2017-06-30,265.18
2017-07-01,158.6
2017-07-02,55.95
2017-07-03,12.42
2017-07-04,6.99
2017-07-05,12.49
2017-07-06,12.1
2017-07-07,78.16
2017-07-08,28.23
2017-07-09,2.05
2017-07-10,121.44
2017-07-11,35.99
2017-07-12,81
2017-07-13,24.73
2017-07-14,10.09
2017-07-14,10.09
2017-07-15,40.31
2017-07-15,40.31
2017-07-16,9.63
2017-07-16,9.63
2017-07-17,25.41
2017-07-17,25.41
2017-07-18,12.2
2017-07-18,12.2
2017-07-19,9.93
2017-07-19,9.93
2017-07-20,82.18
2017-07-21,9.96
2017-07-22,105.04
2017-07-23,164.63
2017-07-24,16.05
2017-07-25,276.54
2017-07-26,182.65
2017-07-27,53.08
2017-07-28,9.72
2017-07-29,5.33
2017-07-30,25.33
2017-07-31,3.86
2017-08-01,61.99
2017-08-02,9.68
2017-08-03,68.19
2017-08-04,19.2
2017-08-05,2.69
2017-08-06,1.03
2017-08-07,5.49
2017-08-08,8.07
2017-08-09,9.18
2017-08-10,25.26
2017-08-11,123.74
2017-08-12,31.71
2017-08-13,1.41
2017-08-14,0.97
2017-08-15,4.07
2017-08-16,94.5
2017-08-17,25.04
2017-08-18,40.87
2017-08-19,55.26
2017-08-20,1.16
2017-08-21,8.54
2017-08-22,1.13
2017-08-23,4.97
2017-08-24,10.59
2017-08-25,7.01
2017-08-26,6.62
2017-08-27,4.49
2017-08-28,4.14
2017-08-29,4.15
2017-08-30,5.72
2017-08-31,66.4
2017-09-01,8.99
2017-09-02,9.62
2017-09-03,45.87
2017-09-04,6.91
2017-09-05,7.08
2017-09-06,109.08
2017-09-07,9.09
2017-09-08,6.34
2017-09-09,29.73
2017-09-10,7.02
2017-09-11,9.42
2017-09-12,11.88
2017-09-13,73.47
2017-09-14,69.58
2017-09-15,19.58
2017-09-16,10.03
2017-09-17,7.31
2017-09-18,8.95
2017-09-19,NA
2017-09-20,NA
2017-09-21,NA
2017-09-22,NA
2017-09-23,NA
2017-09-24,NA
2017-09-25,NA
2017-09-26,NA
2017-09-27,NA
2017-09-28,NA
2017-09-29,NA
2017-09-30,NA
2017-10-01,NA
2017-10-02,NA
2017-10-03,NA
2017-10-04,NA
2017-10-05,NA
2017-10-06,NA
2017-10-07,NA
2017-10-08,NA
2017-10-09,NA
2017-10-10,NA
2017-10-11,NA
2017-10-12,NA
2017-10-13,NA
2017-10-14,NA
2017-10-15,NA
2017-10-16,NA
2017-10-17,NA
2017-06-22,72.5
2017-06-23,179.71
2017-06-24,4.08
2017-06-25,NA
2017-06-26,109.07
2017-06-27,7.48
2017-06-28,21.13
2017-06-29,141.49
2017-06-30,265.18
2017-07-01,158.54
2017-07-02,55.87
2017-07-03,12.42
2017-07-04,6.85
2017-07-05,11.43
2017-07-06,11.98
2017-07-07,78.13
2017-07-08,28.23
2017-07-09,2.04
2017-07-10,121.44
2017-07-11,35.99
2017-07-12,80.87
2017-07-13,24.52
2017-07-14,10.04
2017-07-15,40.28
2017-07-16,9.55
2017-07-17,25.33
2017-07-18,12.2
2017-07-19,9.93
2017-07-20,82.12
2017-07-21,9.96
2017-07-22,105.04
2017-07-23,164.63
2017-07-24,16.05
2017-07-25,276.54
2017-07-26,182.65
2017-07-27,53.02
2017-07-28,9.71
2017-07-29,5.33
2017-07-30,25.33
2017-07-31,3.86
2017-08-01,61.99
2017-08-02,9.68
2017-08-03,68.19
2017-08-04,19.2
2017-08-05,2.7
2017-08-06,1.03
2017-08-07,5.49
2017-08-08,8.05
2017-08-09,9.17
2017-08-10,25.26
2017-08-11,165.21
2017-08-12,NA
2017-08-13,NA
2017-08-14,0.97
2017-08-15,4.07
2017-08-16,94.48
2017-08-17,24.89
2017-08-18,40.69
2017-08-19,55.23
2017-08-20,1.16
2017-08-21,8.54
2017-08-22,1.12
2017-08-23,4.89
2017-08-24,10.55
2017-08-25,6.98
2017-08-26,6.63
2017-08-27,4.48
2017-08-28,4.14
2017-08-29,4.14
2017-08-30,5.71
2017-08-31,66.37
2017-09-01,8.98
2017-09-02,9.63
2017-09-03,45.79
2017-09-04,6.9
2017-09-05,7.07
2017-09-06,109.07
2017-09-07,8.96
2017-09-08,6.28
2017-09-09,29.73
2017-09-10,6.99
2017-09-11,9.38
2017-09-12,11.67
2017-09-13,73.47
2017-09-14,69.55
2017-09-15,19.26
2017-09-16,9.96
2017-09-17,7.31
2017-09-18,8.94
2017-09-19,5.94
2017-09-20,10.77
2017-09-21,1.1
2017-09-22,7.2
2017-09-23,51.91
2017-09-24,150.56
2017-09-25,26.37
2017-09-26,7.45
2017-09-27,9.07
2017-09-28,3.88
2017-09-29,5.67
2017-09-30,9.47
2017-10-01,208.75
2017-10-02,301.5
2017-10-03,294.73
2017-10-04,216.29
2017-10-05,253.42
2017-10-06,294.89
2017-10-07,274.54
2017-10-08,374.01
2017-10-09,265.38
2017-10-10,281.99
2017-10-11,243.87
2017-10-12,236.04
2017-10-13,237.7
2017-10-14,227.59
2017-10-15,236.93
2017-10-16,24.58
2017-10-17,-150.4
2017-10-18,-150.43
2017-10-19,-150.43
2017-10-20,-150.41
2017-10-21,-150.43
2017-10-22,-150.41
2017-10-23,-150.44
2017-10-24,-150.42
2017-10-25,-150.45
2017-10-26,-150.43
2017-10-27,-150.45
2017-10-28,-150.47
2017-10-29,-150.47
2017-10-30,-150.48
2017-10-31,-150.5
2017-11-01,-150.45
2017-11-02,-150.46
2017-11-03,-150.46
2017-11-04,-150.46
2017-11-05,-150.45
2017-11-06,25.04
2017-11-07,230.79
2017-11-08,235.23
2017-11-09,231.97
2017-11-10,285.33
2017-11-11,226.06
2017-11-12,225.62
2017-11-13,249.54
2017-11-14,215.45
2017-11-15,235.37
2017-11-16,230.38
2017-11-17,231.78
2017-11-18,254.11
2017-11-19,279.85
2017-11-20,278.32
2017-11-21,261.65
2017-11-22,291.02
2017-11-23,226.03
2017-11-24,234.67
2017-11-25,374.66
2017-11-26,281.66
2017-11-27,294.17
2017-11-28,277.88
2017-11-29,231.51
2017-11-30,225.68
2017-12-01,232.25
2017-12-02,224.74
2017-12-03,238.86
2017-12-04,272.4
2017-12-05,260.81
2017-12-06,225.15
2017-12-07,243.25
2017-12-08,296.4
2017-12-09,271.56
2017-12-10,264.33
2017-12-11,377.1
2017-12-12,304.65
2017-12-13,260.52
2017-12-14,396.3
2017-12-15,269.83
2017-12-16,228.91
2017-12-17,261.76
2017-12-18,235.44
2017-12-19,233.51
2017-12-20,239.48
2017-12-21,268.85
2017-12-22,220.24
2017-12-23,216.88
2017-12-24,200.84
2017-12-25,174.99
2017-12-26,184.84
2017-12-27,208.74
2017-12-28,209.79
2017-12-29,205.43
2017-12-30,255.72
2017-12-31,259.06
2018-01-01,206.75
2018-01-02,309.62
2018-01-03,404.25
2018-01-04,339.02
2018-01-05,252.54
2018-01-06,223.4
2018-01-07,229.63
2018-01-08,227.82
2018-01-09,233.46
2018-01-10,201.6
2018-01-11,300.84
2018-01-12,221.14
2018-01-13,220.61
2018-01-14,229.78
2018-01-15,231.56
2018-01-16,369.58
2018-01-17,319.26
2018-01-18,353.6
2018-01-19,285.54
2018-01-20,226.19
2018-01-21,236.09
2018-01-22,243.13
2018-01-23,234.14
2018-01-24,262.77
2018-01-25,274.45
2018-01-26,409.52
2018-01-27,224.1
2018-01-28,255.7
2018-01-29,299.07
2018-01-30,273.45
2018-01-31,309.21
2018-02-01,319.41
2018-02-02,235.88
2018-02-03,240.87
2018-02-04,222.03
2018-02-05,221.15
2018-02-06,236.9
2018-02-07,232.21
2018-02-08,230.61
2018-02-09,230.65
2018-02-10,228.26
2018-02-11,271.1
2018-02-12,248.5
2018-02-13,234.03
2018-02-14,233.89
2018-02-15,243.4
2018-02-16,255.36
2018-02-17,246.36
2018-02-18,250.15
2018-02-19,243.51
2018-02-20,244.11
2018-02-21,251.35
2018-02-22,239.63
2018-02-23,233.87
2018-02-24,234.01
2018-02-25,238.44
2018-02-26,231.51
2018-02-27,225.99
2018-02-28,229.45
2018-03-01,234.11
2018-03-02,232.68
2018-03-03,234.48
2018-03-04,245.68
2018-03-05,238.05
2018-03-06,278
2018-03-07,335.07
2018-03-08,271.94
2018-03-09,351.08
2018-03-10,253.97
2018-03-11,253.7
2018-03-12,318.78
2018-03-13,359.94
2018-03-14,276.36
2018-03-15,236.22
2018-03-16,233.89
2018-03-17,234.12
2018-03-18,244.76
2018-03-19,248.77
2018-03-20,240.78
2018-03-21,240.88
2018-03-22,322.52
2018-03-23,276.62
2018-03-24,238.99
2018-03-25,243.79
2018-03-26,249.45
2018-03-27,247.48
2018-03-28,282.48
2018-03-29,312.56
2018-03-30,169.61
2018-03-31,190.96
2018-04-01,73.8
2018-04-02,1.57
2018-04-03,11.83
2018-04-04,18.74
2018-04-05,45.26
2018-04-06,7.76
2018-04-07,7.02
2018-04-08,11.31
2018-04-09,8.36
2018-04-10,9.79
2018-04-11,11.41
2018-04-12,25.75
2018-04-13,75
2018-04-14,213.06
2018-04-15,23.27
2018-04-16,46.41
2018-04-17,7.37
2018-04-18,6.15
2018-04-19,13.04
2018-04-20,1.08
2018-04-21,NA
2018-04-22,NA
2018-04-23,4.77
2018-04-24,10.3
2018-04-25,48.84
2018-04-26,88.6
2018-04-27,21.71
2018-04-28,9.95
2018-04-29,7.39
2018-04-30,7.56
2018-05-01,10.62
2018-05-02,9.58
2018-05-03,11.45
2018-05-04,11.42
2018-05-05,3.9
2018-05-06,4.99
2018-05-07,5.16
2018-05-08,9.86
2018-05-09,7.63
2018-05-10,30.54
2018-05-11,10.54
2018-05-12,3.09
2018-05-13,1.05
2018-05-14,6.9
2018-05-15,69.36
2018-05-16,41.18
2018-05-17,1.03
2018-05-18,8.97
2018-05-19,4.03
2018-05-20,1.04
2018-05-21,0.98
2018-05-22,7.97
2018-05-23,7.43
2018-05-24,9.8
2018-05-25,12
2018-05-26,1.26
2018-05-27,NA
2018-05-28,12.97
2018-05-29,6.98
2018-05-30,64.41
2018-05-31,11.22
2018-06-01,50.8
2018-06-02,96.42
2018-06-03,4.55
2018-06-04,5.88
2018-06-05,0.98
2018-06-06,4.96
2018-06-07,3.48
2018-06-08,5.96
2018-06-09,1.05
2018-06-10,61.48
2018-06-11,6.22
2018-06-12,2.66
2018-06-13,10.24
2018-06-14,0.98
2018-06-15,9.29
2018-06-16,4.03
2018-06-17,1.24
2018-06-18,8.22
2018-06-19,5.93
2018-06-20,5.8
2018-06-21,31.38
2018-06-22,22.51
2018-06-23,37.62
2018-06-24,88.93
2018-06-25,9.67
2018-06-26,0.99
2018-06-27,6.55
2018-06-28,0.95
2018-06-29,0.96
2018-06-30,0.99
2018-07-01,1.01
2018-07-02,1.25
2018-07-03,3.31
2018-07-04,1.9
2018-07-05,0.86
2018-07-06,2.67
2018-07-07,5.31
2018-07-08,6.8
2018-07-09,1.95
2018-07-10,1.31
2018-07-11,106.89
2018-07-12,228.1
2018-07-13,17.36
2018-07-14,0.96
2018-07-15,1.36
2018-07-16,0.91
2018-07-17,0.91
2018-07-18,2.85
2018-07-19,0.93
2018-07-20,3.8
2018-07-21,0.93
2018-07-22,1.02
2018-07-23,0.99
2018-07-24,0.99
2018-07-25,2.69
2018-07-26,0.95
2018-07-27,0.98
2018-07-28,24.01
2018-07-29,4.99
2018-07-30,0.92
2018-07-31,0.83
2018-08-01,2.61
2018-08-02,0.86
2018-08-03,0.89
2018-08-04,0.89
2018-08-05,0.88
2018-08-06,0.9
2018-08-07,0.89
2018-08-08,0.96
2018-08-09,4.44
2018-08-10,11.25
2018-08-11,0.99
2018-08-12,1.04
2018-08-13,2.63
2018-08-14,0.95
2018-08-15,7.47
2018-08-16,1.02
2018-08-17,1.29
2018-08-18,5.76
2018-08-19,6.52
2018-08-20,8.63
2018-08-21,5.92
2018-08-22,8.33
2018-08-23,6.29
2018-08-24,7.98
2018-08-25,5.53
2018-08-26,0.99
2018-08-27,6.56
2018-08-28,0.98
2018-08-29,7.24
2018-08-30,1
2018-08-31,8.11
2018-09-01,1.04
2018-09-02,5.6
2018-09-03,8.12
2018-09-04,0.91
2018-09-05,3.09
2018-09-06,4.04
2018-09-07,3.8
2018-09-08,7.4
2018-09-09,0.95
2018-09-10,2.17
2018-09-11,7.02
2018-09-12,7
2018-09-13,2.96
2018-09-14,8.69
2018-09-15,1.02
2018-09-16,NA
2018-09-17,13.5
2018-09-18,10.68
2018-09-19,6.24
2018-09-20,7.4
2018-09-21,13.71
2018-09-22,10.79
2018-09-23,89.46
2018-09-24,75.85
2018-09-25,1.07
2018-09-26,1.11
2018-09-27,NA
2018-09-28,9.78
2018-09-29,7.22
2018-09-30,1.07
2018-10-01,209.64
2018-10-02,219.5
2018-10-03,220.35
2018-10-04,211.2
2018-10-05,210.61
2018-10-06,199.08
2018-10-07,201.62
2018-10-08,205.85
2018-10-09,201.91
2018-10-10,184.49
2018-10-11,213.77
2018-10-12,215.09
2018-10-13,202.93
2018-10-14,203.52
2018-10-15,208.08
2018-10-16,211.66
2018-10-17,215.26
2018-10-18,207.76
2018-10-19,211.91
2018-10-20,197.05
2018-10-21,199.68
2018-10-22,225.49
2018-10-23,272.43
2018-10-24,251.81
2018-10-25,225.3
2018-10-26,188.88
2018-10-27,203.5
2018-10-28,212.84
2018-10-29,216.06
2018-10-30,207.23
2018-10-31,164.87
2018-11-01,213.96
2018-11-02,217.82
2018-11-03,211.22
2018-11-04,212.71
2018-11-05,220.04
2018-11-06,216.21
2018-11-07,218.38
2018-11-08,217.96
2018-11-09,218.5
2018-11-10,130.9
2018-11-11,NA
2018-11-12,NA
2018-11-13,324.91
2018-11-14,216.21
2018-11-15,213.04
2018-11-16,219.57
2018-11-17,217.73
2018-11-18,215.07
2018-11-19,221.97
2018-11-20,209.3
2018-11-21,217.96
2018-11-22,219.36
2018-11-23,214.94
2018-11-24,132.98
2018-11-25,NA
2018-11-26,NA
2018-11-27,NA
2018-11-28,NA
2018-11-29,227.31
2018-11-30,267.39
2018-12-01,221.85
2018-12-02,246.5
2018-12-03,267.2
2018-12-04,225.31
2018-12-05,200.46
2018-12-06,193.84
2018-12-07,305.1
2018-12-08,309.61
2018-12-09,318.3
2018-12-10,222.39
2018-12-11,281.2
2018-12-12,222.74
2018-12-13,224.05
2018-12-14,211.88
2018-12-15,214.54
2018-12-16,226.01
2018-12-17,221.43
2018-12-18,222.03
2018-12-19,212.41
2018-12-20,217.82
2018-12-21,306.22
2018-12-22,208.21
2018-12-23,NA
2018-12-24,NA
2018-12-25,NA
2018-12-26,NA
2018-12-27,NA
2019-01-01,NA
2019-01-02,215.37
2019-01-03,212.24
2019-01-04,226.62
2019-01-05,244.53
2019-01-06,215.58
2019-01-07,269.99
2019-01-08,443.92
2019-01-09,338.5
2019-01-10,236.95
2019-01-11,227.5
2019-01-12,262.33
2019-01-13,313.82
2019-01-14,216.71
2019-01-15,214.76
2019-01-16,248.79
2019-01-17,243.47
2019-01-18,227.91
2019-01-19,208.81
2019-01-20,216.5
2019-01-21,212.15
2019-01-22,212.71
2019-01-23,210.1
2019-01-24,210.14
2019-01-25,215.48
2019-01-26,290.27
2019-01-27,248.61
2019-01-28,275.62
2019-01-29,236.91
2019-01-30,226.3
2019-01-31,225.29
2019-02-01,216.4
2019-02-02,177.56
2019-02-03,NA
2019-02-04,207.89
2019-02-05,197.07
2019-02-06,201.12
2019-02-07,202.58
2019-02-08,209.76
2019-02-09,229.21
2019-02-10,319.44
2019-02-11,320.25
2019-02-12,219.82
2019-02-13,222.06
2019-02-14,221.4
2019-02-15,225.97
2019-02-16,217.12
2019-02-17,222.41
2019-02-18,214.17
2019-02-19,232.3
2019-02-20,118.24
2019-02-21,245.51
2019-02-22,233.08
2019-02-23,210.14
2019-02-24,214.07
2019-02-25,216.75
2019-02-26,213.18
2019-02-27,220.52
2019-02-28,210.5
2019-03-01,207.31
2019-03-02,127.25
2019-03-03,NA
2019-03-04,277.19
2019-03-05,232.44
2019-03-06,204.71
2019-03-07,246.13
2019-03-08,227.24
2019-03-09,288.16
2019-03-10,333.85
2019-03-11,385.05
2019-03-12,244.93
2019-03-13,229.74
2019-03-14,86.54
2019-03-15,0.06
2019-03-16,0.06
2019-03-17,0.06
2019-03-18,0.06
2019-03-19,0.05
2019-03-20,0.05
2019-03-21,0.05
2019-03-22,0.06
2019-03-23,0.04
2019-03-24,NA
2019-03-25,0.06
2019-03-26,0.06
2019-03-27,0.06
2019-03-28,0.06
2019-03-29,0.51
2019-03-30,3.29
2019-03-31,1.12
2019-04-01,2.86
2019-04-02,7.37
2019-04-03,9.45
2019-04-04,13
2019-04-05,7.13
2019-04-06,5.94
2019-04-07,8.18
2019-04-08,9.02
2019-04-09,5.92
2019-04-10,14.6
2019-04-11,5.46
2019-04-12,3.11
2019-04-13,6.24
2019-04-14,58.05
2019-04-15,11.04
2019-04-16,2.17
2019-04-17,5.27
2019-04-18,7.15
2019-04-19,6.63
2019-04-20,2.24
2019-04-21,0.98
2019-04-22,1.02
2019-04-23,7.37
2019-04-24,1
2019-04-25,9.95
2019-04-26,8.97
2019-04-27,27.79
2019-04-28,23.73
2019-04-29,47.94
2019-04-30,2.5
2019-05-01,7.77
2019-05-02,2.95
2019-05-03,12.67
2019-05-04,7.01
2019-05-05,7.18
2019-05-06,1.05
2019-05-07,1.04
2019-05-08,7.15
2019-05-09,8.33
2019-05-10,5.23
2019-05-11,9.25
2019-05-12,1.02
2019-05-13,3.77
2019-05-14,1.97
2019-05-15,5.86
2019-05-16,148.44
2019-05-17,9.66
2019-05-18,11.45
2019-05-19,9.8
2019-05-20,148.06
2019-05-21,130.72
2019-05-22,35.74
2019-05-23,3.74
2019-05-24,10.76
2019-05-25,1.01
2019-05-26,0.99
2019-05-27,1
2019-05-28,1
2019-05-29,1.4
2019-05-30,0.98
2019-05-31,26.64
2019-06-01,10.38
2019-06-02,1
2019-06-03,7.25
2019-06-04,2.45
2019-06-05,1.16
2019-06-06,85.24
2019-06-07,48.19
2019-06-08,0.94
2019-06-09,0.95
2019-06-10,75.65
2019-06-11,37.3
2019-06-12,241.7
2019-06-13,83.94
2019-06-14,12.82
2019-06-15,10.2
2019-06-16,9.57
2019-06-17,12.89
2019-06-18,16.21
2019-06-19,12.53
2019-06-20,20.59
2019-06-21,7.23
2019-06-22,6.11
2019-06-23,6.51
2019-06-24,7.91
2019-06-25,12.23
2019-06-26,8.27
2019-06-27,7.9
2019-06-28,3.18
2019-06-29,4.7
2019-06-30,1.12
2019-07-01,5.17
2019-07-02,4.18
2019-07-03,8.12
2019-07-04,5.72
2019-07-05,4.24
2019-07-06,35.47
2019-07-07,21.2
2019-07-08,11.48
2019-07-09,4.08
2019-07-10,3.49
2019-07-11,0.91
2019-07-12,34.14
2019-07-13,51.34
2019-07-14,2.97
2019-07-15,2.27
2019-07-16,2.27
2019-07-17,0.96
2019-07-18,0.87
2019-07-19,2.13
2019-07-20,5.2
2019-07-21,66.87
2019-07-22,1.97
2019-07-23,1.4
2019-07-24,3.41
2019-07-25,0.94
2019-07-26,0.97
2019-07-27,1
2019-07-28,0.99
2019-07-29,55.64
2019-07-30,10.07
2019-07-31,42.14
2019-08-01,82.98
2019-08-02,77.83
2019-08-03,33.45
2019-08-04,1.27
2019-08-05,1.37
2019-08-06,8.24
2019-08-07,28.43
2019-08-08,6.63
2019-08-09,6.17
2019-08-10,7.72
2019-08-11,4.79
2019-08-12,5.52
2019-08-13,2.71
2019-08-14,2
2019-08-15,4.25
2019-08-16,6.9
2019-08-17,1.1
2019-08-18,100.69
2019-08-19,25.3
2019-08-20,0.94
2019-08-21,5.08
2019-08-22,7.95
2019-08-23,6.34
2019-08-24,6.36
2019-08-25,1.56
2019-08-26,16.41
2019-08-27,4.61
2019-08-28,7.53
2019-08-29,0.95
2019-08-30,5.93
2019-08-31,7.18
2019-09-01,5.72
2019-09-02,0.92
2019-09-03,0.97
2019-09-04,6.34
2019-09-05,11.88
2019-09-06,4.61
2019-09-07,5.28
2019-09-08,3
2019-09-09,157.87
2019-09-10,41.38
2019-09-11,9.97
2019-09-12,4.82
2019-09-13,2.81
2019-09-14,0.97
2019-09-15,0.97
2019-09-16,3.53
2019-09-17,8.27
2019-09-18,5.11
2019-09-19,5.46
2019-09-20,1.02
2019-09-21,6.82
2019-09-22,4.74
2019-09-23,0.97
2019-09-24,0.99
2019-09-25,11.62
2019-09-26,8.24
2019-09-27,125.4
2019-09-28,109.9
2019-09-29,96.4
2019-09-30,92.94
2019-10-01,283.92
2019-10-02,325.51
2019-10-03,267.39
2019-10-04,261.12
2019-10-05,396.38
2019-10-06,191.21
2019-10-07,188.57
2019-10-08,214.72
2019-10-09,210.03
2019-10-10,261.01
2019-10-11,221.78
2019-10-12,199.21
2019-10-13,197.7
2019-10-14,200.59
2019-10-15,201.75
2019-10-16,299.78
2019-10-17,217.89
2019-10-18,238.46
2019-10-19,229.41
2019-10-20,215.79
2019-10-21,219.52
2019-10-22,214.25
2019-10-23,212.01
2019-10-24,209.48
2019-10-25,223.18
2019-10-26,213.93
2019-10-27,236.75
2019-10-28,243.55
2019-10-29,217.74
2019-10-30,220.74
2019-10-31,221.59
2019-11-01,228.98
2019-11-02,240.75
2019-11-03,261.33
2019-11-04,325.63
2019-11-05,224.03
2019-11-06,289.21
2019-11-07,220.96
2019-11-08,212.49
2019-11-09,231.66
2019-11-10,213.99
2019-11-11,207.66
2019-11-12,208.48
2019-11-13,211.84
2019-11-14,203.89
2019-11-15,118.18
2019-11-16,299.52
2019-11-17,223.94
2019-11-18,217.44
2019-11-19,208.37
2019-11-20,353.57
2019-11-21,258.64
2019-11-22,252.96
2019-11-23,207.09
2019-11-24,210.03
2019-11-25,207.21
2019-11-26,117.29
2019-11-27,NA
2019-11-28,NA
2019-11-29,NA
2019-11-30,NA
2019-12-01,NA
NA,NA
