datum;ka_essenkupferdreh
2014-01-01;26326.8
2014-01-02;34819.2
2014-01-03;31327.2
2014-01-04;32432.4
2014-01-05;37065.6
2014-01-06;28782
2014-01-07;29552.4
2014-01-08;30420
2014-01-09;35766
2014-01-10;22626
2014-01-11;26920.8
2014-01-12;21276
2014-01-13;20887.2
2014-01-14;21448.8
2014-01-15;20149.2
2014-01-16;25102.8
2014-01-17;19908
2014-01-18;17942.4
2014-01-19;16178.4
2014-01-20;16912.8
2014-01-21;17438.4
2014-01-22;17463.6
2014-01-23;16858.8
2014-01-24;28814.4
2014-01-25;19159.2
2014-01-26;45478.8
2014-01-27;58266
2014-01-28;30441.6
2014-01-29;26528.4
2014-01-30;23418
2014-01-31;21772.8
2014-02-01;45176.4
2014-02-02;22705.2
2014-02-03;21610.8
2014-02-04;21528
2014-02-05;20671.2
2014-02-06;24638.4
2014-02-07;44539.2
2014-02-08;40680
2014-02-09;23763.6
2014-02-10;22597.2
2014-02-11;22258.8
2014-02-12;30006
2014-02-13;37951.2
2014-02-14;32180.4
2014-02-15;25812
2014-02-16;26100
2014-02-17;21841.2
2014-02-18;20732.4
2014-02-19;24847.2
2014-02-20;23025.6
2014-02-21;38678.4
2014-02-22;21992.4
2014-02-23;19861.2
2014-02-24;20592
2014-02-25;19926
2014-02-26;22453.2
2014-02-27;27529.2
2014-02-28;24415.2
2014-03-01;18982.8
2014-03-02;17157.6
2014-03-03;18518.4
2014-03-04;17557.2
2014-03-05;17092.8
2014-03-06;16585.2
2014-03-07;17010
2014-03-08;16030.8
2014-03-09;15375.6
2014-03-10;15912
2014-03-11;15573.6
2014-03-12;15616.8
2014-03-13;14871.6
2014-03-14;15652.8
2014-03-15;17110.8
2014-03-16;14756.4
2014-03-17;14972.4
2014-03-18;15073.2
2014-03-19;29746.8
2014-03-20;14655.6
2014-03-21;18482.4
2014-03-22;24008.4
2014-03-23;14979.6
2014-03-24;19242
2014-03-25;15660
2014-03-26;17416.8
2014-03-27;16347.6
2014-03-28;14331.6
2014-03-29;13809.6
2014-03-30;13327.2
2014-03-31;14418
2014-04-01;14245.2
2014-04-02;13896
2014-04-03;13845.6
2014-04-04;14338.8
2014-04-05;13334.4
2014-04-06;12855.6
2014-04-07;13662
2014-04-08;32292
2014-04-09;15339.6
2014-04-10;13672.8
2014-04-11;13276.8
2014-04-12;13230
2014-04-13;12063.6
2014-04-14;15768
2014-04-15;13114.8
2014-04-16;14072.4
2014-04-17;12783.6
2014-04-18;17658
2014-04-19;11584.8
2014-04-20;10972.8
2014-04-21;12178.8
2014-04-22;12643.2
2014-04-23;12344.4
2014-04-24;14655.6
2014-04-25;13060.8
2014-04-26;15141.6
2014-04-27;46324.8
2014-04-28;15472.8
2014-04-29;34581.6
2014-04-30;15235.2
2014-05-01;13863.6
2014-05-02;54406.8
2014-05-03;17326.8
2014-05-04;14900.4
2014-05-05;15555.6
2014-05-06;19746
2014-05-07;42382.8
2014-05-08;24346.8
2014-05-09;46882.8
2014-05-10;50464.8
2014-05-11;33278.4
2014-05-12;38631.6
2014-05-13;40172.4
2014-05-14;33292.8
2014-05-15;28843.2
2014-05-16;24746.4
2014-05-17;21837.6
2014-05-18;19720.8
2014-05-19;19580.4
2014-05-20;17704.8
2014-05-21;17488.8
2014-05-22;23126.4
2014-05-23;26197.2
2014-05-24;16185.6
2014-05-25;15242.4
2014-05-26;23601.6
2014-05-27;50479.2
2014-05-28;33267.6
2014-05-29;34196.4
2014-05-30;23720.4
2014-05-31;20430
2014-06-01;18525.6
2014-06-02;18687.6
2014-06-03;16826.4
2014-06-04;17568
2014-06-05;30376.8
2014-06-06;16977.6
2014-06-07;16120.8
2014-06-08;13824
2014-06-09;20851.2
2014-06-10;41860.8
2014-06-11;40413.6
2014-06-12;24595.2
2014-06-13;21578.4
2014-06-14;18698.4
2014-06-15;16815.6
2014-06-16;16614
2014-06-17;16689.6
2014-06-18;15706.8
2014-06-19;15008.4
2014-06-20;18396
2014-06-21;14324.4
2014-06-22;13395.6
2014-06-23;14263.2
2014-06-24;14392.8
2014-06-25;13698
2014-06-26;13809.6
2014-06-27;14490
2014-06-28;26373.6
2014-06-29;43092
2014-06-30;22636.8
2014-07-01;16354.8
2014-07-02;15152.4
2014-07-03;14439.6
2014-07-04;13748.4
2014-07-05;17892
2014-07-06;23450.4
2014-07-07;18720
2014-07-08;44398.8
2014-07-09;67244.4
2014-07-10;50101.2
2014-07-11;35175.6
2014-07-12;28011.6
2014-07-13;24919.2
2014-07-14;28756.8
2014-07-15;20941.2
2014-07-16;19051.2
2014-07-17;18295.2
2014-07-18;17740.8
2014-07-19;16336.8
2014-07-20;24804
2014-07-21;51850.8
2014-07-22;34704
2014-07-23;25102.8
2014-07-24;23468.4
2014-07-25;22784.4
2014-07-26;18694.8
2014-07-27;16880.4
2014-07-28;19378.8
2014-07-29;28314
2014-07-30;37918.8
2014-07-31;20322
2014-08-01;17517.6
2014-08-02;24912
2014-08-03;23893.2
2014-08-04;33548.4
2014-08-05;23554.8
2014-08-06;20073.6
2014-08-07;20322
2014-08-08;18666
2014-08-09;20923.2
2014-08-10;15696
2014-08-11;16689.6
2014-08-12;15271.2
2014-08-13;19238.4
2014-08-14;15091.2
2014-08-15;28602
2014-08-16;21920.4
2014-08-17;16639.2
2014-08-18;21538.8
2014-08-19;23338.8
2014-08-20;18306
2014-08-21;15602.4
2014-08-22;17737.2
2014-08-23;18061.2
2014-08-24;13730.4
2014-08-25;16729.2
2014-08-26;41871.6
2014-08-27;25592.4
2014-08-28;20847.6
2014-08-29;19969.2
2014-08-30;21380.4
2014-08-31;24426
2014-09-01;18446.4
2014-09-02;16743.6
2014-09-03;15526.8
2014-09-04;15195.6
2014-09-05;14896.8
2014-09-06;14191.2
2014-09-07;15652.8
2014-09-08;13777.2
2014-09-09;14526
2014-09-10;14634
2014-09-11;14126.4
2014-09-12;16905.6
2014-09-13;14220
2014-09-14;13410
2014-09-15;14176.8
2014-09-16;13809.6
2014-09-17;13604.4
2014-09-18;17550
2014-09-19;45237.6
2014-09-20;23007.6
2014-09-21;25819.2
2014-09-22;16585.2
2014-09-23;13482
2014-09-24;24973.56
2014-09-25;30337.2
2014-09-26;18622.8
2014-09-27;14724
2014-09-28;14367.6
2014-09-29;18201.6
2014-09-30;17906.4
2014-10-01;17589.6
2014-10-02;14894
2014-10-03;14151
2014-10-04;13439
2014-10-05;13346
2014-10-06;14294
2014-10-07;48871
2014-10-08;44322
2014-10-09;56460
2014-10-10;22059
2014-10-11;22652
2014-10-12;19412
2014-10-13;21459
2014-10-14;17585
2014-10-15;16835
2014-10-16;33980
2014-10-17;31366
2014-10-18;17671
2014-10-19;18946
2014-10-20;19545
2014-10-21;39484
2014-10-22;46511
2014-10-23;21027
2014-10-24;19330
2014-10-25;22208
2014-10-26;18436
2014-10-27;16928
2014-10-28;16762
2014-10-29;15632
2014-10-30;15339
2014-10-31;15376
2014-11-01;14359
2014-11-02;13942
2014-11-03;42711
2014-11-04;75581
2014-11-05;44880
2014-11-06;29562
2014-11-07;24964
2014-11-08;22229
2014-11-09;20043
2014-11-10;20671
2014-11-11;22916
2014-11-12;18650
2014-11-13;17487
2014-11-14;17253
2014-11-15;16845
2014-11-16;63476
2014-11-17;25652
2014-11-18;20612
2014-11-19;19928
2014-11-20;18368
2014-11-21;18137
2014-11-22;17583
2014-11-23;16554
2014-11-24;24761
2014-11-25;17113
2014-11-26;20970
2014-11-27;7423
2014-11-28;986
2014-11-29;8264
2014-11-30;NA
2014-12-01;7988
2014-12-02;10568
2014-12-03;NA
2014-12-04;12635
2014-12-05;13463
2014-12-06;384
2014-12-07;1359
2014-12-08;23764
2014-12-09;25779
2014-12-10;NA
2014-12-11;9975
2014-12-12;70119
2014-12-13;88197
2014-12-14;45324
2014-12-15;49406
2014-12-16;34331
2014-12-17;48422
2014-12-18;52898
2014-12-19;67284
2014-12-20;68768
2014-12-21;55725
2014-12-22;41926
2014-12-23;34944
2014-12-24;52458
2014-12-25;54054
2014-12-26;33310
2014-12-27;44549
2014-12-28;29374
2014-12-29;28612
2014-12-30;32547
2014-12-31;39495
2015-01-01;29210.4
2015-01-02;57650.4
2015-01-03;53971.2
2015-01-04;38743.2
2015-01-05;32414.4
2015-01-06;29390.4
2015-01-07;35395.2
2015-01-08;60652.8
2015-01-09;71737.2
2015-01-10;73047.6
2015-01-11;65757.6
2015-01-12;58435.2
2015-01-13;67644
2015-01-14;68302.8
2015-01-15;71409.6
2015-01-16;63907.2
2015-01-17;46764
2015-01-18;36554.4
2015-01-19;32907.6
2015-01-20;28735.2
2015-01-21;25318.8
2015-01-22;23623.2
2015-01-23;22748.4
2015-01-24;23835.6
2015-01-25;32875.2
2015-01-26;53337.6
2015-01-27;39301.2
2015-01-28;40176
2015-01-29;44287.2
2015-01-30;45860.4
2015-01-31;43405.2
2015-02-01;35064
2015-02-02;41547.6
2015-02-03;33818.4
2015-02-04;33444
2015-02-05;27727.2
2015-02-06;25185.6
2015-02-07;24980.4
2015-02-08;31968
2015-02-09;27993.6
2015-02-10;30423.6
2015-02-11;24760.8
2015-02-12;23961.6
2015-02-13;23277.6
2015-02-14;23173.2
2015-02-15;21236.4
2015-02-16;20282.4
2015-02-17;19490.4
2015-02-18;19047.6
2015-02-19;18856.8
2015-02-20;28803.6
2015-02-21;48877.2
2015-02-22;22500
2015-02-23;49752
2015-02-24;50173.2
2015-02-25;43747.2
2015-02-26;33163.2
2015-02-27;52408.8
2015-02-28;43027.2
2015-03-01;44920.8
2015-03-02;41414.4
2015-03-03;41364
2015-03-04;34034.4
2015-03-05;24087.6
2015-03-06;22528.8
2015-03-07;22636.8
2015-03-08;22255.2
2015-03-09;19170
2015-03-10;15836.4
2015-03-11;14662.8
2015-03-12;17748
2015-03-13;17208
2015-03-14;16437.6
2015-03-15;15552
2015-03-16;14468.4
2015-03-17;13582.8
2015-03-18;13251.6
2015-03-19;12942
2015-03-20;13395.6
2015-03-21;29494.8
2015-03-22;11044.8
2015-03-23;6688.8
2015-03-24;10562.4
2015-03-25;10580.4
2015-03-26;12114
2015-03-27;10454.4
2015-03-28;12132
2015-03-29;37256.4
2015-03-30;37432.8
2015-03-31;49834.8
2015-04-01;40942.8
2015-04-02;45370.8
2015-04-03;30877.2
2015-04-04;24278.4
2015-04-05;14288.4
2015-04-06;12301.2
2015-04-07;26748.72
2015-04-08;19725.12
2015-04-09;26694.36
2015-04-10;15089.04
2015-04-11;11803.32
2015-04-12;14004
2015-04-13;20044.8
2015-04-14;19727.64
2015-04-15;15954.48
2015-04-16;18072
2015-04-17;16983.72
2015-04-18;23731.92
2015-04-19;19087.92
2015-04-20;19981.44
2015-04-21;17075.16
2015-04-22;38090.52
2015-04-23;22778.28
2015-04-24;49331.16
2015-04-25;38481.48
2015-04-26;25448.4
2015-04-27;33477.48
2015-04-28;33928.56
2015-04-29;21832.92
2015-04-30;23781.24
2015-05-01;14095.08
2015-05-02;49357.44
2015-05-03;26569.44
2015-05-04;39153.24
2015-05-05;36897.48
2015-05-06;25185.96
2015-05-07;44688.6
2015-05-08;18312.48
2015-05-09;18914.4
2015-05-10;21324.24
2015-05-11;15797.16
2015-05-12;8173.8
2015-05-13;15740.64
2015-05-14;9384.48
2015-05-15;10168.56
2015-05-16;16336.44
2015-05-17;8720.28
2015-05-18;12525.12
2015-05-19;17903.52
2015-05-20;14977.44
2015-05-21;24498.72
2015-05-22;14824.08
2015-05-23;10161.72
2015-05-24;8372.52
2015-05-25;14088.6
2015-05-26;6839.28
2015-05-27;16487.28
2015-05-28;26661.6
2015-05-29;15774.48
2015-05-30;34379.28
2015-05-31;30677.4
2015-06-01;23421.24
2015-06-02;16765.56
2015-06-03;12835.08
2015-06-04;10285.92
2015-06-05;15471.72
2015-06-06;19417.32
2015-06-07;12166.56
2015-06-08;15098.04
2015-06-09;7461.72
2015-06-10;8620.2
2015-06-11;11892.96
2015-06-12;15209.28
2015-06-13;10014.48
2015-06-14;5389.56
2015-06-15;14114.16
2015-06-16;17968.32
2015-06-17;19176.48
2015-06-18;27006.48
2015-06-19;19904.76
2015-06-20;15303.24
2015-06-21;10595.88
2015-06-22;35008.92
2015-06-23;57481.2
2015-06-24;23349.6
2015-06-25;16596
2015-06-26;15408
2015-06-27;25088.4
2015-06-28;13798.8
2015-06-29;14338.8
2015-06-30;13719.6
2015-07-01;14418
2015-07-02;14277.6
2015-07-03;20577.6
2015-07-04;13327.2
2015-07-05;22100.4
2015-07-06;9950.4
2015-07-07;6562.8
2015-07-08;21222
2015-07-09;31464
2015-07-10;6138
2015-07-11;4266
2015-07-12;9147.6
2015-07-13;19915.2
2015-07-14;33854.4
2015-07-15;10771.2
2015-07-16;3970.8
2015-07-17;4100.4
2015-07-18;4777.2
2015-07-19;32716.8
2015-07-20;11599.2
2015-07-21;12988.8
2015-07-22;7012.8
2015-07-23;5014.8
2015-07-24;7250.4
2015-07-25;31464
2015-07-26;16196.4
2015-07-27;17064
2015-07-28;9745.2
2015-07-29;16660.8
2015-07-30;9568.8
2015-07-31;9864
2015-08-01;10263.6
2015-08-02;9824.4
2015-08-03;11192.4
2015-08-04;29793.6
2015-08-05;15778.8
2015-08-06;10216.8
2015-08-07;26456.4
2015-08-08;17870.4
2015-08-09;9896.4
2015-08-10;28101.6
2015-08-11;24343.2
2015-08-12;9842.4
2015-08-13;9882
2015-08-14;27277.2
2015-08-15;20620.8
2015-08-16;63234
2015-08-17;62712
2015-08-18;50576.4
2015-08-19;27612
2015-08-20;16192.8
2015-08-21;12621.6
2015-08-22;10148.4
2015-08-23;9489.6
2015-08-24;17852.4
2015-08-25;35614.8
2015-08-26;11991.6
2015-08-27;29894.4
2015-08-28;41407.2
2015-08-29;13500
2015-08-30;10818
2015-08-31;11098.8
2015-09-01;33757.2
2015-09-02;20556
2015-09-03;11102.4
2015-09-04;11300.4
2015-09-05;37443.6
2015-09-06;10605.6
2015-09-07;13406.4
2015-09-08;8139.6
2015-09-09;5169.6
2015-09-10;8366.4
2015-09-11;8334
2015-09-12;15530.4
2015-09-13;25462.8
2015-09-14;13186.8
2015-09-15;24379.2
2015-09-16;29314.8
2015-09-17;42706.8
2015-09-18;31424.4
2015-09-19;13975.2
2015-09-20;11743.2
2015-09-21;13654.8
2015-09-22;29606.4
2015-09-23;26182.8
2015-09-24;15249.6
2015-09-25;14155.2
2015-09-26;12211.2
2015-09-27;9655.2
2015-09-28;9406.8
2015-09-29;9061.2
2015-09-30;8730
2015-10-01;9061.2
2015-10-02;9468
2015-10-03;8906.4
2015-10-04;8125.2
2015-10-05;8449.2
2015-10-06;31082.4
2015-10-07;12783.6
2015-10-08;31572
2015-10-09;11988
2015-10-10;10440
2015-10-11;8078.4
2015-10-12;8884.8
2015-10-13;9154.8
2015-10-14;25369.2
2015-10-15;33534
2015-10-16;38826
2015-10-17;32446.8
2015-10-18;19674
2015-10-19;18097.2
2015-10-20;16704
2015-10-21;15613.2
2015-10-22;24091.2
2015-10-23;15861.6
2015-10-24;14266.8
2015-10-25;13557.6
2015-10-26;13276.8
2015-10-27;13374
2015-10-28;14216.4
2015-10-29;13654.8
2015-10-30;12744
2015-10-31;12477.6
2015-11-01;12006
2015-11-02;12571.2
2015-11-03;12517.2
2015-11-04;12452.4
2015-11-05;16930.8
2015-11-06;20041.2
2015-11-07;24073.2
2015-11-08;12060
2015-11-09;17654.4
2015-11-10;12312
2015-11-11;13460.4
2015-11-12;11095.2
2015-11-13;19213.2
2015-11-14;23587.2
2015-11-15;50043.6
2015-11-16;40287.6
2015-11-17;55162.8
2015-11-18;38480.4
2015-11-19;36860.4
2015-11-20;43581.6
2015-11-21;32256
2015-11-22;25707.6
2015-11-23;21924
2015-11-24;26841.6
2015-11-25;43405.2
2015-11-26;26020.8
2015-11-27;23216.4
2015-11-28;36763.2
2015-11-29;54187.2
2015-11-30;66034.8
2015-12-01;72208.8
2015-12-02;57675.6
2015-12-03;49759.2
2015-12-04;52686
2015-12-05;41130
2015-12-06;34138.8
2015-12-07;43419.6
2015-12-08;30441.6
2015-12-09;48848.4
2015-12-10;34106.4
2015-12-11;47988
2015-12-12;54151.2
2015-12-13;55537.2
2015-12-14;37321.2
2015-12-15;32230.8
2015-12-16;45324
2015-12-17;37450.8
2015-12-18;29962.8
2015-12-19;26377.2
2015-12-20;24285.6
2015-12-21;35434.8
2015-12-22;42883.2
2015-12-23;26974.8
2015-12-24;25639.2
2015-12-25;44197.2
2015-12-26;24948
2015-12-27;22899.6
2015-12-28;22723.2
2015-12-29;21391.2
2015-12-30;20581.2
2015-12-31;24951.6
2016-01-01;18691.2
2016-01-02;21380.4
2016-01-03;29422.8
2016-01-04;47304
2016-01-05;26877.6
2016-01-06;23983.2
2016-01-07;37929.6
2016-01-08;38682
2016-01-09;26254.8
2016-01-10;45406.8
2016-01-11;46789.2
2016-01-12;40791.6
2016-01-13;57794.4
2016-01-14;62683.2
2016-01-15;62362.8
2016-01-16;51328.8
2016-01-17;43430.4
2016-01-18;35366.4
2016-01-19;30841.2
2016-01-20;27712.8
2016-01-21;25383.6
2016-01-22;26888.4
2016-01-23;36752.4
2016-01-24;24757.2
2016-01-25;22651.2
2016-01-26;22791.6
2016-01-27;44078.4
2016-01-28;52560
2016-01-29;45860.4
2016-01-30;54388.8
2016-01-31;54198
2016-02-01;54194.4
2016-02-02;55965.6
2016-02-03;54547.2
2016-02-04;53312.4
2016-02-05;59522.4
2016-02-06;49006.8
2016-02-07;42933.6
2016-02-08;48315.6
2016-02-09;53827.2
2016-02-10;53524.8
2016-02-11;51854.4
2016-02-12;59504.4
2016-02-13;49060.8
2016-02-14;55080
2016-02-15;42588
2016-02-16;33120
2016-02-17;31284
2016-02-18;29804.4
2016-02-19;27007.2
2016-02-20;45511.2
2016-02-21;53949.6
2016-02-22;53089.2
2016-02-23;52459.2
2016-02-24;46213.2
2016-02-25;49935.6
2016-02-26;39124.8
2016-02-27;32788.8
2016-02-28;28292.4
2016-02-29;25495.2
2016-03-01;30085.2
2016-03-02;51400.8
2016-03-03;32990.4
2016-03-04;40788
2016-03-05;46231.2
2016-03-06;40374
2016-03-07;48042
2016-03-08;38347.2
2016-03-09;32835.6
2016-03-10;28681.2
2016-03-11;26323.2
2016-03-12;23839.2
2016-03-13;21430.8
2016-03-14;20574
2016-03-15;19519.2
2016-03-16;18212.4
2016-03-17;16909.2
2016-03-18;15890.4
2016-03-19;15224.4
2016-03-20;14018.4
2016-03-21;15332.4
2016-03-22;11624.4
2016-03-23;12070.8
2016-03-24;10069.2
2016-03-25;34113.6
2016-03-26;11797.2
2016-03-27;23680.8
2016-03-28;22424.4
2016-03-29;34524
2016-03-30;16952.4
2016-03-31;16470
2016-04-01;16149.6
2016-04-02;13064.4
2016-04-03;11656.8
2016-04-04;14396.4
2016-04-05;29502
2016-04-06;22737.6
2016-04-07;17949.6
2016-04-08;14839.2
2016-04-09;12582
2016-04-10;10368
2016-04-11;9864
2016-04-12;13978.8
2016-04-13;11574
2016-04-14;9928.8
2016-04-15;18100.8
2016-04-16;19310.4
2016-04-17;12513.6
2016-04-18;8463.6
2016-04-19;6699.6
2016-04-20;7160.4
2016-04-21;7344
2016-04-22;7354.8
2016-04-23;7509.6
2016-04-24;7812
2016-04-25;19371.6
2016-04-26;38016
2016-04-27;45144
2016-04-28;33141.6
2016-04-29;20163.6
2016-04-30;38160
2016-05-01;15868.8
2016-05-02;13388.4
2016-05-03;22237.2
2016-05-04;9975.6
2016-05-05;8161.2
2016-05-06;5158.8
2016-05-07;7099.2
2016-05-08;6404.4
2016-05-09;6638.4
2016-05-10;7837.2
2016-05-11;10360.8
2016-05-12;10609.2
2016-05-13;11034
2016-05-14;9853.2
2016-05-15;7560
2016-05-16;4741.2
2016-05-17;4435.2
2016-05-18;4690.8
2016-05-19;5378.4
2016-05-20;3607.2
2016-05-21;3765.6
2016-05-22;14850
2016-05-23;34794
2016-05-24;22179.6
2016-05-25;6228
2016-05-26;5425.2
2016-05-27;14371.2
2016-05-28;8294.4
2016-05-29;7743.6
2016-05-30;38973.6
2016-05-31;18954
2016-06-01;37407.6
2016-06-02;38797.2
2016-06-03;19724.4
2016-06-04;17222.4
2016-06-05;14983.2
2016-06-06;14990.4
2016-06-07;29718
2016-06-08;28062
2016-06-09;14806.8
2016-06-10;13089.6
2016-06-11;12092.4
2016-06-12;15519.6
2016-06-13;28501.2
2016-06-14;31849.2
2016-06-15;40204.8
2016-06-16;13489.2
2016-06-17;26496
2016-06-18;25822.8
2016-06-19;23680.8
2016-06-20;20228.4
2016-06-21;33303.6
2016-06-22;12466.8
2016-06-23;10177.2
2016-06-24;18439.2
2016-06-25;51127.2
2016-06-26;53715.6
2016-06-27;33706.8
2016-06-28;25516.8
2016-06-29;52790.4
2016-06-30;25056
2016-07-01;27021.6
2016-07-02;35107.2
2016-07-03;21096
2016-07-04;13363.2
2016-07-05;14745.6
2016-07-06;9975.6
2016-07-07;5554.8
2016-07-08;5378.4
2016-07-09;4604.4
2016-07-10;3963.6
2016-07-11;4168.8
2016-07-12;5709.6
2016-07-13;7394.4
2016-07-14;5230.8
2016-07-15;5558.4
2016-07-16;4248
2016-07-17;5237.64
2016-07-18;5288.4
2016-07-19;8719.2
2016-07-20;11509.2
2016-07-21;14029.2
2016-07-22;12452.4
2016-07-23;7750.8
2016-07-24;8287.2
2016-07-25;7455.6
2016-07-26;6001.2
2016-07-27;5184
2016-07-28;16930.8
2016-07-29;7808.4
2016-07-30;4669.2
2016-07-31;15404.4
2016-08-01;4392
2016-08-02;39621.6
2016-08-03;50698.8
2016-08-04;30844.44
2016-08-05;8499.6
2016-08-06;7180.2
2016-08-07;5676.48
2016-08-08;12177.72
2016-08-09;15805.8
2016-08-10;11777.76
2016-08-11;15939.36
2016-08-12;29721.96
2016-08-13;26740.8
2016-08-14;17862.84
2016-08-15;16537.68
2016-08-16;15037.2
2016-08-17;14616
2016-08-18;14587.2
2016-08-19;16088.4
2016-08-20;28684.8
2016-08-21;22003.2
2016-08-22;20689.2
2016-08-23;14583.6
2016-08-24;14536.8
2016-08-25;13964.4
2016-08-26;14734.8
2016-08-27;14565.6
2016-08-28;21225.6
2016-08-29;20653.2
2016-08-30;14198.4
2016-08-31;15382.8
2016-09-01;11260.8
2016-09-02;14454
2016-09-03;12700.8
2016-09-04;38462.4
2016-09-05;15778.8
2016-09-06;13647.6
2016-09-07;13597.2
2016-09-08;13158
2016-09-09;13478.4
2016-09-10;13291.2
2016-09-11;12070.8
2016-09-12;12981.6
2016-09-13;13230
2016-09-14;13352.4
2016-09-15;13312.8
2016-09-16;19152
2016-09-17;13586.4
2016-09-18;13564.8
2016-09-19;12578.4
2016-09-20;13118.4
2016-09-21;13003.2
2016-09-22;12625.2
2016-09-23;13053.6
2016-09-24;12704.4
2016-09-25;12272.4
2016-09-26;13140
2016-09-27;12837.6
2016-09-28;12787.2
2016-09-29;13082.4
2016-09-30;18727.2
2016-10-01;15523.2
2016-10-02;22885.2
2016-10-03;16437.6
2016-10-04;12664.8
2016-10-05;12826.8
2016-10-06;12459.6
2016-10-07;13914
2016-10-08;12373.2
2016-10-09;11923.2
2016-10-10;15987.6
2016-10-11;12805.2
2016-10-12;15786
2016-10-13;12380.4
2016-10-14;12625.2
2016-10-15;15224.4
2016-10-16;11808
2016-10-17;12366
2016-10-18;18410.4
2016-10-19;57391.2
2016-10-20;26398.8
2016-10-21;22226.4
2016-10-22;25167.6
2016-10-23;14342.4
2016-10-24;31726.8
2016-10-25;18176.4
2016-10-26;14994
2016-10-27;14371.2
2016-10-28;16707.6
2016-10-29;15159.6
2016-10-30;13629.6
2016-10-31;13060.8
2016-11-01;13860
2016-11-02;16066.8
2016-11-03;13640.4
2016-11-04;14025.6
2016-11-05;17884.8
2016-11-06;18633.6
2016-11-07;24336
2016-11-08;22636.8
2016-11-09;28954.8
2016-11-10;47235.6
2016-11-11;43149.6
2016-11-12;17766
2016-11-13;16304.4
2016-11-14;15573.6
2016-11-15;27223.2
2016-11-16;72518.4
2016-11-17;51616.8
2016-11-18;53121.6
2016-11-19;33879.6
2016-11-20;28872
2016-11-21;49219.2
2016-11-22;29797.2
2016-11-23;22359.6
2016-11-24;20332.8
2016-11-25;19310.4
2016-11-26;18043.2
2016-11-27;18331.2
2016-11-28;16866
2016-11-29;16092
2016-11-30;15746.4
2016-12-01;15674.4
2016-12-02;20952
2016-12-03;15771.6
2016-12-04;15512.4
2016-12-05;15361.2
2016-12-06;14947.2
2016-12-07;15930
2016-12-08;15541.2
2016-12-09;15591.6
2016-12-10;17672.4
2016-12-11;37976.4
2016-12-12;18928.8
2016-12-13;17017.2
2016-12-14;17607.6
2016-12-15;15933.6
2016-12-16;15631.2
2016-12-17;14911.2
2016-12-18;14414.4
2016-12-19;15012
2016-12-20;19375.2
2016-12-21;16732.8
2016-12-22;47178
2016-12-23;18234
2016-12-24;30553.2
2016-12-25;27788.4
2016-12-26;44830.8
2016-12-27;24022.8
2016-12-28;21877.2
2016-12-29;20505.6
2016-12-30;19832.4
2016-12-31;19490.4
2017-01-01;18019
2017-01-02;24055
2017-01-03;21235
2017-01-04;46755
2017-01-05;20762
2017-01-06;19743
2017-01-07;19110
2017-01-08;23775
2017-01-09;18850
2017-01-10;34635
2017-01-11;45239
2017-01-12;34767
2017-01-13;80280
2017-01-14;51566
2017-01-15;34809
2017-01-16;29434
2017-01-17;25625
2017-01-18;24279
2017-01-19;22398
2017-01-20;21524
2017-01-21;20707
2017-01-22;19500
2017-01-23;19487
2017-01-24;20034
2017-01-25;19235
2017-01-26;18569
2017-01-27;19328
2017-01-28;19230
2017-01-29;21800
2017-01-30;52227
2017-01-31;25239
2017-02-01;22887
2017-02-02;21873
2017-02-03;26328
2017-02-04;36053
2017-02-05;30765
2017-02-06;22803
2017-02-07;26014
2017-02-08;22625
2017-02-09;21110
2017-02-10;20790
2017-02-11;31429
2017-02-12;24188
2017-02-13;20364
2017-02-14;19361
2017-02-15;19593
2017-02-16;18971
2017-02-17;31351
2017-02-18;19275
2017-02-19;21571
2017-02-20;32007
2017-02-21;51775
2017-02-22;60832
2017-02-23;84477
2017-02-24;74487
2017-02-25;59421
2017-02-26;39524
2017-02-27;42120
2017-02-28;56454
2017-03-01;64891
2017-03-02;54552
2017-03-03;38254
2017-03-04;37725
2017-03-05;54572
2017-03-06;61806
2017-03-07;57312
2017-03-08;62542
2017-03-09;68148
2017-03-10;57034
2017-03-11;41048
2017-03-12;35164
2017-03-13;30449
2017-03-14;28232
2017-03-15;26691
2017-03-16;25028
2017-03-17;24847
2017-03-18;66929
2017-03-19;64351
2017-03-20;38193
2017-03-21;45428
2017-03-22;32691
2017-03-23;30565
2017-03-24;28202
2017-03-25;26645
2017-03-26;24857
2017-03-27;23889
2017-03-28;23542
2017-03-29;23443
2017-03-30;22826
2017-03-31;22599
2017-04-01;25139
2017-04-02;22710
2017-04-03;20706
2017-04-04;20366
2017-04-05;19924
2017-04-06;18926
2017-04-07;18841
2017-04-08;18518
2017-04-09;17139
2017-04-10;16911
2017-04-11;18049
2017-04-12;17458
2017-04-13;17524
2017-04-14;16271
2017-04-15;18866
2017-04-16;22223
2017-04-17;53475
2017-04-18;20856
2017-04-19;17425
2017-04-20;16938
2017-04-21;16981
2017-04-22;23571
2017-04-23;16699
2017-04-24;17483
2017-04-25;21113
2017-04-26;18588
2017-04-27;16917
2017-04-28;17803
2017-04-29;15775
2017-04-30;14624
2017-05-01;20660
2017-05-02;24039
2017-05-03;36179
2017-05-04;20959
2017-05-05;18599
2017-05-06;18155
2017-05-07;17044
2017-05-08;17244
2017-05-09;17299
2017-05-10;17399
2017-05-11;17132
2017-05-12;18682
2017-05-13;23380
2017-05-14;17976
2017-05-15;19561
2017-05-16;17171
2017-05-17;16737
2017-05-18;25880
2017-05-19;31731
2017-05-20;18735
2017-05-21;16291
2017-05-22;17531
2017-05-23;15895
2017-05-24;15957
2017-05-25;15898
2017-05-26;15776
2017-05-27;15727
2017-05-28;25162
2017-05-29;16677
2017-05-30;28367
2017-05-31;15494
2017-06-01;16305
2017-06-02;19530
2017-06-03;21480
2017-06-04;27920
2017-06-05;14322
2017-06-06;32097
2017-06-07;24768
2017-06-08;15629
2017-06-09;31918
2017-06-10;17154
2017-06-11;15737
2017-06-12;16875
2017-06-13;15775
2017-06-14;15770
2017-06-15;19198
2017-06-16;18939
2017-06-17;15025
2017-06-18;14833
2017-06-19;15925
2017-06-20;16017
2017-06-21;16094
2017-06-22;20303
2017-06-23;18652
2017-06-24;1.60E+04
2017-06-25;19681
2017-06-26;16372
2017-06-27;15823
2017-06-28;43934
2017-06-29;24924
2017-06-30;15725
2017-07-01;32030
2017-07-02;22512
2017-07-03;16899
2017-07-04;15281
2017-07-05;15822
2017-07-06;15438
2017-07-07;38733
2017-07-08;15457
2017-07-09;14528
2017-07-10;14845
2017-07-11;15754
2017-07-12;63112
2017-07-13;25945
2017-07-14;26622
2017-07-15;18466
2017-07-16;15110
2017-07-17;23380
2017-07-18;15063
2017-07-19;32078
2017-07-20;63423
2017-07-21;21392
2017-07-22;19001
2017-07-23;56085
2017-07-24;45635
2017-07-25;63225
2017-07-26;60656
2017-07-27;36563
2017-07-28;26990
2017-07-29;21917
2017-07-30;18921
2017-07-31;21640
2017-08-01;18044
2017-08-02;19430
2017-08-03;34723
2017-08-04;17067
2017-08-05;48356
2017-08-06;28534
2017-08-07;19036
2017-08-08;26831
2017-08-09;23165
2017-08-10;29809
2017-08-11;52149
2017-08-12;38762
2017-08-13;25827
2017-08-14;20257
2017-08-15;20468
2017-08-16;18093
2017-08-17;18473
2017-08-18;32467
2017-08-19;31845
2017-08-20;17475
2017-08-21;16946
2017-08-22;16150
2017-08-23;16390
2017-08-24;15929
2017-08-25;16443
2017-08-26;15922
2017-08-27;15489
2017-08-28;15872
2017-08-29;16073
2017-08-30;20289
2017-08-31;30176
2017-09-01;16851
2017-09-02;18371
2017-09-03;15287
2017-09-04;15276
2017-09-05;17195
2017-09-06;26658
2017-09-07;15829
2017-09-08;40772
2017-09-09;83848
2017-09-10;36736
2017-09-11;34415
2017-09-12;26969
2017-09-13;39563
2017-09-14;52110
2017-09-15;69668
2017-09-16;35874
2017-09-17;28629
2017-09-18;40934
2017-09-19;42762
2017-09-20;26136
2017-09-21;23632
2017-09-22;22247
2017-09-23;23544
2017-09-24;19757
2017-09-25;18948
2017-09-26;28720
2017-09-27;27438
2017-09-28;18708
2017-09-29;23515
2017-09-30;56869
2017-10-01;36877
2017-10-02;25054
2017-10-03;36648
2017-10-04;25278
2017-10-05;46201
2017-10-06;41311
2017-10-07;41863
2017-10-08;57711
2017-10-09;39701
2017-10-10;34648
2017-10-11;27989
2017-10-12;25302
2017-10-13;23643
2017-10-14;21806
2017-10-15;20729
2017-10-16;20347
2017-10-17;19995
2017-10-18;19221
2017-10-19;18175
2017-10-20;34691
2017-10-21;14018
2017-10-22;22876
2017-10-23;14053
2017-10-24;22385
2017-10-25;19581
2017-10-26;18285
2017-10-27;22959
2017-10-28;17713
2017-10-29;59561
2017-10-30;26476
2017-10-31;21704
2017-11-01;21177
2017-11-02;19916
2017-11-03;20139
2017-11-04;18138
2017-11-05;42925
2017-11-06;19453
2017-11-07;18229
2017-11-08;18003
2017-11-09;17250
2017-11-10;41773
2017-11-11;30282
2017-11-12;29381
2017-11-13;21401
2017-11-14;19940
2017-11-15;22022
2017-11-16;19197
2017-11-17;22031
2017-11-18;27119
2017-11-19;32331
2017-11-20;40787
2017-11-21;56921
2017-11-22;55966
2017-11-23;41729
2017-11-24;69166
2017-11-25;69860
2017-11-26;39337
2017-11-27;63134
2017-11-28;71227
2017-11-29;58435
2017-11-30;44003
2017-12-01;345237
2017-12-02;280961
2017-12-03;318186
2017-12-04;364695
2017-12-05;282959
2017-12-06;250248
2017-12-07;342780
2017-12-08;723584
2017-12-09;512084
2017-12-10;522721
2017-12-11;800578
2017-12-12;784705
2017-12-13;746923
2017-12-14;799858
2017-12-15;789415
2017-12-16;733101
2017-12-17;533303
2017-12-18;682856
2017-12-19;508030
2017-12-20;667345
2017-12-21;542914
2017-12-22;502490
2017-12-23;418493
2017-12-24;383922
2017-12-25;336171
2017-12-26;394496
2017-12-27;363045
2017-12-28;332909
2017-12-29;347977
2017-12-30;469394
2017-12-31;710598
