datum,i_kringell
2008-01-01T00:00:00Z,406.4
2008-01-02T00:00:00Z,1823.1
2008-01-03T00:00:00Z,1285.9
2008-01-04T00:00:00Z,1032.5
2008-01-05T00:00:00Z,953.2
2008-01-06T00:00:00Z,253.3
2008-01-07T00:00:00Z,240.7
2008-01-08T00:00:00Z,1141
2008-01-09T00:00:00Z,808.2
2008-01-10T00:00:00Z,1341.9
2008-01-11T00:00:00Z,728
2008-01-12T00:00:00Z,494.1
2008-01-13T00:00:00Z,1171.3
2008-01-14T00:00:00Z,549.4
2008-01-15T00:00:00Z,899
2008-01-16T00:00:00Z,369.7
2008-01-17T00:00:00Z,399.4
2008-01-18T00:00:00Z,418.3
2008-01-19T00:00:00Z,201.3
2008-01-20T00:00:00Z,668.3
2008-01-21T00:00:00Z,555.5
2008-01-22T00:00:00Z,399.8
2008-01-23T00:00:00Z,1563.5
2008-01-24T00:00:00Z,1872.9
2008-01-25T00:00:00Z,1012.5
2008-01-26T00:00:00Z,814.3
2008-01-27T00:00:00Z,93.9
2008-01-28T00:00:00Z,431.5
2008-01-29T00:00:00Z,1037.5
2008-01-30T00:00:00Z,448.7
2008-01-31T00:00:00Z,616.2
2008-02-01T00:00:00Z,727.2
2008-02-02T00:00:00Z,477.7
2008-02-03T00:00:00Z,2783.9
2008-02-04T00:00:00Z,2015.9
2008-02-05T00:00:00Z,1203.2
2008-02-06T00:00:00Z,467.7
2008-02-07T00:00:00Z,1102
2008-02-08T00:00:00Z,2881.9
2008-02-09T00:00:00Z,2575
2008-02-10T00:00:00Z,2556.4
2008-02-11T00:00:00Z,2758
2008-02-12T00:00:00Z,2718.2
2008-02-13T00:00:00Z,1506.7
2008-02-14T00:00:00Z,398
2008-02-15T00:00:00Z,1950.9
2008-02-16T00:00:00Z,2568.8
2008-02-17T00:00:00Z,2858.9
2008-02-18T00:00:00Z,1967.9
2008-02-19T00:00:00Z,1977.6
2008-02-20T00:00:00Z,3210.3
2008-02-21T00:00:00Z,781.2
2008-02-22T00:00:00Z,1160.5
2008-02-23T00:00:00Z,1576.3
2008-02-24T00:00:00Z,3404
2008-02-25T00:00:00Z,1832.3
2008-02-26T00:00:00Z,3203
2008-02-27T00:00:00Z,1940.3
2008-02-28T00:00:00Z,2779.6
2008-02-29T00:00:00Z,393.2
2008-03-01T00:00:00Z,524.9
2008-03-02T00:00:00Z,476.7
2008-03-03T00:00:00Z,550.1
2008-03-04T00:00:00Z,1433.9
2008-03-05T00:00:00Z,3515.7
2008-03-06T00:00:00Z,4246.9
2008-03-07T00:00:00Z,3433.3
2008-03-08T00:00:00Z,590.3
2008-03-09T00:00:00Z,3288.6
2008-03-10T00:00:00Z,4073.3
2008-03-11T00:00:00Z,1425.6
2008-03-12T00:00:00Z,1387.1
2008-03-13T00:00:00Z,1021.8
2008-03-14T00:00:00Z,575.2
2008-03-15T00:00:00Z,3517.8
2008-03-16T00:00:00Z,1397.7
2008-03-17T00:00:00Z,1230.2
2008-03-18T00:00:00Z,4035.5
2008-03-19T00:00:00Z,1407.3
2008-03-20T00:00:00Z,1833.1
2008-03-21T00:00:00Z,828.2
2008-03-22T00:00:00Z,2184.7
2008-03-23T00:00:00Z,3320.4
2008-03-24T00:00:00Z,3682.3
2008-03-25T00:00:00Z,2141.5
2008-03-26T00:00:00Z,2365.1
2008-03-27T00:00:00Z,3473.6
2008-03-28T00:00:00Z,2514.5
2008-03-29T00:00:00Z,4130.1
2008-03-30T00:00:00Z,5270.8
2008-03-31T00:00:00Z,5089.9
2008-04-01T00:00:00Z,2504.6
2008-04-02T00:00:00Z,2708.7
2008-04-03T00:00:00Z,2189.1
2008-04-04T00:00:00Z,1719
2008-04-05T00:00:00Z,3508.3
2008-04-06T00:00:00Z,1785.5
2008-04-07T00:00:00Z,1868.8
2008-04-08T00:00:00Z,5434.5
2008-04-09T00:00:00Z,4906.5
2008-04-10T00:00:00Z,4346.9
2008-04-11T00:00:00Z,4747.5
2008-04-12T00:00:00Z,2733.4
2008-04-13T00:00:00Z,4119.9
2008-04-14T00:00:00Z,6243.9
2008-04-15T00:00:00Z,1709.8
2008-04-16T00:00:00Z,2892.8
2008-04-17T00:00:00Z,4357.8
2008-04-18T00:00:00Z,5202.4
2008-04-19T00:00:00Z,2471.2
2008-04-20T00:00:00Z,6441.5
2008-04-21T00:00:00Z,3955.2
2008-04-22T00:00:00Z,1571.3
2008-04-23T00:00:00Z,2502
2008-04-24T00:00:00Z,5303
2008-04-25T00:00:00Z,3560.1
2008-04-26T00:00:00Z,4222.1
2008-04-27T00:00:00Z,6828.5
2008-04-28T00:00:00Z,6622.7
2008-04-29T00:00:00Z,833.9
2008-04-30T00:00:00Z,6765.2
2008-05-01T00:00:00Z,3459.9
2008-05-02T00:00:00Z,5088.8
2008-05-03T00:00:00Z,4340.1
2008-05-04T00:00:00Z,4774.2
2008-05-05T00:00:00Z,3985.6
2008-05-06T00:00:00Z,4476.1
2008-05-07T00:00:00Z,7000.6
2008-05-08T00:00:00Z,6843.7
2008-05-09T00:00:00Z,6474.6
2008-05-10T00:00:00Z,7310.8
2008-05-11T00:00:00Z,7573
2008-05-12T00:00:00Z,7355.2
2008-05-13T00:00:00Z,7563.3
2008-05-14T00:00:00Z,6302.4
2008-05-15T00:00:00Z,7166.2
2008-05-16T00:00:00Z,4950.9
2008-05-17T00:00:00Z,4893.9
2008-05-18T00:00:00Z,1211.5
2008-05-19T00:00:00Z,2754.5
2008-05-20T00:00:00Z,1969.5
2008-05-21T00:00:00Z,2321
2008-05-22T00:00:00Z,3294.1
2008-05-23T00:00:00Z,5022.4
2008-05-24T00:00:00Z,7710
2008-05-25T00:00:00Z,5084
2008-05-26T00:00:00Z,4662.3
2008-05-27T00:00:00Z,7563.9
2008-05-28T00:00:00Z,5826.7
2008-05-29T00:00:00Z,6825.2
2008-05-30T00:00:00Z,7695
2008-05-31T00:00:00Z,7464.6
2008-06-01T00:00:00Z,7433.4
2008-06-02T00:00:00Z,7278
2008-06-03T00:00:00Z,1668.2
2008-06-04T00:00:00Z,1835.8
2008-06-05T00:00:00Z,4624.4
2008-06-06T00:00:00Z,2876.8
2008-06-07T00:00:00Z,4945.6
2008-06-08T00:00:00Z,4278.7
2008-06-09T00:00:00Z,5303.6
2008-06-10T00:00:00Z,8181.4
2008-06-11T00:00:00Z,3507.7
2008-06-12T00:00:00Z,6348
2008-06-13T00:00:00Z,3230.6
2008-06-14T00:00:00Z,5168.4
2008-06-15T00:00:00Z,6518.7
2008-06-16T00:00:00Z,4577.8
2008-06-17T00:00:00Z,2380.1
2008-06-18T00:00:00Z,5765
2008-06-19T00:00:00Z,7156.8
2008-06-20T00:00:00Z,6954.8
2008-06-21T00:00:00Z,7718.2
2008-06-22T00:00:00Z,7976.8
2008-06-23T00:00:00Z,6744.5
2008-06-24T00:00:00Z,4479.5
2008-06-25T00:00:00Z,7122.7
2008-06-26T00:00:00Z,3845.5
2008-06-27T00:00:00Z,6570.1
2008-06-28T00:00:00Z,5634.3
2008-06-29T00:00:00Z,7076.5
2008-06-30T00:00:00Z,4943.3
2008-07-01T00:00:00Z,7948.9
2008-07-02T00:00:00Z,7501.4
2008-07-03T00:00:00Z,7450.9
2008-07-04T00:00:00Z,4314.9
2008-07-05T00:00:00Z,7234.2
2008-07-06T00:00:00Z,6342.5
2008-07-07T00:00:00Z,1541.2
2008-07-08T00:00:00Z,5083.1
2008-07-09T00:00:00Z,3588.5
2008-07-10T00:00:00Z,6388.5
2008-07-11T00:00:00Z,7667.7
2008-07-12T00:00:00Z,4171.7
2008-07-13T00:00:00Z,1748.4
2008-07-14T00:00:00Z,2342.2
2008-07-15T00:00:00Z,4575.2
2008-07-16T00:00:00Z,6812
2008-07-17T00:00:00Z,2869.7
2008-07-18T00:00:00Z,3321.1
2008-07-19T00:00:00Z,6524.9
2008-07-20T00:00:00Z,5073.8
2008-07-21T00:00:00Z,5851.7
2008-07-22T00:00:00Z,1721.4
2008-07-23T00:00:00Z,3987.8
2008-07-24T00:00:00Z,1986.2
2008-07-25T00:00:00Z,3989.3
2008-07-26T00:00:00Z,5359.1
2008-07-27T00:00:00Z,6220.8
2008-07-28T00:00:00Z,7486.5
2008-07-29T00:00:00Z,6838.4
2008-07-30T00:00:00Z,7120.5
2008-07-31T00:00:00Z,4968.5
2008-08-01T00:00:00Z,6606.9
2008-08-02T00:00:00Z,3614.2
2008-08-03T00:00:00Z,5139.9
2008-08-04T00:00:00Z,5088.8
2008-08-05T00:00:00Z,4325.4
2008-08-06T00:00:00Z,6807.2
2008-08-07T00:00:00Z,7080.1
2008-08-08T00:00:00Z,2854.6
2008-08-09T00:00:00Z,4759.3
2008-08-10T00:00:00Z,5935.8
2008-08-11T00:00:00Z,6697.5
2008-08-12T00:00:00Z,5013.7
2008-08-13T00:00:00Z,2135.3
2008-08-14T00:00:00Z,6302.5
2008-08-15T00:00:00Z,755.9
2008-08-16T00:00:00Z,1484.7
2008-08-17T00:00:00Z,5783.9
2008-08-18T00:00:00Z,6330.8
2008-08-19T00:00:00Z,6452.1
2008-08-20T00:00:00Z,2566.7
2008-08-21T00:00:00Z,6094.8
2008-08-22T00:00:00Z,5214.3
2008-08-23T00:00:00Z,2186.6
2008-08-24T00:00:00Z,3347.3
2008-08-25T00:00:00Z,5022.9
2008-08-26T00:00:00Z,5109.3
2008-08-27T00:00:00Z,5906.1
2008-08-28T00:00:00Z,5454
2008-08-29T00:00:00Z,3145.8
2008-08-30T00:00:00Z,5283.7
2008-08-31T00:00:00Z,6005.4
2008-09-01T00:00:00Z,2366.1
2008-09-02T00:00:00Z,5019.6
2008-09-03T00:00:00Z,5431.3
2008-09-04T00:00:00Z,2008.8
2008-09-05T00:00:00Z,4787
2008-09-06T00:00:00Z,5432.2
2008-09-07T00:00:00Z,1349.7
2008-09-08T00:00:00Z,3206.8
2008-09-09T00:00:00Z,5571.5
2008-09-10T00:00:00Z,4036.3
2008-09-11T00:00:00Z,5083.9
2008-09-12T00:00:00Z,3498.2
2008-09-13T00:00:00Z,3370.7
2008-09-14T00:00:00Z,2090.4
2008-09-15T00:00:00Z,1019.8
2008-09-16T00:00:00Z,1347.8
2008-09-17T00:00:00Z,2172.7
2008-09-18T00:00:00Z,4506.4
2008-09-19T00:00:00Z,4289.6
2008-09-20T00:00:00Z,1119.6
2008-09-21T00:00:00Z,1997.9
2008-09-22T00:00:00Z,1535.5
2008-09-23T00:00:00Z,3371.9
2008-09-24T00:00:00Z,1850
2008-09-25T00:00:00Z,1192.4
2008-09-26T00:00:00Z,1680.1
2008-09-27T00:00:00Z,2461.3
2008-09-28T00:00:00Z,4171
2008-09-29T00:00:00Z,2960.7
2008-09-30T00:00:00Z,1881.7
2008-10-01T00:00:00Z,1033.4
2008-10-02T00:00:00Z,1181.6
2008-10-03T00:00:00Z,555.3
2008-10-04T00:00:00Z,1407.2
2008-10-05T00:00:00Z,3745.7
2008-10-06T00:00:00Z,1912.8
2008-10-07T00:00:00Z,2301.6
2008-10-08T00:00:00Z,3462.3
2008-10-09T00:00:00Z,2423.3
2008-10-10T00:00:00Z,2196.2
2008-10-11T00:00:00Z,902.7
2008-10-12T00:00:00Z,1008.1
2008-10-13T00:00:00Z,3050.6
2008-10-14T00:00:00Z,1222.2
2008-10-15T00:00:00Z,1381.3
2008-10-16T00:00:00Z,811.8
2008-10-17T00:00:00Z,2464.2
2008-10-18T00:00:00Z,3446.6
2008-10-19T00:00:00Z,3013.1
2008-10-20T00:00:00Z,3175.5
2008-10-21T00:00:00Z,3059.1
2008-10-22T00:00:00Z,2427.7
2008-10-23T00:00:00Z,1459.2
2008-10-24T00:00:00Z,2917.5
2008-10-25T00:00:00Z,1442.6
2008-10-26T00:00:00Z,999.7
2008-10-27T00:00:00Z,1109.6
2008-10-28T00:00:00Z,542.7
2008-10-29T00:00:00Z,428.6
2008-10-30T00:00:00Z,429.6
2008-10-31T00:00:00Z,1375.3
2008-11-01T00:00:00Z,2239.6
2008-11-02T00:00:00Z,1007.6
2008-11-03T00:00:00Z,2138.2
2008-11-04T00:00:00Z,1687.8
2008-11-05T00:00:00Z,1991.2
2008-11-06T00:00:00Z,2044.9
2008-11-07T00:00:00Z,281.1
2008-11-08T00:00:00Z,1022.8
2008-11-09T00:00:00Z,1513.2
2008-11-10T00:00:00Z,1999.7
2008-11-11T00:00:00Z,578.6
2008-11-12T00:00:00Z,433.7
2008-11-13T00:00:00Z,436.1
2008-11-14T00:00:00Z,687.1
2008-11-15T00:00:00Z,907.4
2008-11-16T00:00:00Z,239.2
2008-11-17T00:00:00Z,734.8
2008-11-18T00:00:00Z,794.6
2008-11-19T00:00:00Z,583.5
2008-11-20T00:00:00Z,256.4
2008-11-21T00:00:00Z,155.1
2008-11-22T00:00:00Z,851.9
2008-11-23T00:00:00Z,614.2
2008-11-24T00:00:00Z,1139.2
2008-11-25T00:00:00Z,775.7
2008-11-26T00:00:00Z,400.3
2008-11-27T00:00:00Z,1674.2
2008-11-28T00:00:00Z,603
2008-11-29T00:00:00Z,692.3
2008-11-30T00:00:00Z,1160.9
2008-12-01T00:00:00Z,960.1
2008-12-02T00:00:00Z,449.4
2008-12-03T00:00:00Z,1778.7
2008-12-04T00:00:00Z,1472.8
2008-12-05T00:00:00Z,528.4
2008-12-06T00:00:00Z,1083.1
2008-12-07T00:00:00Z,211.7
2008-12-08T00:00:00Z,413.1
2008-12-09T00:00:00Z,1792.8
2008-12-10T00:00:00Z,555.6
2008-12-11T00:00:00Z,251.3
2008-12-12T00:00:00Z,152.8
2008-12-13T00:00:00Z,1047.6
2008-12-14T00:00:00Z,1183.4
2008-12-15T00:00:00Z,1367.7
2008-12-16T00:00:00Z,1456.2
2008-12-17T00:00:00Z,119.8
2008-12-18T00:00:00Z,112.5
2008-12-19T00:00:00Z,177.7
2008-12-20T00:00:00Z,153.7
2008-12-21T00:00:00Z,339.6
2008-12-22T00:00:00Z,143.7
2008-12-23T00:00:00Z,349.6
2008-12-24T00:00:00Z,247.4
2008-12-25T00:00:00Z,596.4
2008-12-26T00:00:00Z,919.2
2008-12-27T00:00:00Z,579.2
2008-12-28T00:00:00Z,1490.7
2008-12-29T00:00:00Z,1546.6
2008-12-30T00:00:00Z,1724.1
2008-12-31T00:00:00Z,1883.9
2009-01-01T00:00:00Z,193.8
2009-01-02T00:00:00Z,189.5
2009-01-03T00:00:00Z,1823.5
2009-01-04T00:00:00Z,255.6
2009-01-05T00:00:00Z,524.7
2009-01-06T00:00:00Z,1181.7
2009-01-07T00:00:00Z,323.8
2009-01-08T00:00:00Z,2116.6
2009-01-09T00:00:00Z,1839.7
2009-01-10T00:00:00Z,1950.1
2009-01-11T00:00:00Z,2058.4
2009-01-12T00:00:00Z,2088.1
2009-01-13T00:00:00Z,2118.8
2009-01-14T00:00:00Z,499.8
2009-01-15T00:00:00Z,1140.4
2009-01-16T00:00:00Z,1944
2009-01-17T00:00:00Z,1742.2
2009-01-18T00:00:00Z,1260.7
2009-01-19T00:00:00Z,1090.3
2009-01-20T00:00:00Z,343.1
2009-01-21T00:00:00Z,274
2009-01-22T00:00:00Z,813.3
2009-01-23T00:00:00Z,911.4
2009-01-24T00:00:00Z,2113.6
2009-01-25T00:00:00Z,1564.1
2009-01-26T00:00:00Z,2103.2
2009-01-27T00:00:00Z,638.5
2009-01-28T00:00:00Z,473.1
2009-01-29T00:00:00Z,594.8
2009-01-30T00:00:00Z,1206.1
2009-01-31T00:00:00Z,1337.2
2009-02-01T00:00:00Z,2228.6
2009-02-02T00:00:00Z,1357.5
2009-02-03T00:00:00Z,1854.4
2009-02-04T00:00:00Z,605.3
2009-02-05T00:00:00Z,1801.1
2009-02-06T00:00:00Z,980.7
2009-02-07T00:00:00Z,1328.7
2009-02-08T00:00:00Z,325.6
2009-02-09T00:00:00Z,2226.4
2009-02-10T00:00:00Z,666.2
2009-02-11T00:00:00Z,960
2009-02-12T00:00:00Z,1008.2
2009-02-13T00:00:00Z,2373.3
2009-02-14T00:00:00Z,2241.6
2009-02-15T00:00:00Z,1263.7
2009-02-16T00:00:00Z,712.9
2009-02-17T00:00:00Z,864.8
2009-02-18T00:00:00Z,2416.1
2009-02-19T00:00:00Z,2703.2
2009-02-20T00:00:00Z,926.2
2009-02-21T00:00:00Z,990.2
2009-02-22T00:00:00Z,379.3
2009-02-23T00:00:00Z,740.3
2009-02-24T00:00:00Z,1528.3
2009-02-25T00:00:00Z,1530.7
2009-02-26T00:00:00Z,736.2
2009-02-27T00:00:00Z,386.4
2009-02-28T00:00:00Z,986.4
2009-03-01T00:00:00Z,1320.3
2009-03-02T00:00:00Z,1422.9
2009-03-03T00:00:00Z,942.3
2009-03-04T00:00:00Z,3744.3
2009-03-05T00:00:00Z,1197.9
2009-03-06T00:00:00Z,391.2
2009-03-07T00:00:00Z,316.3
2009-03-08T00:00:00Z,1516.7
2009-03-09T00:00:00Z,1216.8
2009-03-10T00:00:00Z,1039.2
2009-03-11T00:00:00Z,1747
2009-03-12T00:00:00Z,1104.8
2009-03-13T00:00:00Z,2271.4
2009-03-14T00:00:00Z,2478.7
2009-03-15T00:00:00Z,1005.6
2009-03-16T00:00:00Z,1707.5
2009-03-17T00:00:00Z,1535
2009-03-18T00:00:00Z,4633.9
2009-03-19T00:00:00Z,2225
2009-03-20T00:00:00Z,3725.6
2009-03-21T00:00:00Z,4434.3
2009-03-22T00:00:00Z,3273.6
2009-03-23T00:00:00Z,490
2009-03-24T00:00:00Z,2079.8
2009-03-25T00:00:00Z,2707.4
2009-03-26T00:00:00Z,1666.6
2009-03-27T00:00:00Z,1503.6
2009-03-28T00:00:00Z,5131.4
2009-03-29T00:00:00Z,1141
2009-03-30T00:00:00Z,2047.3
2009-03-31T00:00:00Z,5071.4
2009-04-01T00:00:00Z,5333.4
2009-04-02T00:00:00Z,5378.4
2009-04-03T00:00:00Z,5527
2009-04-04T00:00:00Z,5525.8
2009-04-05T00:00:00Z,5056.5
2009-04-06T00:00:00Z,5118.7
2009-04-07T00:00:00Z,4716.2
2009-04-08T00:00:00Z,3715.3
2009-04-09T00:00:00Z,4528.4
2009-04-10T00:00:00Z,5010.9
2009-04-11T00:00:00Z,5128.1
2009-04-12T00:00:00Z,5018.5
2009-04-13T00:00:00Z,4903.6
2009-04-14T00:00:00Z,4610.2
2009-04-15T00:00:00Z,5337.6
2009-04-16T00:00:00Z,4775
2009-04-17T00:00:00Z,932.1
2009-04-18T00:00:00Z,3348
2009-04-19T00:00:00Z,5517.4
2009-04-20T00:00:00Z,4857.4
2009-04-21T00:00:00Z,4170.7
2009-04-22T00:00:00Z,5494.3
2009-04-23T00:00:00Z,4273.8
2009-04-24T00:00:00Z,5231.4
2009-04-25T00:00:00Z,5877.2
2009-04-26T00:00:00Z,3961.9
2009-04-27T00:00:00Z,5552.4
2009-04-28T00:00:00Z,5143
2009-04-29T00:00:00Z,756.6
2009-04-30T00:00:00Z,1312.2
2009-05-01T00:00:00Z,2016.1
2009-05-02T00:00:00Z,5601.2
2009-05-03T00:00:00Z,5895.2
2009-05-04T00:00:00Z,1982.3
2009-05-05T00:00:00Z,3593.3
2009-05-06T00:00:00Z,840.7
2009-05-07T00:00:00Z,5487.7
2009-05-08T00:00:00Z,5219.7
2009-05-09T00:00:00Z,5313.8
2009-05-10T00:00:00Z,5667.4
2009-05-11T00:00:00Z,5458.4
2009-05-12T00:00:00Z,1596.1
2009-05-13T00:00:00Z,3756.1
2009-05-14T00:00:00Z,1341.7
2009-05-15T00:00:00Z,5165.4
2009-05-16T00:00:00Z,2866.9
2009-05-17T00:00:00Z,6662
2009-05-18T00:00:00Z,5712.2
2009-05-19T00:00:00Z,4945.7
2009-05-20T00:00:00Z,6593.7
2009-05-21T00:00:00Z,5597.6
2009-05-22T00:00:00Z,3713.3
2009-05-23T00:00:00Z,6811.8
2009-05-24T00:00:00Z,5598.5
2009-05-25T00:00:00Z,6538.5
2009-05-26T00:00:00Z,6435.4
2009-05-27T00:00:00Z,4283.5
2009-05-28T00:00:00Z,1800.6
2009-05-29T00:00:00Z,3963.8
2009-05-30T00:00:00Z,2486.6
2009-05-31T00:00:00Z,4736.8
2009-06-01T00:00:00Z,5545.7
2009-06-02T00:00:00Z,3636
2009-06-03T00:00:00Z,7001
2009-06-04T00:00:00Z,5064.7
2009-06-05T00:00:00Z,6744.8
2009-06-06T00:00:00Z,3622.6
2009-06-07T00:00:00Z,4965.2
2009-06-08T00:00:00Z,4002.5
2009-06-09T00:00:00Z,4133.6
2009-06-10T00:00:00Z,3845.3
2009-06-11T00:00:00Z,4059.6
2009-06-12T00:00:00Z,5393.8
2009-06-13T00:00:00Z,7147.6
2009-06-14T00:00:00Z,6767.3
2009-06-15T00:00:00Z,2826
2009-06-16T00:00:00Z,4987
2009-06-17T00:00:00Z,7199.5
2009-06-18T00:00:00Z,6529.5
2009-06-19T00:00:00Z,1128.9
2009-06-20T00:00:00Z,3416.6
2009-06-21T00:00:00Z,4342.8
2009-06-22T00:00:00Z,3741.7
2009-06-23T00:00:00Z,505.6
2009-06-24T00:00:00Z,834.7
2009-06-25T00:00:00Z,3381.8
2009-06-26T00:00:00Z,4440.7
2009-06-27T00:00:00Z,3844.3
2009-06-28T00:00:00Z,3503.7
2009-06-29T00:00:00Z,4174.3
2009-06-30T00:00:00Z,3482.9
2009-07-01T00:00:00Z,6586.7
2009-07-02T00:00:00Z,5615.8
2009-07-03T00:00:00Z,3365
2009-07-04T00:00:00Z,3689.2
2009-07-05T00:00:00Z,4456.8
2009-07-06T00:00:00Z,1498
2009-07-07T00:00:00Z,2960.9
2009-07-08T00:00:00Z,2691.8
2009-07-09T00:00:00Z,2739.7
2009-07-10T00:00:00Z,4269.8
2009-07-11T00:00:00Z,5232.5
2009-07-12T00:00:00Z,4844.2
2009-07-13T00:00:00Z,5291.5
2009-07-14T00:00:00Z,5570.4
2009-07-15T00:00:00Z,4589.4
2009-07-16T00:00:00Z,6276.2
2009-07-17T00:00:00Z,4901.3
2009-07-18T00:00:00Z,630.6
2009-07-19T00:00:00Z,3628.8
2009-07-20T00:00:00Z,4666.6
2009-07-21T00:00:00Z,6205.3
2009-07-22T00:00:00Z,5655.8
2009-07-23T00:00:00Z,5321.7
2009-07-24T00:00:00Z,4921.6
2009-07-25T00:00:00Z,4298.6
2009-07-26T00:00:00Z,5922.9
2009-07-27T00:00:00Z,6445.4
2009-07-28T00:00:00Z,2563.6
2009-07-29T00:00:00Z,6148.3
2009-07-30T00:00:00Z,4523.9
2009-07-31T00:00:00Z,2893.8
2009-08-01T00:00:00Z,6022.2
2009-08-02T00:00:00Z,4473.8
2009-08-03T00:00:00Z,2902.5
2009-08-04T00:00:00Z,1092
2009-08-05T00:00:00Z,5135.9
2009-08-06T00:00:00Z,5562.4
2009-08-07T00:00:00Z,5811.9
2009-08-08T00:00:00Z,4516.2
2009-08-09T00:00:00Z,3921.1
2009-08-10T00:00:00Z,4156.5
2009-08-11T00:00:00Z,2939.4
2009-08-12T00:00:00Z,3335.7
2009-08-13T00:00:00Z,1849.3
2009-08-14T00:00:00Z,3617.4
2009-08-15T00:00:00Z,5579.5
2009-08-16T00:00:00Z,5436.9
2009-08-17T00:00:00Z,4742.9
2009-08-18T00:00:00Z,4313.7
2009-08-19T00:00:00Z,5251.6
2009-08-20T00:00:00Z,5561.6
2009-08-21T00:00:00Z,4563.2
2009-08-22T00:00:00Z,685.4
2009-08-23T00:00:00Z,4177.9
2009-08-24T00:00:00Z,5477
2009-08-25T00:00:00Z,5185.5
2009-08-26T00:00:00Z,3142.8
2009-08-27T00:00:00Z,4542.3
2009-08-28T00:00:00Z,4425.4
2009-08-29T00:00:00Z,2158.2
2009-08-30T00:00:00Z,5110.7
2009-08-31T00:00:00Z,5100.9
2009-09-01T00:00:00Z,4974.1
2009-09-02T00:00:00Z,3082.9
2009-09-03T00:00:00Z,2062.1
2009-09-04T00:00:00Z,899.4
2009-09-05T00:00:00Z,1907.1
2009-09-06T00:00:00Z,4403.3
2009-09-07T00:00:00Z,4559
2009-09-08T00:00:00Z,4644.2
2009-09-09T00:00:00Z,4410
2009-09-10T00:00:00Z,3754.6
2009-09-11T00:00:00Z,3731.9
2009-09-12T00:00:00Z,2031.5
2009-09-13T00:00:00Z,3972.2
2009-09-14T00:00:00Z,765.3
2009-09-15T00:00:00Z,3757.3
2009-09-16T00:00:00Z,3692.7
2009-09-17T00:00:00Z,787.4
2009-09-18T00:00:00Z,3104.1
2009-09-19T00:00:00Z,3952.8
2009-09-20T00:00:00Z,3322.4
2009-09-21T00:00:00Z,2746.8
2009-09-22T00:00:00Z,3365.4
2009-09-23T00:00:00Z,3215.9
2009-09-24T00:00:00Z,2868.9
2009-09-25T00:00:00Z,2561
2009-09-26T00:00:00Z,3424.5
2009-09-27T00:00:00Z,3384.2
2009-09-28T00:00:00Z,3226.3
2009-09-29T00:00:00Z,2003.7
2009-09-30T00:00:00Z,1359.1
2009-10-01T00:00:00Z,1674.6
2009-10-02T00:00:00Z,1753.1
2009-10-03T00:00:00Z,3015
2009-10-04T00:00:00Z,2589.9
2009-10-05T00:00:00Z,2596.5
2009-10-06T00:00:00Z,2401.2
2009-10-07T00:00:00Z,2818.4
2009-10-08T00:00:00Z,1733.9
2009-10-09T00:00:00Z,720.6
2009-10-10T00:00:00Z,830
2009-10-11T00:00:00Z,800.3
2009-10-12T00:00:00Z,1346.2
2009-10-13T00:00:00Z,1312.5
2009-10-14T00:00:00Z,1322.3
2009-10-15T00:00:00Z,886.3
2009-10-16T00:00:00Z,333.1
2009-10-17T00:00:00Z,1222.1
2009-10-18T00:00:00Z,1237.7
2009-10-19T00:00:00Z,1368.6
2009-10-20T00:00:00Z,2530.8
2009-10-21T00:00:00Z,1898.8
2009-10-22T00:00:00Z,1075.6
2009-10-23T00:00:00Z,598.9
2009-10-24T00:00:00Z,1039.3
2009-10-25T00:00:00Z,1402.5
2009-10-26T00:00:00Z,540.3
2009-10-27T00:00:00Z,1069.1
2009-10-28T00:00:00Z,1831.9
2009-10-29T00:00:00Z,1020.4
2009-10-30T00:00:00Z,1307.3
2009-10-31T00:00:00Z,2058.7
2009-11-01T00:00:00Z,921
2009-11-02T00:00:00Z,413.3
2009-11-03T00:00:00Z,126.1
2009-11-04T00:00:00Z,483.6
2009-11-05T00:00:00Z,1342.9
2009-11-06T00:00:00Z,584.9
2009-11-07T00:00:00Z,1331.3
2009-11-08T00:00:00Z,523.6
2009-11-09T00:00:00Z,353.5
2009-11-10T00:00:00Z,361.7
2009-11-11T00:00:00Z,158.4
2009-11-12T00:00:00Z,1101.8
2009-11-13T00:00:00Z,762.1
2009-11-14T00:00:00Z,1248.8
2009-11-15T00:00:00Z,1012.2
2009-11-16T00:00:00Z,492.1
2009-11-17T00:00:00Z,1229.1
2009-11-18T00:00:00Z,1222.8
2009-11-19T00:00:00Z,1320.6
2009-11-20T00:00:00Z,1173.8
2009-11-21T00:00:00Z,1230.6
2009-11-22T00:00:00Z,768.4
2009-11-23T00:00:00Z,909.8
2009-11-24T00:00:00Z,456.1
2009-11-25T00:00:00Z,1257.8
2009-11-26T00:00:00Z,711.8
2009-11-27T00:00:00Z,641.7
2009-11-28T00:00:00Z,975.2
2009-11-29T00:00:00Z,1090.1
2009-11-30T00:00:00Z,808.5
2009-12-01T00:00:00Z,117.5
2009-12-02T00:00:00Z,546.9
2009-12-03T00:00:00Z,348.3
2009-12-04T00:00:00Z,170.3
2009-12-05T00:00:00Z,697.4
2009-12-06T00:00:00Z,473.5
2009-12-07T00:00:00Z,274.8
2009-12-08T00:00:00Z,169.9
2009-12-09T00:00:00Z,198.1
2009-12-10T00:00:00Z,390.2
2009-12-11T00:00:00Z,186.5
2009-12-12T00:00:00Z,281.7
2009-12-13T00:00:00Z,438
2009-12-14T00:00:00Z,545.4
2009-12-15T00:00:00Z,771.8
2009-12-16T00:00:00Z,600.6
2009-12-17T00:00:00Z,560.5
2009-12-18T00:00:00Z,347.6
2009-12-19T00:00:00Z,321.3
2009-12-20T00:00:00Z,990.9
2009-12-21T00:00:00Z,899.8
2009-12-22T00:00:00Z,627.2
2009-12-23T00:00:00Z,123.4
2009-12-24T00:00:00Z,544.1
2009-12-25T00:00:00Z,286.6
2009-12-26T00:00:00Z,966.9
2009-12-27T00:00:00Z,429.2
2009-12-28T00:00:00Z,462.9
2009-12-29T00:00:00Z,616.1
2009-12-30T00:00:00Z,493.8
2009-12-31T00:00:00Z,293.3
2010-01-01T00:00:00Z,326.7
2010-01-02T00:00:00Z,530.1
2010-01-03T00:00:00Z,482.4
2010-01-04T00:00:00Z,1584
2010-01-05T00:00:00Z,1867.5
2010-01-06T00:00:00Z,375.5
2010-01-07T00:00:00Z,1034.7
2010-01-08T00:00:00Z,446.9
2010-01-09T00:00:00Z,419.6
2010-01-10T00:00:00Z,519.5
2010-01-11T00:00:00Z,562.1
2010-01-12T00:00:00Z,1261.5
2010-01-13T00:00:00Z,1054.3
2010-01-14T00:00:00Z,877.5
2010-01-15T00:00:00Z,391.3
2010-01-16T00:00:00Z,866.5
2010-01-17T00:00:00Z,290.6
2010-01-18T00:00:00Z,296.4
2010-01-19T00:00:00Z,533.3
2010-01-20T00:00:00Z,858.9
2010-01-21T00:00:00Z,333.7
2010-01-22T00:00:00Z,433.5
2010-01-23T00:00:00Z,464.5
2010-01-24T00:00:00Z,841
2010-01-25T00:00:00Z,969.4
2010-01-26T00:00:00Z,863.6
2010-01-27T00:00:00Z,2163.1
2010-01-28T00:00:00Z,236.9
2010-01-29T00:00:00Z,660.7
2010-01-30T00:00:00Z,1103
2010-01-31T00:00:00Z,1368.2
2010-02-01T00:00:00Z,1328.9
2010-02-02T00:00:00Z,1039.6
2010-02-03T00:00:00Z,278.7
2010-02-04T00:00:00Z,1081.7
2010-02-05T00:00:00Z,927.8
2010-02-06T00:00:00Z,345.4
2010-02-07T00:00:00Z,1712.5
2010-02-08T00:00:00Z,1563
2010-02-09T00:00:00Z,1491.1
2010-02-10T00:00:00Z,533.3
2010-02-11T00:00:00Z,566.6
2010-02-12T00:00:00Z,807
2010-02-13T00:00:00Z,1294.5
2010-02-14T00:00:00Z,750.3
2010-02-15T00:00:00Z,965.1
2010-02-16T00:00:00Z,2171.8
2010-02-17T00:00:00Z,2492.3
2010-02-18T00:00:00Z,943.3
2010-02-19T00:00:00Z,1166.7
2010-02-20T00:00:00Z,1111.8
2010-02-21T00:00:00Z,2375
2010-02-22T00:00:00Z,1508.7
2010-02-23T00:00:00Z,2031.6
2010-02-24T00:00:00Z,2211.4
2010-02-25T00:00:00Z,2468.4
2010-02-26T00:00:00Z,910.6
2010-02-27T00:00:00Z,2841.2
2010-02-28T00:00:00Z,1357.8
2010-03-01T00:00:00Z,2925.3
2010-03-02T00:00:00Z,2180.6
2010-03-03T00:00:00Z,2197.3
2010-03-04T00:00:00Z,2645.8
2010-03-05T00:00:00Z,2141.1
2010-03-06T00:00:00Z,1294.5
2010-03-07T00:00:00Z,3062.5
2010-03-08T00:00:00Z,2535.4
2010-03-09T00:00:00Z,3095.5
2010-03-10T00:00:00Z,2285.1
2010-03-11T00:00:00Z,1302.3
2010-03-12T00:00:00Z,1422.2
2010-03-13T00:00:00Z,595.1
2010-03-14T00:00:00Z,976
2010-03-15T00:00:00Z,2557.9
2010-03-16T00:00:00Z,1850.7
2010-03-17T00:00:00Z,2371.6
2010-03-18T00:00:00Z,3713.6
2010-03-19T00:00:00Z,3275.6
2010-03-20T00:00:00Z,2450.5
2010-03-21T00:00:00Z,1144.9
2010-03-22T00:00:00Z,1938.4
2010-03-23T00:00:00Z,3598.6
2010-03-24T00:00:00Z,4236.9
2010-03-25T00:00:00Z,3414.5
2010-03-26T00:00:00Z,3480.5
2010-03-27T00:00:00Z,2382.4
2010-03-28T00:00:00Z,2025.6
2010-03-29T00:00:00Z,1998.6
2010-03-30T00:00:00Z,3504.7
2010-03-31T00:00:00Z,2668.7
2010-04-01T00:00:00Z,2069.2
2010-04-02T00:00:00Z,3006.7
2010-04-03T00:00:00Z,3821
2010-04-04T00:00:00Z,2972.8
2010-04-05T00:00:00Z,955.4
2010-04-06T00:00:00Z,3902.1
2010-04-07T00:00:00Z,4685.7
2010-04-08T00:00:00Z,4697.6
2010-04-09T00:00:00Z,3520.2
2010-04-10T00:00:00Z,2466.6
2010-04-11T00:00:00Z,2534
2010-04-12T00:00:00Z,2665.4
2010-04-13T00:00:00Z,1554.9
2010-04-14T00:00:00Z,2750.5
2010-04-15T00:00:00Z,1717.6
2010-04-16T00:00:00Z,3324.1
2010-04-17T00:00:00Z,5421
2010-04-18T00:00:00Z,3983.3
2010-04-19T00:00:00Z,5019.4
2010-04-20T00:00:00Z,5111.8
2010-04-21T00:00:00Z,5994.6
2010-04-22T00:00:00Z,6798.9
2010-04-23T00:00:00Z,6324.4
2010-04-24T00:00:00Z,6919.4
2010-04-25T00:00:00Z,6729.1
2010-04-26T00:00:00Z,3448.7
2010-04-27T00:00:00Z,5758.7
2010-04-28T00:00:00Z,6786.8
2010-04-29T00:00:00Z,7017.6
2010-04-30T00:00:00Z,5534.5
2010-05-01T00:00:00Z,3135.2
2010-05-02T00:00:00Z,3218.2
2010-05-03T00:00:00Z,1987.5
2010-05-04T00:00:00Z,1482.8
2010-05-05T00:00:00Z,3659.1
2010-05-06T00:00:00Z,2160.6
2010-05-07T00:00:00Z,3513.6
2010-05-08T00:00:00Z,3815.5
2010-05-09T00:00:00Z,6522.7
2010-05-10T00:00:00Z,3810.8
2010-05-11T00:00:00Z,6642.7
2010-05-12T00:00:00Z,4167.6
2010-05-13T00:00:00Z,1676.3
2010-05-14T00:00:00Z,1700.1
2010-05-15T00:00:00Z,2119.6
2010-05-16T00:00:00Z,2562.5
2010-05-17T00:00:00Z,4390
2010-05-18T00:00:00Z,1057.5
2010-05-19T00:00:00Z,2069.3
2010-05-20T00:00:00Z,971.5
2010-05-21T00:00:00Z,2010.3
2010-05-22T00:00:00Z,3760.5
2010-05-23T00:00:00Z,6182.9
2010-05-24T00:00:00Z,7230.6
2010-05-25T00:00:00Z,6806.3
2010-05-26T00:00:00Z,4038.6
2010-05-27T00:00:00Z,1929.4
2010-05-28T00:00:00Z,5851.3
2010-05-29T00:00:00Z,6054.5
2010-05-30T00:00:00Z,3466.6
2010-05-31T00:00:00Z,4107.7
2010-06-01T00:00:00Z,1046.3
2010-06-02T00:00:00Z,795
2010-06-03T00:00:00Z,1627.1
2010-06-04T00:00:00Z,7142.1
2010-06-05T00:00:00Z,8189.8
2010-06-06T00:00:00Z,7998.5
2010-06-07T00:00:00Z,4717
2010-06-08T00:00:00Z,7539.9
2010-06-09T00:00:00Z,7842.8
2010-06-10T00:00:00Z,6902.8
2010-06-11T00:00:00Z,7560
2010-06-12T00:00:00Z,6833.3
2010-06-13T00:00:00Z,1679.7
2010-06-14T00:00:00Z,4823.5
2010-06-15T00:00:00Z,3416.1
2010-06-16T00:00:00Z,1316.8
2010-06-17T00:00:00Z,6194.1
2010-06-18T00:00:00Z,4199.5
2010-06-19T00:00:00Z,3475.4
2010-06-20T00:00:00Z,1704.3
2010-06-21T00:00:00Z,1770.5
2010-06-22T00:00:00Z,4409.8
2010-06-23T00:00:00Z,6447
2010-06-24T00:00:00Z,5629.5
2010-06-25T00:00:00Z,6248
2010-06-26T00:00:00Z,5486.9
2010-06-27T00:00:00Z,6474.9
2010-06-28T00:00:00Z,8081.9
2010-06-29T00:00:00Z,7802.5
2010-06-30T00:00:00Z,4459.8
2010-07-01T00:00:00Z,7240.8
2010-07-02T00:00:00Z,7367.8
2010-07-03T00:00:00Z,7003.9
2010-07-04T00:00:00Z,5005.2
2010-07-05T00:00:00Z,3708.1
2010-07-06T00:00:00Z,6663
2010-07-07T00:00:00Z,5558.8
2010-07-08T00:00:00Z,7820.1
2010-07-09T00:00:00Z,7763.1
2010-07-10T00:00:00Z,7678.6
2010-07-11T00:00:00Z,7824.6
2010-07-12T00:00:00Z,7706.6
2010-07-13T00:00:00Z,6532.3
2010-07-14T00:00:00Z,7423.9
2010-07-15T00:00:00Z,5650.4
2010-07-16T00:00:00Z,7377.1
2010-07-17T00:00:00Z,4900.6
2010-07-18T00:00:00Z,2872
2010-07-19T00:00:00Z,5430.4
2010-07-20T00:00:00Z,7368.8
2010-07-21T00:00:00Z,7484.7
2010-07-22T00:00:00Z,7005.7
2010-07-23T00:00:00Z,1669.5
2010-07-24T00:00:00Z,914.4
2010-07-25T00:00:00Z,6122.2
2010-07-26T00:00:00Z,4521.9
2010-07-27T00:00:00Z,4043
2010-07-28T00:00:00Z,3702.4
2010-07-29T00:00:00Z,2584.2
2010-07-30T00:00:00Z,2122.5
2010-07-31T00:00:00Z,6010.7
2010-08-01T00:00:00Z,7234.5
2010-08-02T00:00:00Z,4583
2010-08-03T00:00:00Z,2698.2
2010-08-04T00:00:00Z,5452.9
2010-08-05T00:00:00Z,3701
2010-08-06T00:00:00Z,780.3
2010-08-07T00:00:00Z,380.4
2010-08-08T00:00:00Z,4828.8
2010-08-09T00:00:00Z,5650.3
2010-08-10T00:00:00Z,6817.1
2010-08-11T00:00:00Z,4727.4
2010-08-12T00:00:00Z,4732.7
2010-08-13T00:00:00Z,2027.8
2010-08-14T00:00:00Z,4520.1
2010-08-15T00:00:00Z,5031.9
2010-08-16T00:00:00Z,3558.6
2010-08-17T00:00:00Z,893.5
2010-08-18T00:00:00Z,1776.4
2010-08-19T00:00:00Z,3486.4
2010-08-20T00:00:00Z,5805.3
2010-08-21T00:00:00Z,6065.4
2010-08-22T00:00:00Z,6133.2
2010-08-23T00:00:00Z,5181.5
2010-08-24T00:00:00Z,3253.3
2010-08-25T00:00:00Z,5273.8
2010-08-26T00:00:00Z,5221.2
2010-08-27T00:00:00Z,1249.2
2010-08-28T00:00:00Z,3480.3
2010-08-29T00:00:00Z,3745.2
2010-08-30T00:00:00Z,1573.2
2010-08-31T00:00:00Z,2039.3
2010-09-01T00:00:00Z,2551.3
2010-09-02T00:00:00Z,5112.9
2010-09-03T00:00:00Z,3602.3
2010-09-04T00:00:00Z,2307
2010-09-05T00:00:00Z,4139.7
2010-09-06T00:00:00Z,5768.7
2010-09-07T00:00:00Z,4340.7
2010-09-08T00:00:00Z,3597.4
2010-09-09T00:00:00Z,1282.9
2010-09-10T00:00:00Z,3163.3
2010-09-11T00:00:00Z,5230.3
2010-09-12T00:00:00Z,5169.4
2010-09-13T00:00:00Z,477.5
2010-09-14T00:00:00Z,2283.6
2010-09-15T00:00:00Z,2363.6
2010-09-16T00:00:00Z,3701.1
2010-09-17T00:00:00Z,3447.3
2010-09-18T00:00:00Z,4039.3
2010-09-19T00:00:00Z,4847.5
2010-09-20T00:00:00Z,4668.1
2010-09-21T00:00:00Z,4719.1
2010-09-22T00:00:00Z,4575.1
2010-09-23T00:00:00Z,4172.4
2010-09-24T00:00:00Z,4358.8
2010-09-25T00:00:00Z,393.9
2010-09-26T00:00:00Z,1159.2
2010-09-27T00:00:00Z,3306.5
2010-09-28T00:00:00Z,433.7
2010-09-29T00:00:00Z,1873.1
2010-09-30T00:00:00Z,3297.5
2010-10-01T00:00:00Z,1299.4
2010-10-02T00:00:00Z,2272.4
2010-10-03T00:00:00Z,3876.8
2010-10-04T00:00:00Z,3867.4
2010-10-05T00:00:00Z,972.3
2010-10-06T00:00:00Z,1919
2010-10-07T00:00:00Z,1748.7
2010-10-08T00:00:00Z,3751.2
2010-10-09T00:00:00Z,3540.1
2010-10-10T00:00:00Z,3759.1
2010-10-11T00:00:00Z,3675.5
2010-10-12T00:00:00Z,3465.4
2010-10-13T00:00:00Z,3439.2
2010-10-14T00:00:00Z,1281.1
2010-10-15T00:00:00Z,1021.9
2010-10-16T00:00:00Z,1042.2
2010-10-17T00:00:00Z,1051.5
2010-10-18T00:00:00Z,926
2010-10-19T00:00:00Z,1910.1
2010-10-20T00:00:00Z,1202.1
2010-10-21T00:00:00Z,1163.2
2010-10-22T00:00:00Z,2913.8
2010-10-23T00:00:00Z,629.8
2010-10-24T00:00:00Z,480.1
2010-10-25T00:00:00Z,1060.4
2010-10-26T00:00:00Z,1157.7
2010-10-27T00:00:00Z,2321.9
2010-10-28T00:00:00Z,1282
2010-10-29T00:00:00Z,2223.5
2010-10-30T00:00:00Z,2133.7
2010-10-31T00:00:00Z,884.2
2010-11-01T00:00:00Z,1013
2010-11-02T00:00:00Z,300.8
2010-11-03T00:00:00Z,948.4
2010-11-04T00:00:00Z,812.9
2010-11-05T00:00:00Z,799.8
2010-11-06T00:00:00Z,687.2
2010-11-07T00:00:00Z,822.4
2010-11-08T00:00:00Z,327.6
2010-11-09T00:00:00Z,1404.4
2010-11-10T00:00:00Z,1650.4
2010-11-11T00:00:00Z,1049.8
2010-11-12T00:00:00Z,713.9
2010-11-13T00:00:00Z,1535.8
2010-11-14T00:00:00Z,1941.9
2010-11-15T00:00:00Z,1352.3
2010-11-16T00:00:00Z,173.1
2010-11-17T00:00:00Z,332.3
2010-11-18T00:00:00Z,328.8
2010-11-19T00:00:00Z,259.8
2010-11-20T00:00:00Z,696.8
2010-11-21T00:00:00Z,1172.5
2010-11-22T00:00:00Z,170.2
2010-11-23T00:00:00Z,290.7
2010-11-24T00:00:00Z,309.8
2010-11-25T00:00:00Z,703.5
2010-11-26T00:00:00Z,452.7
2010-11-27T00:00:00Z,1015
2010-11-28T00:00:00Z,595.5
2010-11-29T00:00:00Z,160.9
2010-11-30T00:00:00Z,1948.8
2010-12-01T00:00:00Z,370.6
2010-12-02T00:00:00Z,890.8
2010-12-03T00:00:00Z,724.6
2010-12-04T00:00:00Z,353.2
2010-12-05T00:00:00Z,742.1
2010-12-06T00:00:00Z,274.4
2010-12-07T00:00:00Z,730.2
2010-12-08T00:00:00Z,1255.3
2010-12-09T00:00:00Z,457.2
2010-12-10T00:00:00Z,814.9
2010-12-11T00:00:00Z,229.7
2010-12-12T00:00:00Z,378.1
2010-12-13T00:00:00Z,1130.1
2010-12-14T00:00:00Z,644.4
2010-12-15T00:00:00Z,495.1
2010-12-16T00:00:00Z,639.1
2010-12-17T00:00:00Z,429.3
2010-12-18T00:00:00Z,829.1
2010-12-19T00:00:00Z,254.4
2010-12-20T00:00:00Z,82.8
2010-12-21T00:00:00Z,927.9
2010-12-22T00:00:00Z,678.2
2010-12-23T00:00:00Z,834.6
2010-12-24T00:00:00Z,188.8
2010-12-25T00:00:00Z,294
2010-12-26T00:00:00Z,720
2010-12-27T00:00:00Z,442.6
2010-12-28T00:00:00Z,532.4
2010-12-29T00:00:00Z,712.1
2010-12-30T00:00:00Z,917.6
2010-12-31T00:00:00Z,248.9
2011-01-01T00:00:00Z,129.7
2011-01-02T00:00:00Z,223.9
2011-01-03T00:00:00Z,230.9
2011-01-04T00:00:00Z,156.5
2011-01-05T00:00:00Z,370.7
2011-01-06T00:00:00Z,259.2
2011-01-07T00:00:00Z,424.8
2011-01-08T00:00:00Z,514.4
2011-01-09T00:00:00Z,1174.7
2011-01-10T00:00:00Z,380.1
2011-01-11T00:00:00Z,315.7
2011-01-12T00:00:00Z,206.6
2011-01-13T00:00:00Z,227.5
2011-01-14T00:00:00Z,195.8
2011-01-15T00:00:00Z,903.2
2011-01-16T00:00:00Z,1470.8
2011-01-17T00:00:00Z,1628.2
2011-01-18T00:00:00Z,550.5
2011-01-19T00:00:00Z,259.1
2011-01-20T00:00:00Z,763.7
2011-01-21T00:00:00Z,1214
2011-01-22T00:00:00Z,931.4
2011-01-23T00:00:00Z,958.2
2011-01-24T00:00:00Z,407.1
2011-01-25T00:00:00Z,317.4
2011-01-26T00:00:00Z,697.6
2011-01-27T00:00:00Z,1067.1
2011-01-28T00:00:00Z,2208.6
2011-01-29T00:00:00Z,2251.8
2011-01-30T00:00:00Z,2246.6
2011-01-31T00:00:00Z,2563.1
2011-02-01T00:00:00Z,464.4
2011-02-02T00:00:00Z,700.3
2011-02-03T00:00:00Z,1236.5
2011-02-04T00:00:00Z,1171.5
2011-02-05T00:00:00Z,998
2011-02-06T00:00:00Z,1803.6
2011-02-07T00:00:00Z,2637.2
2011-02-08T00:00:00Z,1400.8
2011-02-09T00:00:00Z,2793.3
2011-02-10T00:00:00Z,2530.4
2011-02-11T00:00:00Z,352
2011-02-12T00:00:00Z,460.2
2011-02-13T00:00:00Z,700.4
2011-02-14T00:00:00Z,704.7
2011-02-15T00:00:00Z,922.5
2011-02-16T00:00:00Z,1754.5
2011-02-17T00:00:00Z,2320
2011-02-18T00:00:00Z,327.3
2011-02-19T00:00:00Z,540.8
2011-02-20T00:00:00Z,1356.7
2011-02-21T00:00:00Z,1660.4
2011-02-22T00:00:00Z,2976.6
2011-02-23T00:00:00Z,2586.8
2011-02-24T00:00:00Z,3118.3
2011-02-25T00:00:00Z,3524.2
2011-02-26T00:00:00Z,3424
2011-02-27T00:00:00Z,745.9
2011-02-28T00:00:00Z,3276.3
2011-03-01T00:00:00Z,2243.7
2011-03-02T00:00:00Z,3653.5
2011-03-03T00:00:00Z,3419
2011-03-04T00:00:00Z,3762.3
2011-03-05T00:00:00Z,3633.9
2011-03-06T00:00:00Z,2492.3
2011-03-07T00:00:00Z,4196.6
2011-03-08T00:00:00Z,4251.6
2011-03-09T00:00:00Z,3472.5
2011-03-10T00:00:00Z,985.7
2011-03-11T00:00:00Z,2278.8
2011-03-12T00:00:00Z,3790.7
2011-03-13T00:00:00Z,1499.3
2011-03-14T00:00:00Z,3095.8
2011-03-15T00:00:00Z,4298.7
2011-03-16T00:00:00Z,1778.4
2011-03-17T00:00:00Z,778.9
2011-03-18T00:00:00Z,198.3
2011-03-19T00:00:00Z,1753.5
2011-03-20T00:00:00Z,3123.9
2011-03-21T00:00:00Z,4391.3
2011-03-22T00:00:00Z,4698.1
2011-03-23T00:00:00Z,4656.4
2011-03-24T00:00:00Z,4888.9
2011-03-25T00:00:00Z,4347.6
2011-03-26T00:00:00Z,2427.8
2011-03-27T00:00:00Z,2428
2011-03-28T00:00:00Z,4245.7
2011-03-29T00:00:00Z,4692.8
2011-03-30T00:00:00Z,5013.7
2011-03-31T00:00:00Z,2947.6
2011-04-01T00:00:00Z,2055
2011-04-02T00:00:00Z,5321.8
2011-04-03T00:00:00Z,5383.8
2011-04-04T00:00:00Z,1084
2011-04-05T00:00:00Z,3630.5
2011-04-06T00:00:00Z,2469.3
2011-04-07T00:00:00Z,5217.7
2011-04-08T00:00:00Z,5381.6
2011-04-09T00:00:00Z,5940.2
2011-04-10T00:00:00Z,5931.5
2011-04-11T00:00:00Z,5040.3
2011-04-12T00:00:00Z,1586.2
2011-04-13T00:00:00Z,1561.6
2011-04-14T00:00:00Z,3528
2011-04-15T00:00:00Z,3102.8
2011-04-16T00:00:00Z,3198.5
2011-04-17T00:00:00Z,6347.8
2011-04-18T00:00:00Z,6346.7
2011-04-19T00:00:00Z,6425.8
2011-04-20T00:00:00Z,6421.1
2011-04-21T00:00:00Z,6352.6
2011-04-22T00:00:00Z,6510.9
2011-04-23T00:00:00Z,6452.3
2011-04-24T00:00:00Z,5550.8
2011-04-25T00:00:00Z,4507.2
2011-04-26T00:00:00Z,4104.9
2011-04-27T00:00:00Z,3258.1
2011-04-28T00:00:00Z,4503.1
2011-04-29T00:00:00Z,4852.4
2011-04-30T00:00:00Z,5937.6
2011-05-01T00:00:00Z,3388.4
2011-05-02T00:00:00Z,6076.5
2011-05-03T00:00:00Z,1809.8
2011-05-04T00:00:00Z,6780.5
2011-05-05T00:00:00Z,6328.3
2011-05-06T00:00:00Z,7351.6
2011-05-07T00:00:00Z,7422.6
2011-05-08T00:00:00Z,5212.3
2011-05-09T00:00:00Z,7501.4
2011-05-10T00:00:00Z,7393.7
2011-05-11T00:00:00Z,6787.4
2011-05-12T00:00:00Z,3552.4
2011-05-13T00:00:00Z,6777
2011-05-14T00:00:00Z,4339.8
2011-05-15T00:00:00Z,2166.4
2011-05-16T00:00:00Z,4502.1
2011-05-17T00:00:00Z,3841.2
2011-05-18T00:00:00Z,7582.5
2011-05-19T00:00:00Z,7770.6
2011-05-20T00:00:00Z,7271.3
2011-05-21T00:00:00Z,6931.4
2011-05-22T00:00:00Z,7381.9
2011-05-23T00:00:00Z,6916.6
2011-05-24T00:00:00Z,7242.3
2011-05-25T00:00:00Z,7114.9
2011-05-26T00:00:00Z,6969.6
2011-05-27T00:00:00Z,1671.4
2011-05-28T00:00:00Z,2425.7
2011-05-29T00:00:00Z,7147.5
2011-05-30T00:00:00Z,8051.7
2011-05-31T00:00:00Z,7430
2011-06-01T00:00:00Z,1756.3
2011-06-02T00:00:00Z,2120.1
2011-06-03T00:00:00Z,5807.2
2011-06-04T00:00:00Z,7448.8
2011-06-05T00:00:00Z,7873.5
2011-06-06T00:00:00Z,5981.9
2011-06-07T00:00:00Z,6824.2
2011-06-08T00:00:00Z,3916.1
2011-06-09T00:00:00Z,3901.1
2011-06-10T00:00:00Z,6145.5
2011-06-11T00:00:00Z,3550.6
2011-06-12T00:00:00Z,5122.5
2011-06-13T00:00:00Z,4700.9
2011-06-14T00:00:00Z,4329.1
2011-06-15T00:00:00Z,7901.3
2011-06-16T00:00:00Z,6399.3
2011-06-17T00:00:00Z,5436.6
2011-06-18T00:00:00Z,1510.6
2011-06-19T00:00:00Z,4566.1
2011-06-20T00:00:00Z,4591.4
2011-06-21T00:00:00Z,5685.6
2011-06-22T00:00:00Z,6241
2011-06-23T00:00:00Z,2786.5
2011-06-24T00:00:00Z,5770.9
2011-06-25T00:00:00Z,3296.5
2011-06-26T00:00:00Z,4303.8
2011-06-27T00:00:00Z,7864
2011-06-28T00:00:00Z,7964.7
2011-06-29T00:00:00Z,8045.6
2011-06-30T00:00:00Z,1353.8
2011-07-01T00:00:00Z,4783.8
2011-07-02T00:00:00Z,5266
2011-07-03T00:00:00Z,674.2
2011-07-04T00:00:00Z,2784.8
2011-07-05T00:00:00Z,4000.5
2011-07-06T00:00:00Z,7108.2
2011-07-07T00:00:00Z,7352.3
2011-07-08T00:00:00Z,4827.7
2011-07-09T00:00:00Z,7315.7
2011-07-10T00:00:00Z,5635.9
2011-07-11T00:00:00Z,6752.1
2011-07-12T00:00:00Z,7697.3
2011-07-13T00:00:00Z,4406.7
2011-07-14T00:00:00Z,2332.3
2011-07-15T00:00:00Z,4831.6
2011-07-16T00:00:00Z,7913.4
2011-07-17T00:00:00Z,7042.5
2011-07-18T00:00:00Z,3397.1
2011-07-19T00:00:00Z,7592.1
2011-07-20T00:00:00Z,470.8
2011-07-21T00:00:00Z,3627.1
2011-07-22T00:00:00Z,4505.9
2011-07-23T00:00:00Z,4267.5
2011-07-24T00:00:00Z,1969
2011-07-25T00:00:00Z,4577.2
2011-07-26T00:00:00Z,5517.8
2011-07-27T00:00:00Z,6119.8
2011-07-28T00:00:00Z,4349.4
2011-07-29T00:00:00Z,3827.7
2011-07-30T00:00:00Z,2330
2011-07-31T00:00:00Z,994.7
2011-08-01T00:00:00Z,3188.5
2011-08-02T00:00:00Z,6540.3
2011-08-03T00:00:00Z,6590.8
2011-08-04T00:00:00Z,2696
2011-08-05T00:00:00Z,4944.8
2011-08-06T00:00:00Z,6005.7
2011-08-07T00:00:00Z,1464.9
2011-08-08T00:00:00Z,2244.4
2011-08-09T00:00:00Z,4416.6
2011-08-10T00:00:00Z,3602.2
2011-08-11T00:00:00Z,6260
2011-08-12T00:00:00Z,6269.6
2011-08-13T00:00:00Z,2828.6
2011-08-14T00:00:00Z,5875.2
2011-08-15T00:00:00Z,1958.5
2011-08-16T00:00:00Z,4602.5
2011-08-17T00:00:00Z,6423.3
2011-08-18T00:00:00Z,5771.7
2011-08-19T00:00:00Z,3985.3
2011-08-20T00:00:00Z,6052.4
2011-08-21T00:00:00Z,5936.7
2011-08-22T00:00:00Z,5792.7
2011-08-23T00:00:00Z,6019
2011-08-24T00:00:00Z,5645.3
2011-08-25T00:00:00Z,5992.5
2011-08-26T00:00:00Z,6023.8
2011-08-27T00:00:00Z,811
2011-08-28T00:00:00Z,5189
2011-08-29T00:00:00Z,5846
2011-08-30T00:00:00Z,3858
2011-08-31T00:00:00Z,5129.2
2011-09-01T00:00:00Z,2264.2
2011-09-02T00:00:00Z,3261.3
2011-09-03T00:00:00Z,5605.8
2011-09-04T00:00:00Z,4892.6
2011-09-05T00:00:00Z,951.5
2011-09-06T00:00:00Z,5278
2011-09-07T00:00:00Z,2225.3
2011-09-08T00:00:00Z,1211.6
2011-09-09T00:00:00Z,1340.1
2011-09-10T00:00:00Z,5092.8
2011-09-11T00:00:00Z,5017.8
2011-09-12T00:00:00Z,3875.7
2011-09-13T00:00:00Z,4680.4
2011-09-14T00:00:00Z,1949.3
2011-09-15T00:00:00Z,4406.2
2011-09-16T00:00:00Z,4985.9
2011-09-17T00:00:00Z,4185.1
2011-09-18T00:00:00Z,975.1
2011-09-19T00:00:00Z,914.8
2011-09-20T00:00:00Z,701.1
2011-09-21T00:00:00Z,2135.7
2011-09-22T00:00:00Z,3199.3
2011-09-23T00:00:00Z,3531.6
2011-09-24T00:00:00Z,4382.7
2011-09-25T00:00:00Z,4269.1
2011-09-26T00:00:00Z,4151.4
2011-09-27T00:00:00Z,3877.4
2011-09-28T00:00:00Z,3084.5
2011-09-29T00:00:00Z,3822.4
2011-09-30T00:00:00Z,4064.8
2011-10-01T00:00:00Z,3928.1
2011-10-02T00:00:00Z,3942.3
2011-10-03T00:00:00Z,3899.6
2011-10-04T00:00:00Z,3375.5
2011-10-05T00:00:00Z,2341.8
2011-10-06T00:00:00Z,3157.9
2011-10-07T00:00:00Z,1263.3
2011-10-08T00:00:00Z,1159.6
2011-10-09T00:00:00Z,1598.7
2011-10-10T00:00:00Z,520.5
2011-10-11T00:00:00Z,1668.9
2011-10-12T00:00:00Z,296.1
2011-10-13T00:00:00Z,2239.8
2011-10-14T00:00:00Z,3227.1
2011-10-15T00:00:00Z,3407.8
2011-10-16T00:00:00Z,3225.1
2011-10-17T00:00:00Z,3145
2011-10-18T00:00:00Z,2470.4
2011-10-19T00:00:00Z,1046.5
2011-10-20T00:00:00Z,1198.5
2011-10-21T00:00:00Z,2155.4
2011-10-22T00:00:00Z,2937.3
2011-10-23T00:00:00Z,2793.1
2011-10-24T00:00:00Z,2839.5
2011-10-25T00:00:00Z,2108.3
2011-10-26T00:00:00Z,393.4
2011-10-27T00:00:00Z,2069.4
2011-10-28T00:00:00Z,975.5
2011-10-29T00:00:00Z,1739.5
2011-10-30T00:00:00Z,1242.5
2011-10-31T00:00:00Z,2401.7
2011-11-01T00:00:00Z,571.8
2011-11-02T00:00:00Z,498.8
2011-11-03T00:00:00Z,1672.8
2011-11-04T00:00:00Z,1900.8
2011-11-05T00:00:00Z,1399.9
2011-11-06T00:00:00Z,1625.5
2011-11-07T00:00:00Z,1963.2
2011-11-08T00:00:00Z,1810.1
2011-11-09T00:00:00Z,2033.7
2011-11-10T00:00:00Z,1138.9
2011-11-11T00:00:00Z,1639.9
2011-11-12T00:00:00Z,1968.1
2011-11-13T00:00:00Z,1998.2
2011-11-14T00:00:00Z,1728.7
2011-11-15T00:00:00Z,558.3
2011-11-16T00:00:00Z,389.1
2011-11-17T00:00:00Z,385.5
2011-11-18T00:00:00Z,1092.8
2011-11-19T00:00:00Z,435.6
2011-11-20T00:00:00Z,784
2011-11-21T00:00:00Z,1294.6
2011-11-22T00:00:00Z,695.9
2011-11-23T00:00:00Z,369.8
2011-11-24T00:00:00Z,361.5
2011-11-25T00:00:00Z,277.2
2011-11-26T00:00:00Z,227.7
2011-11-27T00:00:00Z,1248.7
2011-11-28T00:00:00Z,918.3
2011-11-29T00:00:00Z,1630.8
2011-11-30T00:00:00Z,611.6
2011-12-01T00:00:00Z,479.4
2011-12-02T00:00:00Z,727.3
2011-12-03T00:00:00Z,468.8
2011-12-04T00:00:00Z,340.2
2011-12-05T00:00:00Z,477.1
2011-12-06T00:00:00Z,185
2011-12-07T00:00:00Z,144.9
2011-12-08T00:00:00Z,439.7
2011-12-09T00:00:00Z,389
2011-12-10T00:00:00Z,254.2
2011-12-11T00:00:00Z,477.1
2011-12-12T00:00:00Z,431.5
2011-12-13T00:00:00Z,883.7
2011-12-14T00:00:00Z,638.8
2011-12-15T00:00:00Z,300.6
2011-12-16T00:00:00Z,84.6
2011-12-17T00:00:00Z,377.9
2011-12-18T00:00:00Z,398.8
2011-12-19T00:00:00Z,511.7
2011-12-20T00:00:00Z,862.1
2011-12-21T00:00:00Z,180.7
2011-12-22T00:00:00Z,219.7
2011-12-23T00:00:00Z,383.3
2011-12-24T00:00:00Z,248.8
2011-12-25T00:00:00Z,222.7
2011-12-26T00:00:00Z,332.4
2011-12-27T00:00:00Z,334.1
2011-12-28T00:00:00Z,201.5
2011-12-29T00:00:00Z,518.8
2011-12-30T00:00:00Z,365
2011-12-31T00:00:00Z,681.9
2012-01-01T00:00:00Z,232.9
2012-01-02T00:00:00Z,839.1
2012-01-03T00:00:00Z,1001.7
2012-01-04T00:00:00Z,619.4
2012-01-05T00:00:00Z,52.7
2012-01-06T00:00:00Z,445.4
2012-01-07T00:00:00Z,265.9
2012-01-08T00:00:00Z,330.6
2012-01-09T00:00:00Z,414.7
2012-01-10T00:00:00Z,1422.8
2012-01-11T00:00:00Z,474.8
2012-01-12T00:00:00Z,1224.6
2012-01-13T00:00:00Z,368.9
2012-01-14T00:00:00Z,1133.9
2012-01-15T00:00:00Z,1018.1
2012-01-16T00:00:00Z,1691.2
2012-01-17T00:00:00Z,638.9
2012-01-18T00:00:00Z,1666.3
2012-01-19T00:00:00Z,46.7
2012-01-20T00:00:00Z,405.7
2012-01-21T00:00:00Z,452.2
2012-01-22T00:00:00Z,486.5
2012-01-23T00:00:00Z,542.4
2012-01-24T00:00:00Z,843.9
2012-01-25T00:00:00Z,804.5
2012-01-26T00:00:00Z,2001.6
2012-01-27T00:00:00Z,1290.3
2012-01-28T00:00:00Z,646.6
2012-01-29T00:00:00Z,1739.3
2012-01-30T00:00:00Z,2106.3
2012-01-31T00:00:00Z,1949.7
2012-02-01T00:00:00Z,1803.4
2012-02-02T00:00:00Z,1896.5
2012-02-03T00:00:00Z,2366.1
2012-02-04T00:00:00Z,1690.1
2012-02-05T00:00:00Z,1553.5
2012-02-06T00:00:00Z,2280.8
2012-02-07T00:00:00Z,1443.1
2012-02-08T00:00:00Z,2314.2
2012-02-09T00:00:00Z,937
2012-02-10T00:00:00Z,2132.2
2012-02-11T00:00:00Z,2625.7
2012-02-12T00:00:00Z,2634.9
2012-02-13T00:00:00Z,794.4
2012-02-14T00:00:00Z,718.8
2012-02-15T00:00:00Z,1436.1
2012-02-16T00:00:00Z,2420
2012-02-17T00:00:00Z,422.2
2012-02-18T00:00:00Z,830.8
2012-02-19T00:00:00Z,780.1
2012-02-20T00:00:00Z,1934.5
2012-02-21T00:00:00Z,3226.6
2012-02-22T00:00:00Z,2668.6
2012-02-23T00:00:00Z,878.8
2012-02-24T00:00:00Z,444.1
2012-02-25T00:00:00Z,2616.6
2012-02-26T00:00:00Z,1046.1
2012-02-27T00:00:00Z,1159.7
2012-02-28T00:00:00Z,318.5
2012-02-29T00:00:00Z,455.1
2012-03-01T00:00:00Z,2540.7
2012-03-02T00:00:00Z,1078.1
2012-03-03T00:00:00Z,3559.7
2012-03-04T00:00:00Z,1587.2
2012-03-05T00:00:00Z,1599.8
2012-03-06T00:00:00Z,3603.7
2012-03-07T00:00:00Z,3704.8
2012-03-08T00:00:00Z,654.8
2012-03-09T00:00:00Z,1816.9
2012-03-10T00:00:00Z,3847.1
2012-03-11T00:00:00Z,503.1
2012-03-12T00:00:00Z,531.7
2012-03-13T00:00:00Z,653.9
2012-03-14T00:00:00Z,1820.3
2012-03-15T00:00:00Z,3757.2
2012-03-16T00:00:00Z,4462.6
2012-03-17T00:00:00Z,4399.8
2012-03-18T00:00:00Z,4388.9
2012-03-19T00:00:00Z,2513
2012-03-20T00:00:00Z,4349.2
2012-03-21T00:00:00Z,4754.8
2012-03-22T00:00:00Z,4902.9
2012-03-23T00:00:00Z,4351.1
2012-03-24T00:00:00Z,4009.6
2012-03-25T00:00:00Z,4945.7
2012-03-26T00:00:00Z,4874.6
2012-03-27T00:00:00Z,4874.7
2012-03-28T00:00:00Z,5054.8
2012-03-29T00:00:00Z,2477.7
2012-03-30T00:00:00Z,1892.5
2012-03-31T00:00:00Z,729
2012-04-01T00:00:00Z,4922.4
2012-04-02T00:00:00Z,4919.8
2012-04-03T00:00:00Z,5064.8
2012-04-04T00:00:00Z,4256.4
2012-04-05T00:00:00Z,3135.8
2012-04-06T00:00:00Z,794
2012-04-07T00:00:00Z,1558.9
2012-04-08T00:00:00Z,3159.7
2012-04-09T00:00:00Z,4515.6
2012-04-10T00:00:00Z,4211.9
2012-04-11T00:00:00Z,3500.5
2012-04-12T00:00:00Z,4753.2
2012-04-13T00:00:00Z,2346.2
2012-04-14T00:00:00Z,3364.4
2012-04-15T00:00:00Z,586.8
2012-04-16T00:00:00Z,1190.5
2012-04-17T00:00:00Z,4578.8
2012-04-18T00:00:00Z,5139.1
2012-04-19T00:00:00Z,6144.3
2012-04-20T00:00:00Z,2650.8
2012-04-21T00:00:00Z,5287.3
2012-04-22T00:00:00Z,2119.7
2012-04-23T00:00:00Z,6497.3
2012-04-24T00:00:00Z,3150.1
2012-04-25T00:00:00Z,6515.5
2012-04-26T00:00:00Z,6863.4
2012-04-27T00:00:00Z,6922.1
2012-04-28T00:00:00Z,7029.8
2012-04-29T00:00:00Z,5642.6
2012-04-30T00:00:00Z,4761.7
2012-05-01T00:00:00Z,7015.6
2012-05-02T00:00:00Z,6480.5
2012-05-03T00:00:00Z,4786
2012-05-04T00:00:00Z,6605.5
2012-05-05T00:00:00Z,2435.5
2012-05-06T00:00:00Z,4510.3
2012-05-07T00:00:00Z,4379.9
2012-05-08T00:00:00Z,7593.9
2012-05-09T00:00:00Z,6379.9
2012-05-10T00:00:00Z,7060.8
2012-05-11T00:00:00Z,6414.7
2012-05-12T00:00:00Z,1087
2012-05-13T00:00:00Z,3631.4
2012-05-14T00:00:00Z,4632.1
2012-05-15T00:00:00Z,6973.6
2012-05-16T00:00:00Z,2258.2
2012-05-17T00:00:00Z,4774.8
2012-05-18T00:00:00Z,7484.2
2012-05-19T00:00:00Z,7743.2
2012-05-20T00:00:00Z,7054.1
2012-05-21T00:00:00Z,4391.9
2012-05-22T00:00:00Z,3820.1
2012-05-23T00:00:00Z,6309.7
2012-05-24T00:00:00Z,7627.6
2012-05-25T00:00:00Z,7197
2012-05-26T00:00:00Z,7512.2
2012-05-27T00:00:00Z,4930.5
2012-05-28T00:00:00Z,4763.3
2012-05-29T00:00:00Z,5226.1
2012-05-30T00:00:00Z,4392.6
2012-05-31T00:00:00Z,4601.1
2012-06-01T00:00:00Z,3350.6
2012-06-02T00:00:00Z,5344.5
2012-06-03T00:00:00Z,4060.1
2012-06-04T00:00:00Z,2661.5
2012-06-05T00:00:00Z,2358.2
2012-06-06T00:00:00Z,4277.9
2012-06-07T00:00:00Z,6112.5
2012-06-08T00:00:00Z,4773.9
2012-06-09T00:00:00Z,1816.5
2012-06-10T00:00:00Z,2012
2012-06-11T00:00:00Z,4570
2012-06-12T00:00:00Z,3113.4
2012-06-13T00:00:00Z,2036.3
2012-06-14T00:00:00Z,6418.1
2012-06-15T00:00:00Z,7895.6
2012-06-16T00:00:00Z,8246.9
2012-06-17T00:00:00Z,7312
2012-06-18T00:00:00Z,8067.5
2012-06-19T00:00:00Z,6094.7
2012-06-20T00:00:00Z,6451.7
2012-06-21T00:00:00Z,5670.7
2012-06-22T00:00:00Z,6395.5
2012-06-23T00:00:00Z,5740.8
2012-06-24T00:00:00Z,7375.4
2012-06-25T00:00:00Z,4129.2
2012-06-26T00:00:00Z,6665.4
2012-06-27T00:00:00Z,7666
2012-06-28T00:00:00Z,7252.4
2012-06-29T00:00:00Z,7559.4
2012-06-30T00:00:00Z,7478
2012-07-01T00:00:00Z,6658
2012-07-02T00:00:00Z,6677.8
2012-07-03T00:00:00Z,2884.3
2012-07-04T00:00:00Z,6369.9
2012-07-05T00:00:00Z,6010.8
2012-07-06T00:00:00Z,5742.8
2012-07-07T00:00:00Z,3736.1
2012-07-08T00:00:00Z,7597.3
2012-07-09T00:00:00Z,4192.9
2012-07-10T00:00:00Z,6136.8
2012-07-11T00:00:00Z,3643.6
2012-07-12T00:00:00Z,5144.3
2012-07-13T00:00:00Z,2854.5
2012-07-14T00:00:00Z,3214.2
2012-07-15T00:00:00Z,3896.8
2012-07-16T00:00:00Z,3711.2
2012-07-17T00:00:00Z,1500.8
2012-07-18T00:00:00Z,4911.6
2012-07-19T00:00:00Z,4302.4
2012-07-20T00:00:00Z,3502
2012-07-21T00:00:00Z,3689.1
2012-07-22T00:00:00Z,5350.2
2012-07-23T00:00:00Z,7530
2012-07-24T00:00:00Z,7255.5
2012-07-25T00:00:00Z,1878.9
2012-07-26T00:00:00Z,4380.9
2012-07-27T00:00:00Z,7172.2
2012-07-28T00:00:00Z,5207.2
2012-07-29T00:00:00Z,3454
2012-07-30T00:00:00Z,5572
2012-07-31T00:00:00Z,6071.1
2012-08-01T00:00:00Z,7314.8
2012-08-02T00:00:00Z,6792.3
2012-08-03T00:00:00Z,4785.1
2012-08-04T00:00:00Z,5088.4
2012-08-05T00:00:00Z,6510.5
2012-08-06T00:00:00Z,5080.5
2012-08-07T00:00:00Z,5113.9
2012-08-08T00:00:00Z,5359.7
2012-08-09T00:00:00Z,6443.8
2012-08-10T00:00:00Z,4481.2
2012-08-11T00:00:00Z,4062.8
2012-08-12T00:00:00Z,6357
2012-08-13T00:00:00Z,5827.3
2012-08-14T00:00:00Z,6474.2
2012-08-15T00:00:00Z,5913.2
2012-08-16T00:00:00Z,1826.7
2012-08-17T00:00:00Z,6541
2012-08-18T00:00:00Z,6438.5
2012-08-19T00:00:00Z,6551.2
2012-08-20T00:00:00Z,6460.3
2012-08-21T00:00:00Z,5661.6
2012-08-22T00:00:00Z,5182.8
2012-08-23T00:00:00Z,5086.4
2012-08-24T00:00:00Z,4125
2012-08-25T00:00:00Z,2503.6
2012-08-26T00:00:00Z,3814.4
2012-08-27T00:00:00Z,4632
2012-08-28T00:00:00Z,5981
2012-08-29T00:00:00Z,5787.5
2012-08-30T00:00:00Z,3927.9
2012-08-31T00:00:00Z,841.9
2012-09-01T00:00:00Z,1345.7
2012-09-02T00:00:00Z,4130.6
2012-09-03T00:00:00Z,2558.3
2012-09-04T00:00:00Z,3504.7
2012-09-05T00:00:00Z,2650
2012-09-06T00:00:00Z,2789.7
2012-09-07T00:00:00Z,5150.8
2012-09-08T00:00:00Z,5433.9
2012-09-09T00:00:00Z,5416.5
2012-09-10T00:00:00Z,5156.1
2012-09-11T00:00:00Z,5091.6
2012-09-12T00:00:00Z,880.2
2012-09-13T00:00:00Z,1318.7
2012-09-14T00:00:00Z,3529.6
2012-09-15T00:00:00Z,1284.6
2012-09-16T00:00:00Z,4970.4
2012-09-17T00:00:00Z,4274
2012-09-18T00:00:00Z,4712.6
2012-09-19T00:00:00Z,1166.5
2012-09-20T00:00:00Z,3751
2012-09-21T00:00:00Z,4251.1
2012-09-22T00:00:00Z,801.7
2012-09-23T00:00:00Z,3843.8
2012-09-24T00:00:00Z,2885.1
2012-09-25T00:00:00Z,4194.9
2012-09-26T00:00:00Z,3663.3
2012-09-27T00:00:00Z,1591.2
2012-09-28T00:00:00Z,3812.8
2012-09-29T00:00:00Z,1799
2012-09-30T00:00:00Z,2583.9
2012-10-01T00:00:00Z,1137.6
2012-10-02T00:00:00Z,2208.4
2012-10-03T00:00:00Z,3861.2
2012-10-04T00:00:00Z,1474.7
2012-10-05T00:00:00Z,3533.4
2012-10-06T00:00:00Z,3683.5
2012-10-07T00:00:00Z,733.5
2012-10-08T00:00:00Z,3396.5
2012-10-09T00:00:00Z,855.2
2012-10-10T00:00:00Z,2467.5
2012-10-11T00:00:00Z,3539.3
2012-10-12T00:00:00Z,2524.8
2012-10-13T00:00:00Z,2510.9
2012-10-14T00:00:00Z,2806.8
2012-10-15T00:00:00Z,504.2
2012-10-16T00:00:00Z,942.1
2012-10-17T00:00:00Z,2961.3
2012-10-18T00:00:00Z,2869.7
2012-10-19T00:00:00Z,2652.3
2012-10-20T00:00:00Z,749.7
2012-10-21T00:00:00Z,704.9
2012-10-22T00:00:00Z,734.9
2012-10-23T00:00:00Z,1866.1
2012-10-24T00:00:00Z,696.4
2012-10-25T00:00:00Z,299
2012-10-26T00:00:00Z,620
2012-10-27T00:00:00Z,332.4
2012-10-28T00:00:00Z,989.3
2012-10-29T00:00:00Z,1142.7
2012-10-30T00:00:00Z,1030.4
2012-10-31T00:00:00Z,2603.5
2012-11-01T00:00:00Z,1522.7
2012-11-02T00:00:00Z,1415.1
2012-11-03T00:00:00Z,1655.5
2012-11-04T00:00:00Z,2005.1
2012-11-05T00:00:00Z,455.4
2012-11-06T00:00:00Z,1118.6
2012-11-07T00:00:00Z,175.7
2012-11-08T00:00:00Z,1210.4
2012-11-09T00:00:00Z,1207
2012-11-10T00:00:00Z,1419.1
2012-11-11T00:00:00Z,680.7
2012-11-12T00:00:00Z,329.8
2012-11-13T00:00:00Z,1789
2012-11-14T00:00:00Z,2021.8
2012-11-15T00:00:00Z,408.4
2012-11-16T00:00:00Z,516.7
2012-11-17T00:00:00Z,447.9
2012-11-18T00:00:00Z,893.9
2012-11-19T00:00:00Z,758.8
2012-11-20T00:00:00Z,372
2012-11-21T00:00:00Z,479.5
2012-11-22T00:00:00Z,726.2
2012-11-23T00:00:00Z,337.1
2012-11-24T00:00:00Z,1275.8
2012-11-25T00:00:00Z,1275.6
2012-11-26T00:00:00Z,946.5
2012-11-27T00:00:00Z,312.6
2012-11-28T00:00:00Z,406.2
2012-11-29T00:00:00Z,213
2012-11-30T00:00:00Z,385.3
2012-12-01T00:00:00Z,1831.8
2012-12-02T00:00:00Z,338.6
2012-12-03T00:00:00Z,532.3
2012-12-04T00:00:00Z,101.9
2012-12-05T00:00:00Z,493
2012-12-06T00:00:00Z,1074.8
2012-12-07T00:00:00Z,987.8
2012-12-08T00:00:00Z,1054.6
2012-12-09T00:00:00Z,459.7
2012-12-10T00:00:00Z,100.6
2012-12-11T00:00:00Z,310.9
2012-12-12T00:00:00Z,331.3
2012-12-13T00:00:00Z,531.8
2012-12-14T00:00:00Z,725.9
2012-12-15T00:00:00Z,220.5
2012-12-16T00:00:00Z,527
2012-12-17T00:00:00Z,390.3
2012-12-18T00:00:00Z,247.3
2012-12-19T00:00:00Z,341.1
2012-12-20T00:00:00Z,1370.6
2012-12-21T00:00:00Z,321.5
2012-12-22T00:00:00Z,232.9
2012-12-23T00:00:00Z,113.1
2012-12-24T00:00:00Z,1163.9
2012-12-25T00:00:00Z,889.8
2012-12-26T00:00:00Z,260.9
2012-12-27T00:00:00Z,234.5
2012-12-28T00:00:00Z,653.2
2012-12-29T00:00:00Z,1281.5
2012-12-30T00:00:00Z,496.5
2012-12-31T00:00:00Z,1162
2013-01-01T00:00:00Z,1177.6
2013-01-02T00:00:00Z,648
2013-01-03T00:00:00Z,281.3
2013-01-04T00:00:00Z,88.2
2013-01-05T00:00:00Z,168.7
2013-01-06T00:00:00Z,155.7
2013-01-07T00:00:00Z,521.5
2013-01-08T00:00:00Z,294.6
2013-01-09T00:00:00Z,295.3
2013-01-10T00:00:00Z,167.6
2013-01-11T00:00:00Z,736.5
2013-01-12T00:00:00Z,659.2
2013-01-13T00:00:00Z,818.7
2013-01-14T00:00:00Z,450.3
2013-01-15T00:00:00Z,622.8
2013-01-16T00:00:00Z,317.1
2013-01-17T00:00:00Z,102.3
2013-01-18T00:00:00Z,129.7
2013-01-19T00:00:00Z,292
2013-01-20T00:00:00Z,274.2
2013-01-21T00:00:00Z,114.3
2013-01-22T00:00:00Z,98.9
2013-01-23T00:00:00Z,302.6
2013-01-24T00:00:00Z,484
2013-01-25T00:00:00Z,362.7
2013-01-26T00:00:00Z,931.9
2013-01-27T00:00:00Z,736.8
2013-01-28T00:00:00Z,461.2
2013-01-29T00:00:00Z,153.8
2013-01-30T00:00:00Z,818.3
2013-01-31T00:00:00Z,1515.9
2013-02-01T00:00:00Z,492.2
2013-02-02T00:00:00Z,388.7
2013-02-03T00:00:00Z,697.1
2013-02-04T00:00:00Z,432.9
2013-02-05T00:00:00Z,562.8
2013-02-06T00:00:00Z,1664.1
2013-02-07T00:00:00Z,1189.9
2013-02-08T00:00:00Z,1779.3
2013-02-09T00:00:00Z,913.4
2013-02-10T00:00:00Z,1259
2013-02-11T00:00:00Z,2295.9
2013-02-12T00:00:00Z,826.9
2013-02-13T00:00:00Z,1311.2
2013-02-14T00:00:00Z,1460.6
2013-02-15T00:00:00Z,2392
2013-02-16T00:00:00Z,850.2
2013-02-17T00:00:00Z,1165
2013-02-18T00:00:00Z,1160
2013-02-19T00:00:00Z,889.1
2013-02-20T00:00:00Z,2323.1
2013-02-21T00:00:00Z,1954.3
2013-02-22T00:00:00Z,2089.9
2013-02-23T00:00:00Z,909
2013-02-24T00:00:00Z,444.7
2013-02-25T00:00:00Z,427.3
2013-02-26T00:00:00Z,172.3
2013-02-27T00:00:00Z,1817.7
2013-02-28T00:00:00Z,1633.3
2013-03-01T00:00:00Z,718.7
2013-03-02T00:00:00Z,3926.1
2013-03-03T00:00:00Z,3001.8
2013-03-04T00:00:00Z,4048.9
2013-03-05T00:00:00Z,4047.6
2013-03-06T00:00:00Z,2963.6
2013-03-07T00:00:00Z,3261.7
2013-03-08T00:00:00Z,3929.1
2013-03-09T00:00:00Z,1091.7
2013-03-10T00:00:00Z,1042.6
2013-03-11T00:00:00Z,2003.1
2013-03-12T00:00:00Z,2995.9
2013-03-13T00:00:00Z,1047.4
2013-03-14T00:00:00Z,2326.3
2013-03-15T00:00:00Z,3177.6
2013-03-16T00:00:00Z,4704.7
2013-03-17T00:00:00Z,4301.9
2013-03-18T00:00:00Z,1189.7
2013-03-19T00:00:00Z,2020.8
2013-03-20T00:00:00Z,4092.2
2013-03-21T00:00:00Z,1971.5
2013-03-22T00:00:00Z,4429.5
2013-03-23T00:00:00Z,3898.6
2013-03-24T00:00:00Z,2776.6
2013-03-25T00:00:00Z,1581.6
2013-03-26T00:00:00Z,1590.7
2013-03-27T00:00:00Z,3744.5
2013-03-28T00:00:00Z,3196.8
2013-03-29T00:00:00Z,2806.8
2013-03-30T00:00:00Z,2746.5
2013-03-31T00:00:00Z,1283.3
2013-04-01T00:00:00Z,2409.6
2013-04-02T00:00:00Z,3268.7
2013-04-03T00:00:00Z,3060.8
2013-04-04T00:00:00Z,3173
2013-04-05T00:00:00Z,2014.8
2013-04-06T00:00:00Z,587.7
2013-04-07T00:00:00Z,969.2
2013-04-08T00:00:00Z,5011.8
2013-04-09T00:00:00Z,2992
2013-04-10T00:00:00Z,1697.7
2013-04-11T00:00:00Z,1478
2013-04-12T00:00:00Z,2209.8
2013-04-13T00:00:00Z,3473.5
2013-04-14T00:00:00Z,5271.3
2013-04-15T00:00:00Z,6449.3
2013-04-16T00:00:00Z,4632
2013-04-17T00:00:00Z,5056.6
2013-04-18T00:00:00Z,5561.9
2013-04-19T00:00:00Z,882.5
2013-04-20T00:00:00Z,2477.5
2013-04-21T00:00:00Z,6467.1
2013-04-22T00:00:00Z,1949.2
2013-04-23T00:00:00Z,4300.5
2013-04-24T00:00:00Z,6470.6
2013-04-25T00:00:00Z,6446.8
2013-04-26T00:00:00Z,6284.7
2013-04-27T00:00:00Z,4731.7
2013-04-28T00:00:00Z,1890.9
2013-04-29T00:00:00Z,2080.4
2013-04-30T00:00:00Z,4132.7
2013-05-01T00:00:00Z,5876.6
2013-05-02T00:00:00Z,3032.5
2013-05-03T00:00:00Z,3515.9
2013-05-04T00:00:00Z,4011.5
2013-05-05T00:00:00Z,4881.1
2013-05-06T00:00:00Z,5012.8
2013-05-07T00:00:00Z,4272.5
2013-05-08T00:00:00Z,5816.8
2013-05-09T00:00:00Z,6993.9
2013-05-10T00:00:00Z,1397.6
2013-05-11T00:00:00Z,1907.8
2013-05-12T00:00:00Z,4403.6
2013-05-13T00:00:00Z,2348.5
2013-05-14T00:00:00Z,6372
2013-05-15T00:00:00Z,7740.2
2013-05-16T00:00:00Z,4272.5
2013-05-17T00:00:00Z,4373.1
2013-05-18T00:00:00Z,6491.7
2013-05-19T00:00:00Z,5088.6
2013-05-20T00:00:00Z,6763.2
2013-05-21T00:00:00Z,6615.5
2013-05-22T00:00:00Z,2946.5
2013-05-23T00:00:00Z,4057.7
2013-05-24T00:00:00Z,2022.4
2013-05-25T00:00:00Z,2408.2
2013-05-26T00:00:00Z,1764.7
2013-05-27T00:00:00Z,736.9
2013-05-28T00:00:00Z,6782.4
2013-05-29T00:00:00Z,1109.2
2013-05-30T00:00:00Z,2323.5
2013-05-31T00:00:00Z,722.3
2013-06-01T00:00:00Z,1459.6
2013-06-02T00:00:00Z,696.9
2013-06-03T00:00:00Z,832.4
2013-06-04T00:00:00Z,1418
2013-06-05T00:00:00Z,7130.2
2013-06-06T00:00:00Z,5747.4
2013-06-07T00:00:00Z,5131.6
2013-06-08T00:00:00Z,7804
2013-06-09T00:00:00Z,7133
2013-06-10T00:00:00Z,4519.4
2013-06-11T00:00:00Z,5108.3
2013-06-12T00:00:00Z,4484.1
2013-06-13T00:00:00Z,8225.3
2013-06-14T00:00:00Z,4079
2013-06-15T00:00:00Z,7552.3
2013-06-16T00:00:00Z,6505.3
2013-06-17T00:00:00Z,8074.5
2013-06-18T00:00:00Z,7447.2
2013-06-19T00:00:00Z,8152.4
2013-06-20T00:00:00Z,7919.6
2013-06-21T00:00:00Z,7141.7
2013-06-22T00:00:00Z,5530.8
2013-06-23T00:00:00Z,6240.6
2013-06-24T00:00:00Z,1960.1
2013-06-25T00:00:00Z,1704.1
2013-06-26T00:00:00Z,3214.9
2013-06-27T00:00:00Z,6054.9
2013-06-28T00:00:00Z,5342.6
2013-06-29T00:00:00Z,4112
2013-06-30T00:00:00Z,6894.6
2013-07-01T00:00:00Z,8380.3
2013-07-02T00:00:00Z,7597.2
2013-07-03T00:00:00Z,5992.7
2013-07-04T00:00:00Z,3938.3
2013-07-05T00:00:00Z,3765.2
2013-07-06T00:00:00Z,4349
2013-07-07T00:00:00Z,5798.8
2013-07-08T00:00:00Z,7036.7
2013-07-09T00:00:00Z,7522.6
2013-07-10T00:00:00Z,6620.3
2013-07-11T00:00:00Z,5056.3
2013-07-12T00:00:00Z,5724
2013-07-13T00:00:00Z,7147.2
2013-07-14T00:00:00Z,7178
2013-07-15T00:00:00Z,6562.4
2013-07-16T00:00:00Z,7886.3
2013-07-17T00:00:00Z,7498.3
2013-07-18T00:00:00Z,5855.1
2013-07-19T00:00:00Z,5330.4
2013-07-20T00:00:00Z,6052.5
2013-07-21T00:00:00Z,7809.7
2013-07-22T00:00:00Z,7775.6
2013-07-23T00:00:00Z,7458.2
2013-07-24T00:00:00Z,4854.5
2013-07-25T00:00:00Z,6025.5
2013-07-26T00:00:00Z,7264.5
2013-07-27T00:00:00Z,7451.2
2013-07-28T00:00:00Z,7355.5
2013-07-29T00:00:00Z,3540.9
2013-07-30T00:00:00Z,4417.8
2013-07-31T00:00:00Z,4057.1
2013-08-01T00:00:00Z,7338.3
2013-08-02T00:00:00Z,7403
2013-08-03T00:00:00Z,6717.9
2013-08-04T00:00:00Z,6068.8
2013-08-05T00:00:00Z,6962.4
2013-08-06T00:00:00Z,6756.8
2013-08-07T00:00:00Z,5725.1
2013-08-08T00:00:00Z,2869.5
2013-08-09T00:00:00Z,1273.5
2013-08-10T00:00:00Z,5970.2
2013-08-11T00:00:00Z,6120.9
2013-08-12T00:00:00Z,5834.4
2013-08-13T00:00:00Z,4818.4
2013-08-14T00:00:00Z,5708.1
2013-08-15T00:00:00Z,6595.8
2013-08-16T00:00:00Z,6772.3
2013-08-17T00:00:00Z,6483.6
2013-08-18T00:00:00Z,5992
2013-08-19T00:00:00Z,1876.8
2013-08-20T00:00:00Z,2340.3
2013-08-21T00:00:00Z,6296.6
2013-08-22T00:00:00Z,5992.1
2013-08-23T00:00:00Z,4283.6
2013-08-24T00:00:00Z,5732
2013-08-25T00:00:00Z,1112.3
2013-08-26T00:00:00Z,2762.1
2013-08-27T00:00:00Z,1875.8
2013-08-28T00:00:00Z,1495.7
2013-08-29T00:00:00Z,4581
2013-08-30T00:00:00Z,5232.5
2013-08-31T00:00:00Z,4874.1
2013-09-01T00:00:00Z,3405.9
2013-09-02T00:00:00Z,2559.8
2013-09-03T00:00:00Z,2639.4
2013-09-04T00:00:00Z,5490.4
2013-09-05T00:00:00Z,5643
2013-09-06T00:00:00Z,5655.2
2013-09-07T00:00:00Z,5548.7
2013-09-08T00:00:00Z,3699
2013-09-09T00:00:00Z,3183.8
2013-09-10T00:00:00Z,1848.7
2013-09-11T00:00:00Z,3123
2013-09-12T00:00:00Z,1092.3
2013-09-13T00:00:00Z,2680.4
2013-09-14T00:00:00Z,2282.4
2013-09-15T00:00:00Z,2155.8
2013-09-16T00:00:00Z,1276.7
2013-09-17T00:00:00Z,2066.8
2013-09-18T00:00:00Z,823.3
2013-09-19T00:00:00Z,2130.9
2013-09-20T00:00:00Z,1072.9
2013-09-21T00:00:00Z,1766.6
2013-09-22T00:00:00Z,3776.4
2013-09-23T00:00:00Z,2255.2
2013-09-24T00:00:00Z,4181.4
2013-09-25T00:00:00Z,3876.8
2013-09-26T00:00:00Z,1169.3
2013-09-27T00:00:00Z,2783.8
2013-09-28T00:00:00Z,4320.7
2013-09-29T00:00:00Z,3167.2
2013-09-30T00:00:00Z,3261.3
2013-10-01T00:00:00Z,1179.5
2013-10-02T00:00:00Z,4205
2013-10-03T00:00:00Z,4221.1
2013-10-04T00:00:00Z,3601.1
2013-10-05T00:00:00Z,2569.1
2013-10-06T00:00:00Z,1122.4
2013-10-07T00:00:00Z,2872.8
2013-10-08T00:00:00Z,3139.6
2013-10-09T00:00:00Z,627.2
2013-10-10T00:00:00Z,1472.9
2013-10-11T00:00:00Z,599.7
2013-10-12T00:00:00Z,2216.9
2013-10-13T00:00:00Z,2476
2013-10-14T00:00:00Z,2736.1
2013-10-15T00:00:00Z,2005.1
2013-10-16T00:00:00Z,1253.2
2013-10-17T00:00:00Z,1397.7
2013-10-18T00:00:00Z,2015.1
2013-10-19T00:00:00Z,2926.3
2013-10-20T00:00:00Z,2450.7
2013-10-21T00:00:00Z,2417.1
2013-10-22T00:00:00Z,2082.1
2013-10-23T00:00:00Z,1316.7
2013-10-24T00:00:00Z,2568.7
2013-10-25T00:00:00Z,2269.6
2013-10-26T00:00:00Z,2101.2
2013-10-27T00:00:00Z,1175.6
2013-10-28T00:00:00Z,2163
2013-10-29T00:00:00Z,636.1
2013-10-30T00:00:00Z,968
2013-10-31T00:00:00Z,2454.5
2013-11-01T00:00:00Z,1144.2
2013-11-02T00:00:00Z,986.3
2013-11-03T00:00:00Z,265.2
2013-11-04T00:00:00Z,1552.1
2013-11-05T00:00:00Z,1665.7
2013-11-06T00:00:00Z,327.7
2013-11-07T00:00:00Z,1651.1
2013-11-08T00:00:00Z,1760.7
2013-11-09T00:00:00Z,681.5
2013-11-10T00:00:00Z,1603.4
2013-11-11T00:00:00Z,705.6
2013-11-12T00:00:00Z,1957.1
2013-11-13T00:00:00Z,509.6
2013-11-14T00:00:00Z,1179.1
2013-11-15T00:00:00Z,1479.5
2013-11-16T00:00:00Z,298.5
2013-11-17T00:00:00Z,803
2013-11-18T00:00:00Z,829.5
2013-11-19T00:00:00Z,1123.3
2013-11-20T00:00:00Z,215.2
2013-11-21T00:00:00Z,943.4
2013-11-22T00:00:00Z,894.1
2013-11-23T00:00:00Z,642
2013-11-24T00:00:00Z,389.2
2013-11-25T00:00:00Z,830.6
2013-11-26T00:00:00Z,1114.5
2013-11-27T00:00:00Z,1594.9
2013-11-28T00:00:00Z,295.5
2013-11-29T00:00:00Z,250.6
2013-11-30T00:00:00Z,472.1
2013-12-01T00:00:00Z,455.7
2013-12-02T00:00:00Z,1447.6
2013-12-03T00:00:00Z,1504.1
2013-12-04T00:00:00Z,335.7
2013-12-05T00:00:00Z,227.5
2013-12-06T00:00:00Z,630.8
2013-12-07T00:00:00Z,308
2013-12-08T00:00:00Z,284.8
2013-12-09T00:00:00Z,228.6
2013-12-10T00:00:00Z,623
2013-12-11T00:00:00Z,272.7
2013-12-12T00:00:00Z,413.3
2013-12-13T00:00:00Z,308.6
2013-12-14T00:00:00Z,224.6
2013-12-15T00:00:00Z,538.3
2013-12-16T00:00:00Z,1391.6
2013-12-17T00:00:00Z,1650.7
2013-12-18T00:00:00Z,374.2
2013-12-19T00:00:00Z,365.9
2013-12-20T00:00:00Z,492.9
2013-12-21T00:00:00Z,460
2013-12-22T00:00:00Z,882.4
2013-12-23T00:00:00Z,961.1
2013-12-24T00:00:00Z,1259.4
2013-12-25T00:00:00Z,462.4
2013-12-26T00:00:00Z,1069.5
2013-12-27T00:00:00Z,706.1
2013-12-28T00:00:00Z,1174.8
2013-12-29T00:00:00Z,496
2013-12-30T00:00:00Z,1343.7
2013-12-31T00:00:00Z,1214.6
2014-01-01T00:00:00Z,824
2014-01-02T00:00:00Z,801
2014-01-03T00:00:00Z,1125.1
2014-01-04T00:00:00Z,269.9
2014-01-05T00:00:00Z,176.7
2014-01-06T00:00:00Z,1047.3
2014-01-07T00:00:00Z,991.6
2014-01-08T00:00:00Z,1238.5
2014-01-09T00:00:00Z,994.4
2014-01-10T00:00:00Z,426.3
2014-01-11T00:00:00Z,918.2
2014-01-12T00:00:00Z,1026.6
2014-01-13T00:00:00Z,1617
2014-01-14T00:00:00Z,725.2
2014-01-15T00:00:00Z,954.4
2014-01-16T00:00:00Z,1040.7
2014-01-17T00:00:00Z,468
2014-01-18T00:00:00Z,1055
2014-01-19T00:00:00Z,788.6
2014-01-20T00:00:00Z,401.4
2014-01-21T00:00:00Z,155.8
2014-01-22T00:00:00Z,347.1
2014-01-23T00:00:00Z,315.6
2014-01-24T00:00:00Z,162.3
2014-01-25T00:00:00Z,798.8
2014-01-26T00:00:00Z,109.1
2014-01-27T00:00:00Z,123.5
2014-01-28T00:00:00Z,358.5
2014-01-29T00:00:00Z,1329.3
2014-01-30T00:00:00Z,1500.9
2014-01-31T00:00:00Z,946.6
2014-02-01T00:00:00Z,2090.2
2014-02-02T00:00:00Z,224.4
2014-02-03T00:00:00Z,1769.6
2014-02-04T00:00:00Z,1859.8
2014-02-05T00:00:00Z,2205.8
2014-02-06T00:00:00Z,1733.7
2014-02-07T00:00:00Z,1870.8
2014-02-08T00:00:00Z,1950.5
2014-02-09T00:00:00Z,620.3
2014-02-10T00:00:00Z,1504.5
2014-02-11T00:00:00Z,1060
2014-02-12T00:00:00Z,1078.2
2014-02-13T00:00:00Z,2208.9
2014-02-14T00:00:00Z,2018.7
2014-02-15T00:00:00Z,2399.8
2014-02-16T00:00:00Z,561.9
2014-02-17T00:00:00Z,1536.9
2014-02-18T00:00:00Z,2399.7
2014-02-19T00:00:00Z,467.8
2014-02-20T00:00:00Z,1691.9
2014-02-21T00:00:00Z,1109.3
2014-02-22T00:00:00Z,1502.1
2014-02-23T00:00:00Z,3276.6
2014-02-24T00:00:00Z,3309.7
2014-02-25T00:00:00Z,3238.2
2014-02-26T00:00:00Z,3173.7
2014-02-27T00:00:00Z,1424.8
2014-02-28T00:00:00Z,2395.8
2014-03-01T00:00:00Z,3406.6
2014-03-02T00:00:00Z,2550.4
2014-03-03T00:00:00Z,3149.4
2014-03-04T00:00:00Z,1425.8
2014-03-05T00:00:00Z,1249.2
2014-03-06T00:00:00Z,2208.4
2014-03-07T00:00:00Z,3770.6
2014-03-08T00:00:00Z,3622
2014-03-09T00:00:00Z,3915
2014-03-10T00:00:00Z,4144.5
2014-03-11T00:00:00Z,4133.1
2014-03-12T00:00:00Z,4059.2
2014-03-13T00:00:00Z,4262.4
2014-03-14T00:00:00Z,4193.1
2014-03-15T00:00:00Z,1024.8
2014-03-16T00:00:00Z,355.4
2014-03-17T00:00:00Z,2630
2014-03-18T00:00:00Z,3798.4
2014-03-19T00:00:00Z,826.9
2014-03-20T00:00:00Z,4485.1
2014-03-21T00:00:00Z,4387.7
2014-03-22T00:00:00Z,4227.5
2014-03-23T00:00:00Z,933.8
2014-03-24T00:00:00Z,1712.6
2014-03-25T00:00:00Z,2183.1
2014-03-26T00:00:00Z,4396.6
2014-03-27T00:00:00Z,5129.4
2014-03-28T00:00:00Z,3485.6
2014-03-29T00:00:00Z,5184.8
2014-03-30T00:00:00Z,5320.4
2014-03-31T00:00:00Z,2953.2
2014-04-01T00:00:00Z,4523.8
2014-04-02T00:00:00Z,5059.5
2014-04-03T00:00:00Z,4222
2014-04-04T00:00:00Z,3703.5
2014-04-05T00:00:00Z,3208.6
2014-04-06T00:00:00Z,2300.7
2014-04-07T00:00:00Z,5354.4
2014-04-08T00:00:00Z,1938.4
2014-04-09T00:00:00Z,4225.1
2014-04-10T00:00:00Z,1960.9
2014-04-11T00:00:00Z,3455.7
2014-04-12T00:00:00Z,4107.1
2014-04-13T00:00:00Z,2734.5
2014-04-14T00:00:00Z,2240.7
2014-04-15T00:00:00Z,2247.6
2014-04-16T00:00:00Z,3519.4
2014-04-17T00:00:00Z,6712.7
2014-04-18T00:00:00Z,1772.8
2014-04-19T00:00:00Z,5658.4
2014-04-20T00:00:00Z,5427.6
2014-04-21T00:00:00Z,5564.2
2014-04-22T00:00:00Z,2995.8
2014-04-23T00:00:00Z,5905.3
2014-04-24T00:00:00Z,4287.9
2014-04-25T00:00:00Z,6259.7
2014-04-26T00:00:00Z,6321.9
2014-04-27T00:00:00Z,2905.6
2014-04-28T00:00:00Z,2199.7
2014-04-29T00:00:00Z,2559.2
2014-04-30T00:00:00Z,5879.9
2014-05-01T00:00:00Z,3616.4
2014-05-02T00:00:00Z,4509.5
2014-05-03T00:00:00Z,895.9
2014-05-04T00:00:00Z,5467.9
2014-05-05T00:00:00Z,7360.8
2014-05-06T00:00:00Z,6290.4
2014-05-07T00:00:00Z,1085.9
2014-05-08T00:00:00Z,4332.5
2014-05-09T00:00:00Z,3224.4
2014-05-10T00:00:00Z,5765.9
2014-05-11T00:00:00Z,1976.5
2014-05-12T00:00:00Z,4621
2014-05-13T00:00:00Z,3206.8
2014-05-14T00:00:00Z,4358.4
2014-05-15T00:00:00Z,3595.2
2014-05-16T00:00:00Z,1389.1
2014-05-17T00:00:00Z,805.2
2014-05-18T00:00:00Z,1917.3
2014-05-19T00:00:00Z,7781.5
2014-05-20T00:00:00Z,7744.8
2014-05-21T00:00:00Z,7547.1
2014-05-22T00:00:00Z,7417.8
2014-05-23T00:00:00Z,5560.1
2014-05-24T00:00:00Z,5969.3
2014-05-25T00:00:00Z,6915.3
2014-05-26T00:00:00Z,5197.6
2014-05-27T00:00:00Z,1772.5
2014-05-28T00:00:00Z,694.1
2014-05-29T00:00:00Z,1203.4
2014-05-30T00:00:00Z,3000.8
2014-05-31T00:00:00Z,4208.7
2014-06-01T00:00:00Z,5655.5
2014-06-02T00:00:00Z,5719.9
2014-06-03T00:00:00Z,5689.2
2014-06-04T00:00:00Z,7889.5
2014-06-05T00:00:00Z,6106.7
2014-06-06T00:00:00Z,8340
2014-06-07T00:00:00Z,8213.9
2014-06-08T00:00:00Z,8224.5
2014-06-09T00:00:00Z,8165.9
2014-06-10T00:00:00Z,8096.9
2014-06-11T00:00:00Z,7854.8
2014-06-12T00:00:00Z,6816.5
2014-06-13T00:00:00Z,8130.5
2014-06-14T00:00:00Z,7355.7
2014-06-15T00:00:00Z,6891.2
2014-06-16T00:00:00Z,5375.9
2014-06-17T00:00:00Z,4423
2014-06-18T00:00:00Z,5937.3
2014-06-19T00:00:00Z,7663.5
2014-06-20T00:00:00Z,3854.7
2014-06-21T00:00:00Z,5285
2014-06-22T00:00:00Z,8124.7
2014-06-23T00:00:00Z,8342.5
2014-06-24T00:00:00Z,5732.3
2014-06-25T00:00:00Z,4650.7
2014-06-26T00:00:00Z,7095.5
2014-06-27T00:00:00Z,6840.4
2014-06-28T00:00:00Z,7149.1
2014-06-29T00:00:00Z,1799.5
2014-06-30T00:00:00Z,4141.1
2014-07-01T00:00:00Z,6798.3
2014-07-02T00:00:00Z,2496.7
2014-07-03T00:00:00Z,6689
2014-07-04T00:00:00Z,7145.6
2014-07-05T00:00:00Z,5886.3
2014-07-06T00:00:00Z,8120.9
2014-07-07T00:00:00Z,5860.2
2014-07-08T00:00:00Z,5466.7
2014-07-09T00:00:00Z,1330.8
2014-07-10T00:00:00Z,1679
2014-07-11T00:00:00Z,3631.4
2014-07-12T00:00:00Z,3553.1
2014-07-13T00:00:00Z,3670.8
2014-07-14T00:00:00Z,6166.3
2014-07-15T00:00:00Z,6553
2014-07-16T00:00:00Z,7397.2
2014-07-17T00:00:00Z,7117.2
2014-07-18T00:00:00Z,7172.6
2014-07-19T00:00:00Z,7731.2
2014-07-20T00:00:00Z,6556.8
2014-07-21T00:00:00Z,1507.7
2014-07-22T00:00:00Z,1106.2
2014-07-23T00:00:00Z,6214.9
2014-07-24T00:00:00Z,6543.4
2014-07-25T00:00:00Z,7232.8
2014-07-26T00:00:00Z,6488.2
2014-07-27T00:00:00Z,4100.3
2014-07-28T00:00:00Z,3141
2014-07-29T00:00:00Z,4189.1
2014-07-30T00:00:00Z,3974.9
2014-07-31T00:00:00Z,2364.2
2014-08-01T00:00:00Z,5726.1
2014-08-02T00:00:00Z,7007.6
2014-08-03T00:00:00Z,6438.6
2014-08-04T00:00:00Z,3930.8
2014-08-05T00:00:00Z,2168
2014-08-06T00:00:00Z,6304.8
2014-08-07T00:00:00Z,6088.1
2014-08-08T00:00:00Z,6838.2
2014-08-09T00:00:00Z,5518.6
2014-08-10T00:00:00Z,6324.7
2014-08-11T00:00:00Z,776.2
2014-08-12T00:00:00Z,3225.6
2014-08-13T00:00:00Z,1447
2014-08-14T00:00:00Z,3114.2
2014-08-15T00:00:00Z,3177
2014-08-16T00:00:00Z,2851.8
2014-08-17T00:00:00Z,4344.2
2014-08-18T00:00:00Z,5167.9
2014-08-19T00:00:00Z,3880.7
2014-08-20T00:00:00Z,2871.3
2014-08-21T00:00:00Z,4477.2
2014-08-22T00:00:00Z,5701.8
2014-08-23T00:00:00Z,3004.4
2014-08-24T00:00:00Z,3915.6
2014-08-25T00:00:00Z,4943.1
2014-08-26T00:00:00Z,1674.9
2014-08-27T00:00:00Z,3059
2014-08-28T00:00:00Z,6104
2014-08-29T00:00:00Z,3577.2
2014-08-30T00:00:00Z,3475.9
2014-08-31T00:00:00Z,2054.1
2014-09-01T00:00:00Z,1278.9
2014-09-02T00:00:00Z,1673.2
2014-09-03T00:00:00Z,2273.6
2014-09-04T00:00:00Z,4893.7
2014-09-05T00:00:00Z,2999.5
2014-09-06T00:00:00Z,4301.9
2014-09-07T00:00:00Z,4785.9
2014-09-08T00:00:00Z,4997.5
2014-09-09T00:00:00Z,3495.5
2014-09-10T00:00:00Z,3865.3
2014-09-11T00:00:00Z,1996.5
2014-09-12T00:00:00Z,555.1
2014-09-13T00:00:00Z,890.4
2014-09-14T00:00:00Z,1102.5
2014-09-15T00:00:00Z,3832.8
2014-09-16T00:00:00Z,4621
2014-09-17T00:00:00Z,4889.4
2014-09-18T00:00:00Z,4120.1
2014-09-19T00:00:00Z,3959.4
2014-09-20T00:00:00Z,2341.4
2014-09-21T00:00:00Z,1190.4
2014-09-22T00:00:00Z,1859.7
2014-09-23T00:00:00Z,2327.4
2014-09-24T00:00:00Z,4417.5
2014-09-25T00:00:00Z,1399.9
2014-09-26T00:00:00Z,872
2014-09-27T00:00:00Z,2275.7
2014-09-28T00:00:00Z,4284.8
2014-09-29T00:00:00Z,3053
2014-09-30T00:00:00Z,1768.9
2014-10-01T00:00:00Z,900
2014-10-02T00:00:00Z,2419.6
2014-10-03T00:00:00Z,2726.9
2014-10-04T00:00:00Z,3931.3
2014-10-05T00:00:00Z,1187.8
2014-10-06T00:00:00Z,3756.4
2014-10-07T00:00:00Z,3146.8
2014-10-08T00:00:00Z,2494.3
2014-10-09T00:00:00Z,3620.5
2014-10-10T00:00:00Z,2482
2014-10-11T00:00:00Z,779.3
2014-10-12T00:00:00Z,3067.3
2014-10-13T00:00:00Z,2400.2
2014-10-14T00:00:00Z,2738.1
2014-10-15T00:00:00Z,1601.4
2014-10-16T00:00:00Z,1367.3
2014-10-17T00:00:00Z,607.1
2014-10-18T00:00:00Z,2802.9
2014-10-19T00:00:00Z,3174.9
2014-10-20T00:00:00Z,1508.9
2014-10-21T00:00:00Z,963.7
2014-10-22T00:00:00Z,280.8
2014-10-23T00:00:00Z,544.6
2014-10-24T00:00:00Z,1130.3
2014-10-25T00:00:00Z,1588.7
2014-10-26T00:00:00Z,1937.1
2014-10-27T00:00:00Z,1351.2
2014-10-28T00:00:00Z,1453.3
2014-10-29T00:00:00Z,1703.9
2014-10-30T00:00:00Z,634.3
2014-10-31T00:00:00Z,1491.2
2014-11-01T00:00:00Z,1884.6
2014-11-02T00:00:00Z,2255.4
2014-11-03T00:00:00Z,1257.5
2014-11-04T00:00:00Z,2382.1
2014-11-05T00:00:00Z,858.7
2014-11-06T00:00:00Z,234.9
2014-11-07T00:00:00Z,409.5
2014-11-08T00:00:00Z,1084.1
2014-11-09T00:00:00Z,757.3
2014-11-10T00:00:00Z,610.4
2014-11-11T00:00:00Z,1479.8
2014-11-12T00:00:00Z,1802.8
2014-11-13T00:00:00Z,252.3
2014-11-14T00:00:00Z,1781.9
2014-11-15T00:00:00Z,1555.7
2014-11-16T00:00:00Z,795.3
2014-11-17T00:00:00Z,1598.8
2014-11-18T00:00:00Z,169.2
2014-11-19T00:00:00Z,140.1
2014-11-20T00:00:00Z,649.8
2014-11-21T00:00:00Z,1505.5
2014-11-22T00:00:00Z,1425.7
2014-11-23T00:00:00Z,781.5
2014-11-24T00:00:00Z,873.5
2014-11-25T00:00:00Z,1044.8
2014-11-26T00:00:00Z,1585.6
2014-11-27T00:00:00Z,1131.5
2014-11-28T00:00:00Z,1316
2014-11-29T00:00:00Z,1446
2014-11-30T00:00:00Z,520.2
2014-12-01T00:00:00Z,514.7
2014-12-02T00:00:00Z,266.7
2014-12-03T00:00:00Z,426.7
2014-12-04T00:00:00Z,1013.4
2014-12-05T00:00:00Z,129.5
2014-12-06T00:00:00Z,255.7
2014-12-07T00:00:00Z,254.8
2014-12-08T00:00:00Z,227.9
2014-12-09T00:00:00Z,1211.5
2014-12-10T00:00:00Z,323.7
2014-12-11T00:00:00Z,265.9
2014-12-12T00:00:00Z,1289.7
2014-12-13T00:00:00Z,820.4
2014-12-14T00:00:00Z,843.8
2014-12-15T00:00:00Z,320.9
2014-12-16T00:00:00Z,314.7
2014-12-17T00:00:00Z,481.6
2014-12-18T00:00:00Z,150.7
2014-12-19T00:00:00Z,1013.3
2014-12-20T00:00:00Z,683.5
2014-12-21T00:00:00Z,540.7
2014-12-22T00:00:00Z,205.1
2014-12-23T00:00:00Z,766.6
2014-12-24T00:00:00Z,892.4
2014-12-25T00:00:00Z,873.3
2014-12-26T00:00:00Z,445.6
2014-12-27T00:00:00Z,535
2014-12-28T00:00:00Z,744.7
2014-12-29T00:00:00Z,529.4
2014-12-30T00:00:00Z,639.6
2014-12-31T00:00:00Z,160.1
2015-01-01T00:00:00Z,150.7
2015-01-02T00:00:00Z,367.6
2015-01-03T00:00:00Z,466.2
2015-01-04T00:00:00Z,62.6
2015-01-05T00:00:00Z,84
2015-01-06T00:00:00Z,1039.7
2015-01-07T00:00:00Z,410
2015-01-08T00:00:00Z,501
2015-01-09T00:00:00Z,399.7
2015-01-10T00:00:00Z,299.8
2015-01-11T00:00:00Z,516.7
2015-01-12T00:00:00Z,764.6
2015-01-13T00:00:00Z,1604.8
2015-01-14T00:00:00Z,359.2
2015-01-15T00:00:00Z,840
2015-01-16T00:00:00Z,1360.2
2015-01-17T00:00:00Z,222.1
2015-01-18T00:00:00Z,359.9
2015-01-19T00:00:00Z,476.6
2015-01-20T00:00:00Z,423.3
2015-01-21T00:00:00Z,1309.7
2015-01-22T00:00:00Z,1578.8
2015-01-23T00:00:00Z,163.1
2015-01-24T00:00:00Z,113.7
2015-01-25T00:00:00Z,658.2
2015-01-26T00:00:00Z,219.9
2015-01-27T00:00:00Z,549.7
2015-01-28T00:00:00Z,578.8
2015-01-29T00:00:00Z,1191.7
2015-01-30T00:00:00Z,624.1
2015-01-31T00:00:00Z,658
2015-02-01T00:00:00Z,1658.1
2015-02-02T00:00:00Z,757.3
2015-02-03T00:00:00Z,1954.5
2015-02-04T00:00:00Z,2632.8
2015-02-05T00:00:00Z,1693.3
2015-02-06T00:00:00Z,1901.5
2015-02-07T00:00:00Z,2415.4
2015-02-08T00:00:00Z,2035.1
2015-02-09T00:00:00Z,236.2
2015-02-10T00:00:00Z,599.1
2015-02-11T00:00:00Z,969.5
2015-02-12T00:00:00Z,1348.1
2015-02-13T00:00:00Z,1551.2
2015-02-14T00:00:00Z,1746.3
2015-02-15T00:00:00Z,3160.8
2015-02-16T00:00:00Z,2878.8
2015-02-17T00:00:00Z,2927.6
2015-02-18T00:00:00Z,550.6
2015-02-19T00:00:00Z,1144.4
2015-02-20T00:00:00Z,3255.2
2015-02-21T00:00:00Z,2896.9
2015-02-22T00:00:00Z,1664.3
2015-02-23T00:00:00Z,2261.9
2015-02-24T00:00:00Z,929.3
2015-02-25T00:00:00Z,1968.8
2015-02-26T00:00:00Z,3224.6
2015-02-27T00:00:00Z,3374.1
2015-02-28T00:00:00Z,572.4
2015-03-01T00:00:00Z,802.5
2015-03-02T00:00:00Z,866.6
2015-03-03T00:00:00Z,2307.3
2015-03-04T00:00:00Z,2703.4
2015-03-05T00:00:00Z,1842.7
2015-03-06T00:00:00Z,2165
2015-03-07T00:00:00Z,3764.5
2015-03-08T00:00:00Z,3924.4
2015-03-09T00:00:00Z,3577.5
2015-03-10T00:00:00Z,4123.1
2015-03-11T00:00:00Z,2957.4
2015-03-12T00:00:00Z,1902.3
2015-03-13T00:00:00Z,982.9
2015-03-14T00:00:00Z,1301.6
2015-03-15T00:00:00Z,4239.4
2015-03-16T00:00:00Z,3231.5
2015-03-17T00:00:00Z,3878.6
2015-03-18T00:00:00Z,4614.9
2015-03-19T00:00:00Z,4509.5
2015-03-20T00:00:00Z,4193.1
2015-03-21T00:00:00Z,3838.7
2015-03-22T00:00:00Z,1146.8
2015-03-23T00:00:00Z,4028
2015-03-24T00:00:00Z,4430.7
2015-03-25T00:00:00Z,3476.2
2015-03-26T00:00:00Z,581.9
2015-03-27T00:00:00Z,2090.1
2015-03-28T00:00:00Z,3414.5
2015-03-29T00:00:00Z,1106.3
2015-03-30T00:00:00Z,1871.6
2015-03-31T00:00:00Z,1464.7
2015-04-01T00:00:00Z,2999
2015-04-02T00:00:00Z,1028.4
2015-04-03T00:00:00Z,4524.1
2015-04-04T00:00:00Z,2597.6
2015-04-05T00:00:00Z,3596.4
2015-04-06T00:00:00Z,3872.9
2015-04-07T00:00:00Z,5868.9
2015-04-08T00:00:00Z,2668.7
2015-04-09T00:00:00Z,5626
2015-04-10T00:00:00Z,5670.7
2015-04-11T00:00:00Z,4813.8
2015-04-12T00:00:00Z,4279.5
2015-04-13T00:00:00Z,3759.7
2015-04-14T00:00:00Z,5275.1
2015-04-15T00:00:00Z,6319.6
2015-04-16T00:00:00Z,5229.7
2015-04-17T00:00:00Z,1469.8
2015-04-18T00:00:00Z,5279.2
2015-04-19T00:00:00Z,6689.5
2015-04-20T00:00:00Z,6521
2015-04-21T00:00:00Z,6761.7
2015-04-22T00:00:00Z,6336.4
2015-04-23T00:00:00Z,1342.5
2015-04-24T00:00:00Z,6540
2015-04-25T00:00:00Z,5616.7
2015-04-26T00:00:00Z,3651.3
2015-04-27T00:00:00Z,6419.1
2015-04-28T00:00:00Z,770.3
2015-04-29T00:00:00Z,5576
2015-04-30T00:00:00Z,3067.7
2015-05-01T00:00:00Z,1205.3
2015-05-02T00:00:00Z,3464.5
2015-05-03T00:00:00Z,2034
2015-05-04T00:00:00Z,2841.2
2015-05-05T00:00:00Z,5354
2015-05-06T00:00:00Z,1538.9
2015-05-07T00:00:00Z,4926.6
2015-05-08T00:00:00Z,6781.9
2015-05-09T00:00:00Z,1973
2015-05-10T00:00:00Z,5603.5
2015-05-11T00:00:00Z,7120.5
2015-05-12T00:00:00Z,6348.4
2015-05-13T00:00:00Z,5740.2
2015-05-14T00:00:00Z,6136
2015-05-15T00:00:00Z,2863.5
2015-05-16T00:00:00Z,7395.1
2015-05-17T00:00:00Z,3404.9
2015-05-18T00:00:00Z,7548.3
2015-05-19T00:00:00Z,1946.6
2015-05-20T00:00:00Z,1126.1
2015-05-21T00:00:00Z,1913.2
2015-05-22T00:00:00Z,4963.3
2015-05-23T00:00:00Z,1319.5
2015-05-24T00:00:00Z,1757.2
2015-05-25T00:00:00Z,5182.4
2015-05-26T00:00:00Z,2524.9
2015-05-27T00:00:00Z,2944.5
2015-05-28T00:00:00Z,6606.8
2015-05-29T00:00:00Z,7033
2015-05-30T00:00:00Z,6010.7
2015-05-31T00:00:00Z,6342
2015-06-01T00:00:00Z,6909.7
2015-06-02T00:00:00Z,6790.8
2015-06-03T00:00:00Z,7639.8
2015-06-04T00:00:00Z,7934.6
2015-06-05T00:00:00Z,7992.8
2015-06-06T00:00:00Z,7763.9
2015-06-07T00:00:00Z,6546.1
2015-06-08T00:00:00Z,4248.1
2015-06-09T00:00:00Z,1294.7
2015-06-10T00:00:00Z,4117.6
2015-06-11T00:00:00Z,5016.5
2015-06-12T00:00:00Z,7861.3
2015-06-13T00:00:00Z,7144.9
2015-06-14T00:00:00Z,6778.7
2015-06-15T00:00:00Z,2218.3
2015-06-16T00:00:00Z,2431.4
2015-06-17T00:00:00Z,5811
2015-06-18T00:00:00Z,2491
2015-06-19T00:00:00Z,3592.9
2015-06-20T00:00:00Z,4727.9
2015-06-21T00:00:00Z,3362.5
2015-06-22T00:00:00Z,3484.9
2015-06-23T00:00:00Z,5653.4
2015-06-24T00:00:00Z,5193
2015-06-25T00:00:00Z,7427.1
2015-06-26T00:00:00Z,6240
2015-06-27T00:00:00Z,2926.9
2015-06-28T00:00:00Z,6682
2015-06-29T00:00:00Z,6767.7
2015-06-30T00:00:00Z,6554
2015-07-01T00:00:00Z,7289.4
2015-07-02T00:00:00Z,7917.6
2015-07-03T00:00:00Z,7596.3
2015-07-04T00:00:00Z,7720
2015-07-05T00:00:00Z,7397.1
2015-07-06T00:00:00Z,6016.3
2015-07-07T00:00:00Z,7565.4
2015-07-08T00:00:00Z,3600.9
2015-07-09T00:00:00Z,4499.1
2015-07-10T00:00:00Z,8163.2
2015-07-11T00:00:00Z,7832.8
2015-07-12T00:00:00Z,7213.4
2015-07-13T00:00:00Z,1845.4
2015-07-14T00:00:00Z,2315.2
2015-07-15T00:00:00Z,6707.7
2015-07-16T00:00:00Z,7728.7
2015-07-17T00:00:00Z,7176.1
2015-07-18T00:00:00Z,7155.4
2015-07-19T00:00:00Z,6242.8
2015-07-20T00:00:00Z,5447.7
2015-07-21T00:00:00Z,6998.2
2015-07-22T00:00:00Z,7463.4
2015-07-23T00:00:00Z,4331
2015-07-24T00:00:00Z,5178.9
2015-07-25T00:00:00Z,4113
2015-07-26T00:00:00Z,7788.7
2015-07-27T00:00:00Z,3988.4
2015-07-28T00:00:00Z,4881.3
2015-07-29T00:00:00Z,2874.8
2015-07-30T00:00:00Z,7050.8
2015-07-31T00:00:00Z,7516.4
2015-08-01T00:00:00Z,4673.1
2015-08-02T00:00:00Z,2536.3
2015-08-03T00:00:00Z,6952.1
2015-08-04T00:00:00Z,7010.1
2015-08-05T00:00:00Z,6949.7
2015-08-06T00:00:00Z,7022.9
2015-08-07T00:00:00Z,6910.6
2015-08-08T00:00:00Z,6460.3
2015-08-09T00:00:00Z,5571.1
2015-08-10T00:00:00Z,6775.7
2015-08-11T00:00:00Z,6052.7
2015-08-12T00:00:00Z,6450.2
2015-08-13T00:00:00Z,5830.7
2015-08-14T00:00:00Z,6236.6
2015-08-15T00:00:00Z,5554.6
2015-08-16T00:00:00Z,1196.6
2015-08-17T00:00:00Z,847.8
2015-08-18T00:00:00Z,5224.5
2015-08-19T00:00:00Z,3706
2015-08-20T00:00:00Z,2081.3
2015-08-21T00:00:00Z,4550.9
2015-08-22T00:00:00Z,5909.1
2015-08-23T00:00:00Z,6173.6
2015-08-24T00:00:00Z,5954.2
2015-08-25T00:00:00Z,3251.6
2015-08-26T00:00:00Z,6345.4
2015-08-27T00:00:00Z,6012.9
2015-08-28T00:00:00Z,5518.4
2015-08-29T00:00:00Z,5902
2015-08-30T00:00:00Z,5803.1
2015-08-31T00:00:00Z,5639.6
2015-09-01T00:00:00Z,5092.2
2015-09-02T00:00:00Z,1784.6
2015-09-03T00:00:00Z,1973
2015-09-04T00:00:00Z,4425.1
2015-09-05T00:00:00Z,2214.9
2015-09-06T00:00:00Z,2627
2015-09-07T00:00:00Z,1300.8
2015-09-08T00:00:00Z,4341.9
2015-09-09T00:00:00Z,2385.2
2015-09-10T00:00:00Z,5152.1
2015-09-11T00:00:00Z,5018.6
2015-09-12T00:00:00Z,4820.6
2015-09-13T00:00:00Z,4971.3
2015-09-14T00:00:00Z,981.6
2015-09-15T00:00:00Z,3603
2015-09-16T00:00:00Z,4584.6
2015-09-17T00:00:00Z,4213.9
2015-09-18T00:00:00Z,1916.5
2015-09-19T00:00:00Z,3863.2
2015-09-20T00:00:00Z,2765.9
2015-09-21T00:00:00Z,4875.8
2015-09-22T00:00:00Z,3676.1
2015-09-23T00:00:00Z,831.3
2015-09-24T00:00:00Z,2240.5
2015-09-25T00:00:00Z,3274.7
2015-09-26T00:00:00Z,1006.7
2015-09-27T00:00:00Z,2765.5
2015-09-28T00:00:00Z,2255.6
2015-09-29T00:00:00Z,2353.8
2015-09-30T00:00:00Z,4195.9
2015-10-01T00:00:00Z,4315.5
2015-10-02T00:00:00Z,4008.1
2015-10-03T00:00:00Z,2907
2015-10-04T00:00:00Z,1411.3
2015-10-05T00:00:00Z,3268.6
2015-10-06T00:00:00Z,2427.6
2015-10-07T00:00:00Z,587
2015-10-08T00:00:00Z,857.8
2015-10-09T00:00:00Z,2953.1
2015-10-10T00:00:00Z,2181.9
2015-10-11T00:00:00Z,2958.9
2015-10-12T00:00:00Z,3585.1
2015-10-13T00:00:00Z,1356.4
2015-10-14T00:00:00Z,807.7
2015-10-15T00:00:00Z,488.6
2015-10-16T00:00:00Z,472.8
2015-10-17T00:00:00Z,1351.8
2015-10-18T00:00:00Z,1153.5
2015-10-19T00:00:00Z,706.2
2015-10-20T00:00:00Z,853.3
2015-10-21T00:00:00Z,707.4
2015-10-22T00:00:00Z,1522.9
2015-10-23T00:00:00Z,958.6
2015-10-24T00:00:00Z,2831.6
2015-10-25T00:00:00Z,1489.1
2015-10-26T00:00:00Z,2707.2
2015-10-27T00:00:00Z,2726.5
2015-10-28T00:00:00Z,2528.3
2015-10-29T00:00:00Z,424.7
2015-10-30T00:00:00Z,1357.2
2015-10-31T00:00:00Z,2670.6
2015-11-01T00:00:00Z,2716
2015-11-02T00:00:00Z,2467.1
2015-11-03T00:00:00Z,2578
2015-11-04T00:00:00Z,1639.7
2015-11-05T00:00:00Z,2075.2
2015-11-06T00:00:00Z,1776.4
2015-11-07T00:00:00Z,386.8
2015-11-08T00:00:00Z,735.5
2015-11-09T00:00:00Z,682.8
2015-11-10T00:00:00Z,759.3
2015-11-11T00:00:00Z,894.7
2015-11-12T00:00:00Z,714.9
2015-11-13T00:00:00Z,1620.3
2015-11-14T00:00:00Z,1421.8
2015-11-15T00:00:00Z,401.7
2015-11-16T00:00:00Z,1686.2
2015-11-17T00:00:00Z,551.7
2015-11-18T00:00:00Z,1089.7
2015-11-19T00:00:00Z,886.9
2015-11-20T00:00:00Z,241.8
2015-11-21T00:00:00Z,555
2015-11-22T00:00:00Z,347.7
2015-11-23T00:00:00Z,630.6
2015-11-24T00:00:00Z,1589.3
2015-11-25T00:00:00Z,236.7
2015-11-26T00:00:00Z,680.9
2015-11-27T00:00:00Z,1104.1
2015-11-28T00:00:00Z,335.1
2015-11-29T00:00:00Z,170
2015-11-30T00:00:00Z,167.5
2015-12-01T00:00:00Z,213.1
2015-12-02T00:00:00Z,291.5
2015-12-03T00:00:00Z,681.4
2015-12-04T00:00:00Z,1193.3
2015-12-05T00:00:00Z,997.8
2015-12-06T00:00:00Z,1065.6
2015-12-07T00:00:00Z,1367.3
2015-12-08T00:00:00Z,288.9
2015-12-09T00:00:00Z,281.7
2015-12-10T00:00:00Z,615.1
2015-12-11T00:00:00Z,520.6
2015-12-12T00:00:00Z,323
2015-12-13T00:00:00Z,268.6
2015-12-14T00:00:00Z,463.2
2015-12-15T00:00:00Z,531.2
2015-12-16T00:00:00Z,806.3
2015-12-17T00:00:00Z,174.2
2015-12-18T00:00:00Z,330.5
2015-12-19T00:00:00Z,1211.2
2015-12-20T00:00:00Z,406.3
2015-12-21T00:00:00Z,338.3
2015-12-22T00:00:00Z,1052.6
2015-12-23T00:00:00Z,1239.1
2015-12-24T00:00:00Z,1292.3
2015-12-25T00:00:00Z,1167.6
2015-12-26T00:00:00Z,1309.9
2015-12-27T00:00:00Z,1289.3
2015-12-28T00:00:00Z,1318.5
2015-12-29T00:00:00Z,1273.4
2015-12-30T00:00:00Z,919.8
2015-12-31T00:00:00Z,1299.2
2016-01-01T00:00:00Z,1006.6
2016-01-02T00:00:00Z,1132.4
2016-01-03T00:00:00Z,521.3
2016-01-04T00:00:00Z,181.3
2016-01-05T00:00:00Z,214.9
2016-01-06T00:00:00Z,753
2016-01-07T00:00:00Z,694.9
2016-01-08T00:00:00Z,1196.5
2016-01-09T00:00:00Z,527.1
2016-01-10T00:00:00Z,569.1
2016-01-11T00:00:00Z,226.5
2016-01-12T00:00:00Z,353.7
2016-01-13T00:00:00Z,222.6
2016-01-14T00:00:00Z,1671.5
2016-01-15T00:00:00Z,356.5
2016-01-16T00:00:00Z,1245.4
2016-01-17T00:00:00Z,1343.2
2016-01-18T00:00:00Z,1301.2
2016-01-19T00:00:00Z,1492.7
2016-01-20T00:00:00Z,832.1
2016-01-21T00:00:00Z,799
2016-01-22T00:00:00Z,1552.1
2016-01-23T00:00:00Z,126.4
2016-01-24T00:00:00Z,713.2
2016-01-25T00:00:00Z,461.3
2016-01-26T00:00:00Z,1440
2016-01-27T00:00:00Z,1194.5
2016-01-28T00:00:00Z,938.5
2016-01-29T00:00:00Z,1420
2016-01-30T00:00:00Z,2061.8
2016-01-31T00:00:00Z,398.7
2016-02-01T00:00:00Z,302.9
2016-02-02T00:00:00Z,444.9
2016-02-03T00:00:00Z,331.3
2016-02-04T00:00:00Z,434.8
2016-02-05T00:00:00Z,965.6
2016-02-06T00:00:00Z,2249
2016-02-07T00:00:00Z,1880.7
2016-02-08T00:00:00Z,1869.2
2016-02-09T00:00:00Z,1749
2016-02-10T00:00:00Z,506.5
2016-02-11T00:00:00Z,722.8
2016-02-12T00:00:00Z,2292.6
2016-02-13T00:00:00Z,716.9
2016-02-14T00:00:00Z,2139.5
2016-02-15T00:00:00Z,1429.5
2016-02-16T00:00:00Z,1864.6
2016-02-17T00:00:00Z,1533.5
2016-02-18T00:00:00Z,2646
2016-02-19T00:00:00Z,995.9
2016-02-20T00:00:00Z,1586.9
2016-02-21T00:00:00Z,460.6
2016-02-22T00:00:00Z,2695.4
2016-02-23T00:00:00Z,520.7
2016-02-24T00:00:00Z,1539.3
2016-02-25T00:00:00Z,1610.2
2016-02-26T00:00:00Z,3173.7
2016-02-27T00:00:00Z,2538.3
2016-02-28T00:00:00Z,1740.1
2016-02-29T00:00:00Z,336.2
2016-03-01T00:00:00Z,435.6
2016-03-02T00:00:00Z,769.7
2016-03-03T00:00:00Z,1534.6
2016-03-04T00:00:00Z,2172.7
2016-03-05T00:00:00Z,2055.4
2016-03-06T00:00:00Z,819
2016-03-07T00:00:00Z,1839.3
2016-03-08T00:00:00Z,1471.7
2016-03-09T00:00:00Z,4064.4
2016-03-10T00:00:00Z,3546.5
2016-03-11T00:00:00Z,2654.2
2016-03-12T00:00:00Z,1666
2016-03-13T00:00:00Z,1446.6
2016-03-14T00:00:00Z,4378.2
2016-03-15T00:00:00Z,1090.1
2016-03-16T00:00:00Z,4034.2
2016-03-17T00:00:00Z,4656.3
2016-03-18T00:00:00Z,4604.1
2016-03-19T00:00:00Z,3294.9
2016-03-20T00:00:00Z,3475.7
2016-03-21T00:00:00Z,2653.3
2016-03-22T00:00:00Z,1660.5
2016-03-23T00:00:00Z,2283.7
2016-03-24T00:00:00Z,1644.1
2016-03-25T00:00:00Z,1452.8
2016-03-26T00:00:00Z,1362
2016-03-27T00:00:00Z,4557.7
2016-03-28T00:00:00Z,3921
2016-03-29T00:00:00Z,4191.5
2016-03-30T00:00:00Z,2203
2016-03-31T00:00:00Z,4620.7
2016-04-01T00:00:00Z,3770.1
2016-04-02T00:00:00Z,5039.9
2016-04-03T00:00:00Z,4323.3
2016-04-04T00:00:00Z,4862.4
2016-04-05T00:00:00Z,4883.9
2016-04-06T00:00:00Z,1659.4
2016-04-07T00:00:00Z,2963.6
2016-04-08T00:00:00Z,933.4
2016-04-09T00:00:00Z,1041.3
2016-04-10T00:00:00Z,4546.3
2016-04-11T00:00:00Z,5846
2016-04-12T00:00:00Z,4092.5
2016-04-13T00:00:00Z,4969.7
2016-04-14T00:00:00Z,2569.3
2016-04-15T00:00:00Z,1753.8
2016-04-16T00:00:00Z,3927.2
2016-04-17T00:00:00Z,1449.7
2016-04-18T00:00:00Z,1374.9
2016-04-19T00:00:00Z,3986.6
2016-04-20T00:00:00Z,6524.2
2016-04-21T00:00:00Z,6926.1
2016-04-22T00:00:00Z,5827.2
2016-04-23T00:00:00Z,2326.3
2016-04-24T00:00:00Z,4557.2
2016-04-25T00:00:00Z,5056.9
2016-04-26T00:00:00Z,1708
2016-04-27T00:00:00Z,2505.4
2016-04-28T00:00:00Z,4948.8
2016-04-29T00:00:00Z,7303.2
2016-04-30T00:00:00Z,7413
2016-05-01T00:00:00Z,2537.3
2016-05-02T00:00:00Z,5727.3
2016-05-03T00:00:00Z,5502.4
2016-05-04T00:00:00Z,1608.4
2016-05-05T00:00:00Z,4197.6
2016-05-06T00:00:00Z,7566.3
2016-05-07T00:00:00Z,7288.5
2016-05-08T00:00:00Z,7614.8
2016-05-09T00:00:00Z,7447.5
2016-05-10T00:00:00Z,6388.8
2016-05-11T00:00:00Z,6791
2016-05-12T00:00:00Z,4331.3
2016-05-13T00:00:00Z,1289
2016-05-14T00:00:00Z,4353.1
2016-05-15T00:00:00Z,5722.2
2016-05-16T00:00:00Z,2992.7
2016-05-17T00:00:00Z,4990.3
2016-05-18T00:00:00Z,8062
2016-05-19T00:00:00Z,4257.7
2016-05-20T00:00:00Z,4912.4
2016-05-21T00:00:00Z,7589
2016-05-22T00:00:00Z,8019.4
2016-05-23T00:00:00Z,3751.4
2016-05-24T00:00:00Z,907.4
2016-05-25T00:00:00Z,3611.4
2016-05-26T00:00:00Z,6946.1
2016-05-27T00:00:00Z,6712.1
2016-05-28T00:00:00Z,5858.9
2016-05-29T00:00:00Z,6599.1
2016-05-30T00:00:00Z,5157.4
2016-05-31T00:00:00Z,737.1
2016-06-01T00:00:00Z,1156.7
2016-06-02T00:00:00Z,3756.1
2016-06-03T00:00:00Z,3665.1
2016-06-04T00:00:00Z,5850.9
2016-06-05T00:00:00Z,3600.2
2016-06-06T00:00:00Z,6701.7
2016-06-07T00:00:00Z,7179.2
2016-06-08T00:00:00Z,7511.6
2016-06-09T00:00:00Z,2821.3
2016-06-10T00:00:00Z,7040.5
2016-06-11T00:00:00Z,2848.2
2016-06-12T00:00:00Z,4236.2
2016-06-13T00:00:00Z,3306.7
2016-06-14T00:00:00Z,4869.9
2016-06-15T00:00:00Z,4800.6
2016-06-16T00:00:00Z,7111.3
2016-06-17T00:00:00Z,3451.4
2016-06-18T00:00:00Z,7397.4
2016-06-19T00:00:00Z,3262.7
2016-06-20T00:00:00Z,2512.9
2016-06-21T00:00:00Z,3286.6
2016-06-22T00:00:00Z,7337.2
2016-06-23T00:00:00Z,8229.3
2016-06-24T00:00:00Z,7980.8
2016-06-25T00:00:00Z,7375.3
2016-06-26T00:00:00Z,4116.2
2016-06-27T00:00:00Z,5439
2016-06-28T00:00:00Z,7120.5
2016-06-29T00:00:00Z,6691.1
2016-06-30T00:00:00Z,4933.4
2016-07-01T00:00:00Z,7131.7
2016-07-02T00:00:00Z,3891.8
2016-07-03T00:00:00Z,5283.1
2016-07-04T00:00:00Z,7134.6
2016-07-05T00:00:00Z,7618
2016-07-06T00:00:00Z,6810.4
2016-07-07T00:00:00Z,6734
2016-07-08T00:00:00Z,7730.3
2016-07-09T00:00:00Z,6633.6
2016-07-10T00:00:00Z,8069.1
2016-07-11T00:00:00Z,6604.4
2016-07-12T00:00:00Z,1787.4
2016-07-13T00:00:00Z,2351.9
2016-07-14T00:00:00Z,1715.2
2016-07-15T00:00:00Z,3301.2
2016-07-16T00:00:00Z,4613.4
2016-07-17T00:00:00Z,3003.2
2016-07-18T00:00:00Z,5922.9
2016-07-19T00:00:00Z,7719.9
2016-07-20T00:00:00Z,7814.1
2016-07-21T00:00:00Z,4785.4
2016-07-22T00:00:00Z,6309
2016-07-23T00:00:00Z,6398.2
2016-07-24T00:00:00Z,4840.7
2016-07-25T00:00:00Z,5618.8
2016-07-26T00:00:00Z,4880
2016-07-27T00:00:00Z,4701.2
2016-07-28T00:00:00Z,4858.9
2016-07-29T00:00:00Z,4842.2
2016-07-30T00:00:00Z,6392.6
2016-07-31T00:00:00Z,3042.8
2016-08-01T00:00:00Z,6412
2016-08-02T00:00:00Z,3758.7
2016-08-03T00:00:00Z,5736.1
2016-08-04T00:00:00Z,6271.4
2016-08-05T00:00:00Z,968.3
2016-08-06T00:00:00Z,3460.4
2016-08-07T00:00:00Z,7107.9
2016-08-08T00:00:00Z,7097.4
2016-08-09T00:00:00Z,1931.5
2016-08-10T00:00:00Z,1337.8
2016-08-11T00:00:00Z,6708.1
2016-08-12T00:00:00Z,562.3
2016-08-13T00:00:00Z,4292.8
2016-08-14T00:00:00Z,6469.8
2016-08-15T00:00:00Z,6293
2016-08-16T00:00:00Z,6206.8
2016-08-17T00:00:00Z,5759.5
2016-08-18T00:00:00Z,5921.3
2016-08-19T00:00:00Z,4547.1
2016-08-20T00:00:00Z,5652.8
2016-08-21T00:00:00Z,2371.1
2016-08-22T00:00:00Z,3614.9
2016-08-23T00:00:00Z,6269.6
2016-08-24T00:00:00Z,6130.8
2016-08-25T00:00:00Z,6438.8
2016-08-26T00:00:00Z,6355.8
2016-08-27T00:00:00Z,6138.2
2016-08-28T00:00:00Z,5724.4
2016-08-29T00:00:00Z,1623.2
2016-08-30T00:00:00Z,5146.7
2016-08-31T00:00:00Z,6073
2016-09-01T00:00:00Z,5023.5
2016-09-02T00:00:00Z,5095.2
2016-09-03T00:00:00Z,4602.5
2016-09-04T00:00:00Z,3563.5
2016-09-05T00:00:00Z,2937.9
2016-09-06T00:00:00Z,2779.2
2016-09-07T00:00:00Z,5330.4
2016-09-08T00:00:00Z,5409.9
2016-09-09T00:00:00Z,4949.8
2016-09-10T00:00:00Z,5272.2
2016-09-11T00:00:00Z,5245.1
2016-09-12T00:00:00Z,4913.3
2016-09-13T00:00:00Z,4829.6
2016-09-14T00:00:00Z,4998.5
2016-09-15T00:00:00Z,4967.3
2016-09-16T00:00:00Z,1794.7
2016-09-17T00:00:00Z,248.8
2016-09-18T00:00:00Z,813.7
2016-09-19T00:00:00Z,1127
2016-09-20T00:00:00Z,2253
2016-09-21T00:00:00Z,3760
2016-09-22T00:00:00Z,4049.2
2016-09-23T00:00:00Z,4024.5
2016-09-24T00:00:00Z,4429.8
2016-09-25T00:00:00Z,4440.4
2016-09-26T00:00:00Z,3623.3
2016-09-27T00:00:00Z,4035.3
2016-09-28T00:00:00Z,3220.2
2016-09-29T00:00:00Z,4082.7
2016-09-30T00:00:00Z,4118.5
2016-10-01T00:00:00Z,3161.6
2016-10-02T00:00:00Z,496.5
2016-10-03T00:00:00Z,888.1
2016-10-04T00:00:00Z,975.9
2016-10-05T00:00:00Z,3355.3
2016-10-06T00:00:00Z,894.6
2016-10-07T00:00:00Z,1538.7
2016-10-08T00:00:00Z,1563.4
2016-10-09T00:00:00Z,1860.3
2016-10-10T00:00:00Z,1610.5
2016-10-11T00:00:00Z,1442.4
2016-10-12T00:00:00Z,1018.2
2016-10-13T00:00:00Z,1786.5
2016-10-14T00:00:00Z,2540.3
2016-10-15T00:00:00Z,2459.1
2016-10-16T00:00:00Z,2896.4
2016-10-17T00:00:00Z,1349.7
2016-10-18T00:00:00Z,724.6
2016-10-19T00:00:00Z,801.3
2016-10-20T00:00:00Z,1906.1
2016-10-21T00:00:00Z,880.6
2016-10-22T00:00:00Z,1399.1
2016-10-23T00:00:00Z,2653.5
2016-10-24T00:00:00Z,2415.9
2016-10-25T00:00:00Z,706.9
2016-10-26T00:00:00Z,1177.3
2016-10-27T00:00:00Z,1305
2016-10-28T00:00:00Z,2150.4
2016-10-29T00:00:00Z,927.1
2016-10-30T00:00:00Z,1657.4
2016-10-31T00:00:00Z,2525.6
2016-11-01T00:00:00Z,2363.8
2016-11-02T00:00:00Z,378.1
2016-11-03T00:00:00Z,1030
2016-11-04T00:00:00Z,2202.3
2016-11-05T00:00:00Z,1681.9
2016-11-06T00:00:00Z,269.4
2016-11-07T00:00:00Z,822.6
2016-11-08T00:00:00Z,928.9
2016-11-09T00:00:00Z,1018.7
2016-11-10T00:00:00Z,442.9
2016-11-11T00:00:00Z,277
2016-11-12T00:00:00Z,324.9
2016-11-13T00:00:00Z,1417.8
2016-11-14T00:00:00Z,2073.4
2016-11-15T00:00:00Z,454.9
2016-11-16T00:00:00Z,418.3
2016-11-17T00:00:00Z,359.8
2016-11-18T00:00:00Z,1530.6
2016-11-19T00:00:00Z,223.1
2016-11-20T00:00:00Z,1627.1
2016-11-21T00:00:00Z,1570
2016-11-22T00:00:00Z,1235.8
2016-11-23T00:00:00Z,1524.4
2016-11-24T00:00:00Z,1313
2016-11-25T00:00:00Z,1211.9
2016-11-26T00:00:00Z,184.8
2016-11-27T00:00:00Z,622.4
2016-11-28T00:00:00Z,1543.2
2016-11-29T00:00:00Z,1641
2016-11-30T00:00:00Z,1103
2016-12-01T00:00:00Z,181.9
2016-12-02T00:00:00Z,210.3
2016-12-03T00:00:00Z,1977.6
2016-12-04T00:00:00Z,1560.5
2016-12-05T00:00:00Z,245.4
2016-12-06T00:00:00Z,197.6
2016-12-07T00:00:00Z,684.5
2016-12-08T00:00:00Z,1110.5
2016-12-09T00:00:00Z,1244.3
2016-12-10T00:00:00Z,1122.4
2016-12-11T00:00:00Z,197
2016-12-12T00:00:00Z,167.3
2016-12-13T00:00:00Z,967.5
2016-12-14T00:00:00Z,275.2
2016-12-15T00:00:00Z,1326.5
2016-12-16T00:00:00Z,1640.7
2016-12-17T00:00:00Z,156
2016-12-18T00:00:00Z,193.4
2016-12-19T00:00:00Z,1362.8
2016-12-20T00:00:00Z,1673.3
2016-12-21T00:00:00Z,319.9
2016-12-22T00:00:00Z,831
2016-12-23T00:00:00Z,418.5
2016-12-24T00:00:00Z,148
2016-12-25T00:00:00Z,129.4
2016-12-26T00:00:00Z,223.6
2016-12-27T00:00:00Z,201.5
2016-12-28T00:00:00Z,165.5
2016-12-29T00:00:00Z,978.3
2016-12-30T00:00:00Z,1953.7
2016-12-31T00:00:00Z,1932
