datum,ka_hutthurm
2011-01-01,1219
2011-01-02,1419
2011-01-03,1529
2011-01-04,1714
2011-01-05,1642
2011-01-06,1458
2011-01-07,2121
2011-01-08,2173
2011-01-09,2151
2011-01-10,1403
2011-01-11,1766
2011-01-12,1473
2011-01-13,1603
2011-01-14,2026
2011-01-15,1959
2011-01-16,1946
2011-01-17,1474
2011-01-18,1484
2011-01-19,1492
2011-01-20,1347
2011-01-21,1870
2011-01-22,1927
2011-01-23,1904
2011-01-24,2031
2011-01-25,2027
2011-01-26,1724
2011-01-27,1541
2011-01-28,1495
2011-01-29,1179
2011-01-30,1235
2011-01-31,1295
2011-02-01,1333
2011-02-02,1333
2011-02-03,1235
2011-02-04,1748
2011-02-05,1812
2011-02-06,1960
2011-02-07,1897
2011-02-08,1866
2011-02-09,1926
2011-02-10,1907
2011-02-11,1829
2011-02-12,1795
2011-02-13,1786
2011-02-14,1771
2011-02-15,1382
2011-02-16,1171
2011-02-17,949
2011-02-18,1110
2011-02-19,1338
2011-02-20,1475
2011-02-21,1247
2011-02-22,1812
2011-02-23,1894
2011-02-24,1352
2011-02-25,1268
2011-02-26,1277
2011-02-27,1266
2011-02-28,1365
2011-03-01,1756
2011-03-02,1757
2011-03-03,1287
2011-03-04,1328
2011-03-05,1330
2011-03-06,1299
2011-03-07,1076
2011-03-08,1500
2011-03-09,1532
2011-03-10,2263
2011-03-11,1702
2011-03-12,1619
2011-03-13,1433
2011-03-14,1803
2011-03-15,1827
2011-03-16,1801
2011-03-17,2086
2011-03-18,2188
2011-03-19,2057
2011-03-20,1874
2011-03-21,2014
2011-03-22,1911
2011-03-23,1736
2011-03-24,1685
2011-03-25,1637
2011-03-26,1530
2011-03-27,1487
2011-03-28,1583
2011-03-29,1585
2011-03-30,1559
2011-03-31,2086
2011-04-01,2146
2011-04-02,1695
2011-04-03,1454
2011-04-04,2336
2011-04-05,2084
2011-04-06,1803
2011-04-07,1906
2011-04-08,1530
2011-04-09,1440
2011-04-10,1366
2011-04-11,1729
2011-04-12,2008
2011-04-13,2169
2011-04-14,1558
2011-04-15,1968
2011-04-16,1563
2011-04-17,1792
2011-04-18,1588
2011-04-19,1763
2011-04-20,1753
2011-04-21,1671
2011-04-22,1369
2011-04-23,1316
2011-04-24,1111
2011-04-25,1190
2011-04-26,1624
2011-04-27,2098
2011-04-28,1714
2011-04-29,1507
2011-04-30,1241
2011-05-01,1211
2011-05-02,1397
2011-05-03,2310
2011-05-04,2136
2011-05-05,1535
2011-05-06,1618
2011-05-07,1352
2011-05-08,1245
2011-05-09,1211
2011-05-10,1294
2011-05-11,1519
2011-05-12,1994
2011-05-13,1847
2011-05-14,1802
2011-05-15,1732
2011-05-16,1971
2011-05-17,1715
2011-05-18,1607
2011-05-19,1488
2011-05-20,1401
2011-05-21,1301
2011-05-22,1139
2011-05-23,1422
2011-05-24,1462
2011-05-25,1343
2011-05-26,1995
2011-05-27,2723
2011-05-28,2768
2011-05-29,2713
2011-05-30,2249
2011-05-31,2171
2011-06-01,2632
2011-06-02,1938
2011-06-03,1525
2011-06-04,1168
2011-06-05,1284
2011-06-06,2410
2011-06-07,2682
2011-06-08,2733
2011-06-09,2114
2011-06-10,2037
2011-06-11,2238
2011-06-12,2359
2011-06-13,1327
2011-06-14,1544
2011-06-15,1667
2011-06-16,2115
2011-06-17,1846
2011-06-18,1796
2011-06-19,1691
2011-06-20,1757
2011-06-21,1807
2011-06-22,1901
2011-06-23,1821
2011-06-24,1621
2011-06-25,1085
2011-06-26,1194
2011-06-27,1395
2011-06-28,2007
2011-06-29,1833
2011-06-30,2438
2011-07-01,1606
2011-07-02,1271
2011-07-03,2447
2011-07-04,2681
2011-07-05,1978
2011-07-06,1616
2011-07-07,1636
2011-07-08,1877
2011-07-09,2145
2011-07-10,4174
2011-07-11,4201
2011-07-12,2283
2011-07-13,2458
2011-07-14,2780
2011-07-15,1604
2011-07-16,1322
2011-07-17,2263
2011-07-18,1695
2011-07-19,1709
2011-07-20,4292
2011-07-21,2875
2011-07-22,2105
2011-07-23,1597
2011-07-24,2181
2011-07-25,1784
2011-07-26,1613
2011-07-27,1627
2011-07-28,1792
2011-07-29,1992
2011-07-30,2080
2011-07-31,1982
2011-08-01,1994
2011-08-02,1645
2011-08-03,1802
2011-08-04,2118
2011-08-05,1660
2011-08-06,1490
2011-08-07,2556
2011-08-08,2179
2011-08-09,2756
2011-08-10,1934
2011-08-11,1543
2011-08-12,1759
2011-08-13,1898
2011-08-14,2023
2011-08-15,2642
2011-08-16,3086
2011-08-17,1937
2011-08-18,1643
2011-08-19,2134
2011-08-20,1351
2011-08-21,1234
2011-08-22,1600
2011-08-23,1511
2011-08-24,1600
2011-08-25,2090
2011-08-26,1388
2011-08-27,2760
2011-08-28,1210
2011-08-29,1433
2011-08-30,1604
2011-08-31,1599
2011-09-01,1595
2011-09-02,1423
2011-09-03,1242
2011-09-04,1196
2011-09-05,3352
2011-09-06,2129
2011-09-07,1644
2011-09-08,2606
2011-09-09,1999
2011-09-10,1280
2011-09-11,1186
2011-09-12,1429
2011-09-13,1350
2011-09-14,1931
2011-09-15,1930
2011-09-16,1478
2011-09-17,1554
2011-09-18,1890
2011-09-19,2084
2011-09-20,2458
2011-09-21,1715
2011-09-22,1614
2011-09-23,1347
2011-09-24,1274
2011-09-25,1238
2011-09-26,1381
2011-09-27,1542
2011-09-28,1529
2011-09-29,1502
2011-09-30,1245
2011-10-01,1343
2011-10-02,1303
2011-10-03,1191
2011-10-04,1383
2011-10-05,1439
2011-10-06,1903
2011-10-07,2538
2011-10-08,1738
2011-10-09,1920
2011-10-10,2621
2011-10-11,2482
2011-10-12,2556
2011-10-13,3579
2011-10-14,2197
2011-10-15,2330
2011-10-16,1841
2011-10-17,1370
2011-10-18,1557
2011-10-19,1973
2011-10-20,1552
2011-10-21,1385
2011-10-22,1444
2011-10-23,1286
2011-10-24,1453
2011-10-25,1629
2011-10-26,2630
2011-10-27,1592
2011-10-28,1514
2011-10-29,1437
2011-10-30,1163
2011-10-31,1147
2011-11-01,1191
2011-11-02,1427
2011-11-03,1618
2011-11-04,1465
2011-11-05,1184
2011-11-06,1124
2011-11-07,1347
2011-11-08,1402
2011-11-09,1410
2011-11-10,1564
2011-11-11,1297
2011-11-12,1330
2011-11-13,1198
2011-11-14,1407
2011-11-15,1496
2011-11-16,1506
2011-11-17,1510
2011-11-18,1413
2011-11-19,1182
2011-11-20,1177
2011-11-21,1334
2011-11-22,1430
2011-11-23,1152
2011-11-24,1362
2011-11-25,1241
2011-11-26,1348
2011-11-27,1162
2011-11-28,1374
2011-11-29,1512
2011-11-30,1368
2011-12-01,1510
2011-12-02,1513
2011-12-03,2537
2011-12-04,2532
2011-12-05,2566
2011-12-06,2303
2011-12-07,2256
2011-12-08,2258
2011-12-09,2253
2011-12-10,2229
2011-12-11,2234
2011-12-12,2221
2011-12-13,1762
2011-12-14,1970
2011-12-15,1766
2011-12-16,1543
2011-12-17,1687
2011-12-18,1695
2011-12-19,1926
2011-12-20,2159
2011-12-21,2364
2011-12-22,1957
2011-12-23,1372
2011-12-24,1254
2011-12-25,1266
2011-12-26,1249
2011-12-27,1214
2011-12-28,1154
2011-12-29,1375
2011-12-30,1614
2011-12-31,1563
2012-01-01,1558
2012-01-02,1472
2012-01-03,1646
2012-01-04,1778
2012-01-05,1824
2012-01-06,1743
2012-01-07,1807
2012-01-08,1830
2012-01-09,1720
2012-01-10,1784
2012-01-11,1666
2012-01-12,1724
2012-01-13,1663
2012-01-14,1691
2012-01-15,1633
2012-01-16,1396
2012-01-17,1492
2012-01-18,1444
2012-01-19,1172
2012-01-20,1148
2012-01-21,1163
2012-01-22,1185
2012-01-23,1060
2012-01-24,1275
2012-01-25,1739
2012-01-26,1636
2012-01-27,1903
2012-01-28,1890
2012-01-29,1846
2012-01-30,1815
2012-01-31,1844
2012-02-01,1765
2012-02-02,1521
2012-02-03,1469
2012-02-04,1525
2012-02-05,1400
2012-02-06,1406
2012-02-07,1409
2012-02-08,1295
2012-02-09,1289
2012-02-10,1294
2012-02-11,1286
2012-02-12,1356
2012-02-13,1185
2012-02-14,652
2012-02-15,550
2012-02-16,624
2012-02-17,1247
2012-02-18,1344
2012-02-19,1312
2012-02-20,1302
2012-02-21,1281
2012-02-22,1245
2012-02-23,1249
2012-02-24,1243
2012-02-25,1264
2012-02-26,1225
2012-02-27,670
2012-02-28,1449
2012-02-29,894
2012-03-01,818
2012-03-02,781
2012-03-03,950
2012-03-04,1449
2012-03-05,1747
2012-03-06,1719
2012-03-07,1537
2012-03-08,1512
2012-03-09,1454
2012-03-10,1440
2012-03-11,1436
2012-03-12,1410
2012-03-13,1419
2012-03-14,1431
2012-03-15,1407
2012-03-16,709
2012-03-17,681
2012-03-18,705
2012-03-19,1218
2012-03-20,1499
2012-03-21,1664
2012-03-22,1608
2012-03-23,1573
2012-03-24,1457
2012-03-25,1528
2012-03-26,1508
2012-03-27,1554
2012-03-28,1545
2012-03-29,1475
2012-03-30,1399
2012-03-31,1267
2012-04-01,1056
2012-04-02,1589
2012-04-03,1786
2012-04-04,1859
2012-04-05,1717
2012-04-06,1667
2012-04-07,1344
2012-04-08,1610
2012-04-09,1365
2012-04-10,1605
2012-04-11,1450
2012-04-12,1376
2012-04-13,1456
2012-04-14,1505
2012-04-15,1465
2012-04-16,1427
2012-04-17,1476
2012-04-18,1445
2012-04-19,1368
2012-04-20,668
2012-04-21,699
2012-04-22,809
2012-04-23,1777
2012-04-24,1873
2012-04-25,1449
2012-04-26,1542
2012-04-27,1521
2012-04-28,1378
2012-04-29,1288
2012-04-30,1397
2012-05-01,1493
2012-05-02,1636
2012-05-03,1697
2012-05-04,1493
2012-05-05,1752
2012-05-06,1320
2012-05-07,1532
2012-05-08,1515
2012-05-09,1841
2012-05-10,1525
2012-05-11,1548
2012-05-12,2041
2012-05-13,1327
2012-05-14,1464
2012-05-15,1725
2012-05-16,2801
2012-05-17,1600
2012-05-18,1566
2012-05-19,1175
2012-05-20,1147
2012-05-21,1363
2012-05-22,1708
2012-05-23,1521
2012-05-24,1509
2012-05-25,1531
2012-05-26,1301
2012-05-27,1111
2012-05-28,2821
2012-05-29,2074
2012-05-30,2726
2012-05-31,3569
2012-06-01,2523
2012-06-02,2895
2012-06-03,3233
2012-06-04,2839
2012-06-05,2757
2012-06-06,2246
2012-06-07,1840
2012-06-08,1913
2012-06-09,1933
2012-06-10,1928
2012-06-11,1859
2012-06-12,1812
2012-06-13,1795
2012-06-14,1799
2012-06-15,1773
2012-06-16,1840
2012-06-17,1782
2012-06-18,1646
2012-06-19,1599
2012-06-20,1823
2012-06-21,2011
2012-06-22,2141
2012-06-23,2182
2012-06-24,1743
2012-06-25,2232
2012-06-26,2238
2012-06-27,1832
2012-06-28,1660
2012-06-29,1444
2012-06-30,1289
2012-07-01,1959
2012-07-02,1613
2012-07-03,2292
2012-07-04,2339
2012-07-05,1978
2012-07-06,1473
2012-07-07,1293
2012-07-08,1664
2012-07-09,2424
2012-07-10,2155
2012-07-11,2635
2012-07-12,1671
2012-07-13,3125
2012-07-14,2968
2012-07-15,2709
2012-07-16,1425
2012-07-17,1553
2012-07-18,1541
2012-07-19,2613
2012-07-20,2063
2012-07-21,1415
2012-07-22,1175
2012-07-23,1566
2012-07-24,1356
2012-07-25,2093
2012-07-26,2975
2012-07-27,1777
2012-07-28,1564
2012-07-29,2893
2012-07-30,2160
2012-07-31,1573
2012-08-01,1473
2012-08-02,1739
2012-08-03,2370
2012-08-04,1259
2012-08-05,2296
2012-08-06,3136
2012-08-07,2712
2012-08-08,1804
2012-08-09,1516
2012-08-10,1374
2012-08-11,1213
2012-08-12,1192
2012-08-13,1383
2012-08-14,1473
2012-08-15,1170
2012-08-16,1700
2012-08-17,1274
2012-08-18,1245
2012-08-19,1271
2012-08-20,1505
2012-08-21,1872
2012-08-22,2106
2012-08-23,1820
2012-08-24,1936
2012-08-25,2111
2012-08-26,1977
2012-08-27,2326
2012-08-28,1674
2012-08-29,1503
2012-08-30,1802
2012-08-31,2882
2012-09-01,2719
2012-09-02,1547
2012-09-03,1577
2012-09-04,1487
2012-09-05,1436
2012-09-06,1585
2012-09-07,1292
2012-09-08,1133
2012-09-09,1158
2012-09-10,1547
2012-09-11,2206
2012-09-12,5029
2012-09-13,3914
2012-09-14,2631
2012-09-15,1451
2012-09-16,1182
2012-09-17,1338
2012-09-18,1684
2012-09-19,2858
2012-09-20,1712
2012-09-21,1500
2012-09-22,3368
2012-09-23,1483
2012-09-24,2087
2012-09-25,1579
2012-09-26,1582
2012-09-27,2415
2012-09-28,1504
2012-09-29,1973
2012-09-30,1430
2012-10-01,1733
2012-10-02,1558
2012-10-03,1189
2012-10-04,1994
2012-10-05,1460
2012-10-06,1456
2012-10-07,2436
2012-10-08,2173
2012-10-09,2076
2012-10-10,1642
2012-10-11,1386
2012-10-12,2291
2012-10-13,2123
2012-10-14,1339
2012-10-15,2196
2012-10-16,2354
2012-10-17,1584
2012-10-18,1368
2012-10-19,1373
2012-10-20,1407
2012-10-21,1198
2012-10-22,1452
2012-10-23,1507
2012-10-24,1453
2012-10-25,1494
2012-10-26,1357
2012-10-27,2837
2012-10-28,2086
2012-10-29,1642
2012-10-30,1575
2012-10-31,1476
2012-11-01,1620
2012-11-02,2401
2012-11-03,1638
2012-11-04,1812
2012-11-05,2821
2012-11-06,2719
2012-11-07,2690
2012-11-08,1841
2012-11-09,1865
2012-11-10,1570
2012-11-11,1430
2012-11-12,1557
2012-11-13,1635
2012-11-14,1622
2012-11-15,1368
2012-11-16,1226
2012-11-17,1300
2012-11-18,1178
2012-11-19,1441
2012-11-20,1432
2012-11-21,1365
2012-11-22,1311
2012-11-23,1225
2012-11-24,1187
2012-11-25,1108
2012-11-26,1216
2012-11-27,1548
2012-11-28,2030
2012-11-29,2429
2012-11-30,1580
2012-12-01,1155
2012-12-02,1111
2012-12-03,1407
2012-12-04,2362
2012-12-05,1758
2012-12-06,1923
2012-12-07,1536
2012-12-08,1433
2012-12-09,1247
2012-12-10,1506
2012-12-11,1636
2012-12-12,1796
2012-12-13,1468
2012-12-14,1391
2012-12-15,1789
2012-12-16,1978
2012-12-17,1971
2012-12-18,1960
2012-12-19,1894
2012-12-20,2035
2012-12-21,2167
2012-12-22,2201
2012-12-23,2111
2012-12-24,2145
2012-12-25,2148
2012-12-26,2143
2012-12-27,2107
2012-12-28,2134
2012-12-29,2180
2012-12-30,2152
2012-12-31,2132
2013-01-01,2200
2013-01-02,2155
2013-01-03,1984
2013-01-04,1884
2013-01-05,1898
2013-01-06,1897
2013-01-07,1345
2013-01-08,1968
2013-01-09,2307
2013-01-10,2218
2013-01-11,2154
2013-01-12,2152
2013-01-13,1973
2013-01-14,1380
2013-01-15,2210
2013-01-16,1771
2013-01-17,1854
2013-01-18,1749
2013-01-19,1489
2013-01-20,1459
2013-01-21,1672
2013-01-22,1746
2013-01-23,1882
2013-01-24,1601
2013-01-25,1552
2013-01-26,1492
2013-01-27,1345
2013-01-28,1640
2013-01-29,2210
2013-01-30,2190
2013-01-31,2179
2013-02-01,2159
2013-02-02,2193
2013-02-03,2218
2013-02-04,2215
2013-02-05,2191
2013-02-06,2216
2013-02-07,2163
2013-02-08,2021
2013-02-09,2044
2013-02-10,2041
2013-02-11,1981
2013-02-12,2020
2013-02-13,1983
2013-02-14,1518
2013-02-15,2001
2013-02-16,2102
2013-02-17,2078
2013-02-18,1695
2013-02-19,2089
2013-02-20,2207
2013-02-21,2195
2013-02-22,1892
2013-02-23,1750
2013-02-24,1661
2013-02-25,1255
2013-02-26,1777
2013-02-27,2204
2013-02-28,2223
2013-03-01,2212
2013-03-02,2181
2013-03-03,2165
2013-03-04,2148
2013-03-05,2032
2013-03-06,2123
2013-03-07,2133
2013-03-08,2092
2013-03-09,2092
2013-03-10,2100
2013-03-11,2065
2013-03-12,2077
2013-03-13,2096
2013-03-14,2095
2013-03-15,2060
2013-03-16,2035
2013-03-17,1924
2013-03-18,1232
2013-03-19,1937
2013-03-20,2061
2013-03-21,2067
2013-03-22,2076
2013-03-23,2064
2013-03-24,1773
2013-03-25,1635
2013-03-26,1976
2013-03-27,1959
2013-03-28,1924
2013-03-29,1951
2013-03-30,1798
2013-03-31,1820
2013-04-01,1669
2013-04-02,1198
2013-04-03,1637
2013-04-04,2012
2013-04-05,1764
2013-04-06,1615
2013-04-07,1486
2013-04-08,1644
2013-04-09,1994
2013-04-10,1934
2013-04-11,1994
2013-04-12,1935
2013-04-13,1670
2013-04-14,1433
2013-04-15,1637
2013-04-16,1853
2013-04-17,1757
2013-04-18,1896
2013-04-19,1960
2013-04-20,1951
2013-04-21,1661
2013-04-22,1728
2013-04-23,1787
2013-04-24,1820
2013-04-25,1786
2013-04-26,1565
2013-04-27,1454
2013-04-28,1393
2013-04-29,1498
2013-04-30,1505
2013-05-01,1565
2013-05-02,1992
2013-05-03,2020
2013-05-04,2021
2013-05-05,1799
2013-05-06,1794
2013-05-07,1930
2013-05-08,1976
2013-05-09,1751
2013-05-10,1999
2013-05-11,2004
2013-05-12,2032
2013-05-13,2227
2013-05-14,1996
2013-05-15,1804
2013-05-16,1753
2013-05-17,2094
2013-05-18,2066
2013-05-19,2051
2013-05-20,1978
2013-05-21,1696
2013-05-22,2427
2013-05-23,1634
2013-05-24,2199
2013-05-25,2370
2013-05-26,2386
2013-05-27,2365
2013-05-28,2374
2013-05-29,2246
2013-05-30,2275
2013-05-31,2248
2013-06-01,2277
2013-06-02,2024
2013-06-03,2026
2013-06-04,2030
2013-06-05,2009
2013-06-06,1029
2013-06-07,2069
2013-06-08,2275
2013-06-09,2293
2013-06-10,2270
2013-06-11,2265
2013-06-12,2280
2013-06-13,2419
2013-06-14,2123
2013-06-15,2089
2013-06-16,1953
2013-06-17,1865
2013-06-18,1953
2013-06-19,1801
2013-06-20,1936
2013-06-21,1891
2013-06-22,1631
2013-06-23,1881
2013-06-24,2064
2013-06-25,2081
2013-06-26,2041
2013-06-27,2072
2013-06-28,1969
2013-06-29,2081
2013-06-30,1772
2013-07-01,1341
2013-07-02,1675
2013-07-03,2052
2013-07-04,1885
2013-07-05,1844
2013-07-06,1610
2013-07-07,1434
2013-07-08,1657
2013-07-09,1744
2013-07-10,1623
2013-07-11,1721
2013-07-12,1624
2013-07-13,1472
2013-07-14,1403
2013-07-15,1587
2013-07-16,1713
2013-07-17,1784
2013-07-18,1694
2013-07-19,1734
2013-07-20,1403
2013-07-21,1222
2013-07-22,1726
2013-07-23,1563
2013-07-24,2117
2013-07-25,2809
2013-07-26,1572
2013-07-27,1379
2013-07-28,1344
2013-07-29,2491
2013-07-30,2985
2013-07-31,2207
2013-08-01,1754
2013-08-02,1528
2013-08-03,1861
2013-08-04,2750
2013-08-05,1673
2013-08-06,2244
2013-08-07,2793
2013-08-08,2066
2013-08-09,2172
2013-08-10,1889
2013-08-11,1316
2013-08-12,2080
2013-08-13,2771
2013-08-14,1632
2013-08-15,1633
2013-08-16,1501
2013-08-17,1151
2013-08-18,1153
2013-08-19,2379
2013-08-20,2749
2013-08-21,2045
2013-08-22,1589
2013-08-23,1471
2013-08-24,1296
2013-08-25,2518
2013-08-26,2460
2013-08-27,1699
2013-08-28,2484
2013-08-29,2162
2013-08-30,1630
2013-08-31,1307
2013-09-01,1132
2013-09-02,1410
2013-09-03,1543
2013-09-04,1522
2013-09-05,1668
2013-09-06,1529
2013-09-07,1253
2013-09-08,1347
2013-09-09,2484
2013-09-10,2451
2013-09-11,2192
2013-09-12,2578
2013-09-13,2608
2013-09-14,1719
2013-09-15,1968
2013-09-16,1408
2013-09-17,1991
2013-09-18,3128
2013-09-19,2849
2013-09-20,2367
2013-09-21,1441
2013-09-22,1424
2013-09-23,1537
2013-09-24,1629
2013-09-25,1588
2013-09-26,2115
2013-09-27,1409
2013-09-28,1375
2013-09-29,1306
2013-09-30,1460
2013-10-01,1591
2013-10-02,1608
2013-10-03,1281
2013-10-04,1146
2013-10-05,1531
2013-10-06,1182
2013-10-07,1374
2013-10-08,1490
2013-10-09,1416
2013-10-10,2567
2013-10-11,2934
2013-10-12,1423
2013-10-13,1274
2013-10-14,1524
2013-10-15,2380
2013-10-16,3017
2013-10-17,2342
2013-10-18,1685
2013-10-19,1344
2013-10-20,1337
2013-10-21,1541
2013-10-22,1592
2013-10-23,1715
2013-10-24,1494
2013-10-25,1384
2013-10-26,1265
2013-10-27,1782
2013-10-28,1547
2013-10-29,1752
2013-10-30,2220
2013-10-31,1694
2013-11-01,1141
2013-11-02,1281
2013-11-03,3025
2013-11-04,2017
2013-11-05,2281
2013-11-06,3030
2013-11-07,2965
2013-11-08,2076
2013-11-09,3015
2013-11-10,2575
2013-11-11,2570
2013-11-12,2558
2013-11-13,1609
2013-11-14,1498
2013-11-15,1416
2013-11-16,1262
2013-11-17,1300
2013-11-18,1587
2013-11-19,1684
2013-11-20,2053
2013-11-21,1583
2013-11-22,1763
2013-11-23,1381
2013-11-24,1162
2013-11-25,1387
2013-11-26,1599
2013-11-27,1507
2013-11-28,1455
2013-11-29,1502
2013-11-30,2009
2013-12-01,1820
2013-12-02,2268
2013-12-03,1626
2013-12-04,1546
2013-12-05,2688
2013-12-06,1646
2013-12-07,1958
2013-12-08,3774
2013-12-09,3133
2013-12-10,3123
2013-12-11,1676
2013-12-12,2158
2013-12-13,1825
2013-12-14,1680
2013-12-15,1497
2013-12-16,1592
2013-12-17,1699
2013-12-18,1703
2013-12-19,1766
2013-12-20,1640
2013-12-21,1377
2013-12-22,1262
2013-12-23,1432
2013-12-24,1258
2013-12-25,1178
2013-12-26,1573
2013-12-27,1257
2013-12-28,1338
2013-12-29,1407
2013-12-30,1318
2013-12-31,1371
2014-01-01,1135
2014-01-02,1556
2014-01-03,1285
2014-01-04,1357
2014-01-05,1654
2014-01-06,1221
2014-01-07,1513
2014-01-08,1552
2014-01-09,1998
2014-01-10,2238
2014-01-11,2142
2014-01-12,1761
2014-01-13,1753
2014-01-14,2131
2014-01-15,1128
2014-01-16,1720
2014-01-17,1957
2014-01-18,1425
2014-01-19,1289
2014-01-20,1190
2014-01-21,1597
2014-01-22,2061
2014-01-23,1928
2014-01-24,1538
2014-01-25,1352
2014-01-26,1525
2014-01-27,1922
2014-01-28,1797
2014-01-29,1143
2014-01-30,1730
2014-01-31,1793
2014-02-01,2205
2014-02-02,1675
2014-02-03,2041
2014-02-04,1859
2014-02-05,1914
2014-02-06,1790
2014-02-07,1522
2014-02-08,1377
2014-02-09,1618
2014-02-10,1992
2014-02-11,2088
2014-02-12,1689
2014-02-13,1723
2014-02-14,1358
2014-02-15,1378
2014-02-16,2423
2014-02-17,1943
2014-02-18,1223
2014-02-19,1774
2014-02-20,1747
2014-02-21,2016
2014-02-22,1363
2014-02-23,1239
2014-02-24,1547
2014-02-25,1630
2014-02-26,1724
2014-02-27,1616
2014-02-28,1656
2014-03-01,1273
2014-03-02,1104
2014-03-03,1221
2014-03-04,1136
2014-03-05,1554
2014-03-06,1492
2014-03-07,1485
2014-03-08,1158
2014-03-09,1168
2014-03-10,1538
2014-03-11,1584
2014-03-12,1350
2014-03-13,1679
2014-03-14,1402
2014-03-15,2040
2014-03-16,2179
2014-03-17,1444
2014-03-18,1558
2014-03-19,2248
2014-03-20,1612
2014-03-21,1407
2014-03-22,1591
2014-03-23,2541
2014-03-24,2581
2014-03-25,1819
2014-03-26,1636
2014-03-27,1520
2014-03-28,1508
2014-03-29,1159
2014-03-30,1139
2014-03-31,1464
2014-04-01,1568
2014-04-02,1540
2014-04-03,1503
2014-04-04,1227
2014-04-05,1246
2014-04-06,1697
2014-04-07,1383
2014-04-08,1905
2014-04-09,1645
2014-04-10,2055
2014-04-11,1473
2014-04-12,1167
2014-04-13,1222
2014-04-14,2250
2014-04-15,1179
2014-04-16,1138
2014-04-17,1631
2014-04-18,2373
2014-04-19,1576
2014-04-20,1216
2014-04-21,1279
2014-04-22,1588
2014-04-23,1600
2014-04-24,1569
2014-04-25,1495
2014-04-26,1145
2014-04-27,1471
2014-04-28,1095
2014-04-29,1731
2014-04-30,1226
2014-05-01,1219
2014-05-02,1113
2014-05-03,1718
2014-05-04,2322
2014-05-05,1445
2014-05-06,1547
2014-05-07,1882
2014-05-08,1350
2014-05-09,2112
2014-05-10,1616
2014-05-11,2183
2014-05-12,2220
2014-05-13,2165
2014-05-14,1127
2014-05-15,1687
2014-05-16,1802
2014-05-17,2355
2014-05-18,2372
2014-05-19,2175
2014-05-20,1715
2014-05-21,1633
2014-05-22,1548
2014-05-23,1729
2014-05-24,1273
2014-05-25,1164
2014-05-26,1654
2014-05-27,2408
2014-05-28,2165
2014-05-29,2387
2014-05-30,2282
2014-05-31,2215
2014-06-01,1635
2014-06-02,1712
2014-06-03,1984
2014-06-04,2065
2014-06-05,2190
2014-06-06,1807
2014-06-07,1186
2014-06-08,1293
2014-06-09,1150
2014-06-10,1636
2014-06-11,1488
2014-06-12,1684
2014-06-13,1581
2014-06-14,1371
2014-06-15,1090
2014-06-16,1481
2014-06-17,1866
2014-06-18,1614
2014-06-19,1422
2014-06-20,1854
2014-06-21,1086
2014-06-22,1083
2014-06-23,1479
2014-06-24,1577
2014-06-25,3128
2014-06-26,1566
2014-06-27,1372
2014-06-28,2489
2014-06-29,3516
2014-06-30,1903
2014-07-01,1581
2014-07-02,3196
2014-07-03,2188
2014-07-04,1245
2014-07-05,1180
2014-07-06,1138
2014-07-07,2344
2014-07-08,2312
2014-07-09,2743
2014-07-10,2321
2014-07-11,2375
2014-07-12,2544
2014-07-13,2549
2014-07-14,1883
2014-07-15,1662
2014-07-16,1642
2014-07-17,1536
2014-07-18,1464
2014-07-19,1076
2014-07-20,1165
2014-07-21,2703
2014-07-22,2715
2014-07-23,2582
2014-07-24,1751
2014-07-25,1515
2014-07-26,1166
2014-07-27,1245
2014-07-28,1556
2014-07-29,1657
2014-07-30,1863
2014-07-31,1173
2014-08-01,1603
2014-08-02,1870
2014-08-03,1695
2014-08-04,2575
2014-08-05,2494
2014-08-06,1907
2014-08-07,1478
2014-08-08,1643
2014-08-09,1153
2014-08-10,1106
2014-08-11,2522
2014-08-12,2577
2014-08-13,3180
2014-08-14,1711
2014-08-15,1642
2014-08-16,2509
2014-08-17,1786
2014-08-18,1515
2014-08-19,1728
2014-08-20,1944
2014-08-21,1271
2014-08-22,1396
2014-08-23,1057
2014-08-24,1150
2014-08-25,1864
2014-08-26,2670
2014-08-27,2571
2014-08-28,2258
2014-08-29,1769
2014-08-30,2186
2014-08-31,2448
2014-09-01,2612
2014-09-02,2490
2014-09-03,1745
2014-09-04,1560
2014-09-05,1597
2014-09-06,1306
2014-09-07,1159
2014-09-08,1521
2014-09-09,1565
2014-09-10,1516
2014-09-11,2008
2014-09-12,2532
2014-09-13,2385
2014-09-14,2465
2014-09-15,2371
2014-09-16,1479
2014-09-17,1990
2014-09-18,1514
2014-09-19,2098
2014-09-20,2318
2014-09-21,2375
2014-09-22,2482
2014-09-23,2381
2014-09-24,2229
2014-09-25,1279
2014-09-26,2068
2014-09-27,1350
2014-09-28,1359
2014-09-29,1342
2014-09-30,1325
2014-10-01,2574
2014-10-02,2583
2014-10-03,1417
2014-10-04,1323
2014-10-05,1330
2014-10-06,1699
2014-10-07,1661
2014-10-08,1630
2014-10-09,1675
2014-10-10,1518
2014-10-11,1302
2014-10-12,1224
2014-10-13,1850
2014-10-14,1688
2014-10-15,1801
2014-10-16,2752
2014-10-17,2911
2014-10-18,2461
2014-10-19,1790
2014-10-20,2488
2014-10-21,1758
2014-10-22,2333
2014-10-23,2140
2014-10-24,2136
2014-10-25,2217
2014-10-26,1785
2014-10-27,2006
2014-10-28,1929
2014-10-29,1498
2014-10-30,1513
2014-10-31,1276
2014-11-01,1834
2014-11-02,1427
2014-11-03,1614
2014-11-04,1759
2014-11-05,1440
2014-11-06,1730
2014-11-07,1491
2014-11-08,1353
2014-11-09,1228
2014-11-10,1504
2014-11-11,1633
2014-11-12,1534
2014-11-13,1550
2014-11-14,1276
2014-11-15,1179
2014-11-16,1109
2014-11-17,1566
2014-11-18,2944
2014-11-19,2847
2014-11-20,2862
2014-11-21,1908
2014-11-22,1555
2014-11-23,1490
2014-11-24,1790
2014-11-25,1770
2014-11-26,1699
2014-11-27,1628
2014-11-28,1523
2014-11-29,1216
2014-11-30,1249
2014-12-01,1774
2014-12-02,1670
2014-12-03,1613
2014-12-04,1448
2014-12-05,1432
2014-12-06,1434
2014-12-07,1234
2014-12-08,1690
2014-12-09,1555
2014-12-10,1633
2014-12-11,2397
2014-12-12,1520
2014-12-13,1240
2014-12-14,1164
2014-12-15,2095
2014-12-16,2484
2014-12-17,2642
2014-12-18,2870
2014-12-19,2858
2014-12-20,2870
2014-12-21,2794
2014-12-22,2780
2014-12-23,2300
2014-12-24,1406
2014-12-25,1980
2014-12-26,1799
2014-12-27,1461
2014-12-28,1346
2014-12-29,1584
2014-12-30,2056
2014-12-31,1576
2015-01-01,1371
2015-01-02,1153
2015-01-03,1976
2015-01-04,2367
2015-01-05,2133
2015-01-06,1939
2015-01-07,1254
2015-01-08,2165
2015-01-09,2085
2015-01-10,1747
2015-01-11,1727
2015-01-12,1734
2015-01-13,1710
2015-01-14,1698
2015-01-15,1957
2015-01-16,1909
2015-01-17,1908
2015-01-18,1886
2015-01-19,1899
2015-01-20,977
2015-01-21,1361
2015-01-22,1906
2015-01-23,1914
2015-01-24,1943
2015-01-25,1745
2015-01-26,1003
2015-01-27,1790
2015-01-28,2095
2015-01-29,2089
2015-01-30,1956
2015-01-31,1795
2015-02-01,1713
2015-02-02,1896
2015-02-03,1922
2015-02-04,1942
2015-02-05,1772
2015-02-06,1707
2015-02-07,1470
2015-02-08,1557
2015-02-09,854
2015-02-10,1633
2015-02-11,1734
2015-02-12,1725
2015-02-13,1714
2015-02-14,1638
2015-02-15,1702
2015-02-16,1688
2015-02-17,1798
2015-02-18,1601
2015-02-19,1452
2015-02-20,1506
2015-02-21,1513
2015-02-22,1513
2015-02-23,738
2015-02-24,1162
2015-02-25,1644
2015-02-26,1669
2015-02-27,1742
2015-02-28,1760
2015-03-01,1738
2015-03-02,1702
2015-03-03,1729
2015-03-04,1722
2015-03-05,1728
2015-03-06,1605
2015-03-07,1638
2015-03-08,1637
2015-03-09,954
2015-03-10,1822
2015-03-11,1781
2015-03-12,1797
2015-03-13,1703
2015-03-14,1506
2015-03-15,1454
2015-03-16,1544
2015-03-17,1646
2015-03-18,1390
2015-03-19,2184
2015-03-20,1709
2015-03-21,1782
2015-03-22,1330
2015-03-23,1848
2015-03-24,1764
2015-03-25,1999
2015-03-26,2043
2015-03-27,2014
2015-03-28,1442
2015-03-29,1997
2015-03-30,1969
2015-03-31,1961
2015-04-01,1996
2015-04-02,1983
2015-04-03,1990
2015-04-04,1734
2015-04-05,2313
2015-04-06,2034
2015-04-07,1637
2015-04-08,1795
2015-04-09,1796
2015-04-10,1522
2015-04-11,1473
2015-04-12,1841
2015-04-13,1377
2015-04-14,1408
2015-04-15,1683
2015-04-16,1914
2015-04-17,1914
2015-04-18,1919
2015-04-19,1920
2015-04-20,1750
2015-04-21,1675
2015-04-22,1924
2015-04-23,1874
2015-04-24,1948
2015-04-25,1733
2015-04-26,1594
2015-04-27,1873
2015-04-28,1781
2015-04-29,1714
2015-04-30,1928
2015-05-01,1869
2015-05-02,1860
2015-05-03,1842
2015-05-04,2015
2015-05-05,2e3
2015-05-06,2063
2015-05-07,1979
2015-05-08,1983
2015-05-09,1991
2015-05-10,1968
2015-05-11,1979
2015-05-12,1908
2015-05-13,1936
2015-05-14,1373
2015-05-15,1646
2015-05-16,1474
2015-05-17,1551
2015-05-18,1998
2015-05-19,2099
2015-05-20,1354
2015-05-21,2022
2015-05-22,2118
2015-05-23,2082
2015-05-24,2129
2015-05-25,2138
2015-05-26,2080
2015-05-27,2109
2015-05-28,2125
2015-05-29,2074
2015-05-30,2022
2015-05-31,1708
2015-06-01,1988
2015-06-02,2034
2015-06-03,2021
2015-06-04,1555
2015-06-05,1340
2015-06-06,1277
2015-06-07,1344
2015-06-08,1934
2015-06-09,1993
2015-06-10,1927
2015-06-11,1255
2015-06-12,1912
2015-06-13,1947
2015-06-14,1395
2015-06-15,1792
2015-06-16,2138
2015-06-17,2074
2015-06-18,2005
2015-06-19,1954
2015-06-20,2022
2015-06-21,1559
2015-06-22,1638
2015-06-23,1466
2015-06-24,1887
2015-06-25,2034
2015-06-26,1388
2015-06-27,1595
2015-06-28,1879
2015-06-29,1913
2015-06-30,2475
2015-07-01,2131
2015-07-02,2187
2015-07-03,1548
2015-07-04,1792
2015-07-05,1568
2015-07-06,1443
2015-07-07,1344
2015-07-08,2632
2015-07-09,2475
2015-07-10,1774
2015-07-11,1371
2015-07-12,1331
2015-07-13,2078
2015-07-14,2382
2015-07-15,1830
2015-07-16,1871
2015-07-17,1591
2015-07-18,1334
2015-07-19,2159
2015-07-20,2552
2015-07-21,2085
2015-07-22,3022
2015-07-23,3034
2015-07-24,2032
2015-07-25,2307
2015-07-26,1593
2015-07-27,2903
2015-07-28,2340
2015-07-29,2183
2015-07-30,2533
2015-07-31,1701
2015-08-01,1802
2015-08-02,1421
2015-08-03,1663
2015-08-04,1740
2015-08-05,1765
2015-08-06,1683
2015-08-07,1589
2015-08-08,1251
2015-08-09,1244
2015-08-10,1724
2015-08-11,1716
2015-08-12,1671
2015-08-13,1669
2015-08-14,2215
2015-08-15,1434
2015-08-16,2728
2015-08-17,3243
2015-08-18,1793
2015-08-19,2529
2015-08-20,2813
2015-08-21,1638
2015-08-22,1179
2015-08-23,1219
2015-08-24,1673
2015-08-25,1556
2015-08-26,1513
2015-08-27,1488
2015-08-28,1463
2015-08-29,1245
2015-08-30,1251
2015-08-31,1664
2015-09-01,2449
2015-09-02,3324
2015-09-03,3319
2015-09-04,3282
2015-09-05,1562
2015-09-06,1510
2015-09-07,3113
2015-09-08,1877
2015-09-09,1667
2015-09-10,1664
2015-09-11,1318
2015-09-12,1220
2015-09-13,1158
2015-09-14,2015
2015-09-15,1540
2015-09-16,1679
2015-09-17,1567
2015-09-18,1552
2015-09-19,1166
2015-09-20,1167
2015-09-21,1479
2015-09-22,1903
2015-09-23,3091
2015-09-24,2372
2015-09-25,1443
2015-09-26,1191
2015-09-27,1232
2015-09-28,1573
2015-09-29,1564
2015-09-30,1481
2015-10-01,1569
2015-10-02,1417
2015-10-03,1271
2015-10-04,1408
2015-10-05,1617
2015-10-06,1984
2015-10-07,2240
2015-10-08,2331
2015-10-09,1875
2015-10-10,1726
2015-10-11,1576
2015-10-12,1826
2015-10-13,1206
2015-10-14,1492
2015-10-15,2005
2015-10-16,1830
2015-10-17,1396
2015-10-18,1820
2015-10-19,1953
2015-10-20,1945
2015-10-21,1882
2015-10-22,1727
2015-10-23,1434
2015-10-24,1335
2015-10-25,1159
2015-10-26,1682
2015-10-27,1681
2015-10-28,1733
2015-10-29,1439
2015-10-30,1244
2015-10-31,1381
2015-11-01,1280
2015-11-02,1675
2015-11-03,1670
2015-11-04,1615
2015-11-05,1567
2015-11-06,1410
2015-11-07,1502
2015-11-08,1355
2015-11-09,1773
2015-11-10,1715
2015-11-11,1666
2015-11-12,1666
2015-11-13,1767
2015-11-14,1962
2015-11-15,1958
2015-11-16,1935
2015-11-17,1953
2015-11-18,1865
2015-11-19,1189
2015-11-20,1230
2015-11-21,1783
2015-11-22,2069
2015-11-23,2019
2015-11-24,2012
2015-11-25,1467
2015-11-26,1229
2015-11-27,1825
2015-11-28,1823
2015-11-29,1964
2015-11-30,1960
2015-12-01,2007
2015-12-02,2005
2015-12-03,2167
2015-12-04,2019
2015-12-05,2024
2015-12-06,1833
2015-12-07,1416
2015-12-08,1531
2015-12-09,1963
2015-12-10,1997
2015-12-11,1813
2015-12-12,1385
2015-12-13,1706
2015-12-14,1371
2015-12-15,1814
2015-12-16,1942
2015-12-17,1547
2015-12-18,2057
2015-12-19,1713
2015-12-20,1485
2015-12-21,1938
2015-12-22,1953
2015-12-23,1563
2015-12-24,1471
2015-12-25,1383
2015-12-26,1276
2015-12-27,1288
2015-12-28,1459
2015-12-29,1463
2015-12-30,1464
2015-12-31,1471
2016-01-01,1341
2016-01-02,1218
2016-01-03,1203
2016-01-04,1245
2016-01-05,1456
2016-01-06,1488
2016-01-07,1372
2016-01-08,1282
2016-01-09,1830
2016-01-10,1845
2016-01-11,1532
2016-01-12,1545
2016-01-13,1542
2016-01-14,1549
2016-01-15,1554
2016-01-16,1553
2016-01-17,1519
2016-01-18,1679
2016-01-19,1553
2016-01-20,1517
2016-01-21,1491
2016-01-22,1480
2016-01-23,1495
2016-01-24,1480
2016-01-25,1373
2016-01-26,1578
2016-01-27,1930
2016-01-28,1510
2016-01-29,1548
2016-01-30,1558
2016-01-31,1557
2016-02-01,1384
2016-02-02,1611
2016-02-03,1699
2016-02-04,1764
2016-02-05,1170
2016-02-06,1461
2016-02-07,1436
2016-02-08,1448
2016-02-09,1459
2016-02-10,1456
2016-02-11,1455
2016-02-12,1405
2016-02-13,1411
2016-02-14,1410
2016-02-15,1412
2016-02-16,1284
2016-02-17,1258
2016-02-18,1469
2016-02-19,1478
2016-02-20,1483
2016-02-21,1480
2016-02-22,1644
2016-02-23,1954
2016-02-24,1346
2016-02-25,2253
2016-02-26,1788
2016-02-27,1563
2016-02-28,1542
2016-02-29,1469
2016-03-01,1443
2016-03-02,1180
2016-03-03,1167
2016-03-04,1199
2016-03-05,1872
2016-03-06,2023
2016-03-07,2006
2016-03-08,1932
2016-03-09,1870
2016-03-10,1317
2016-03-11,1490
2016-03-12,1963
2016-03-13,1671
2016-03-14,1765
2016-03-15,1786
2016-03-16,1956
2016-03-17,1308
2016-03-18,1490
2016-03-19,1836
2016-03-20,1714
2016-03-21,1295
2016-03-22,1614
2016-03-23,1979
2016-03-24,1987
2016-03-25,1977
2016-03-26,1892
2016-03-27,1726
2016-03-28,1716
2016-03-29,1344
2016-03-30,1538
2016-03-31,1815
2016-04-01,1800
2016-04-02,1647
2016-04-03,1587
2016-04-04,1425
2016-04-05,1658
2016-04-06,1780
2016-04-07,1808
2016-04-08,2076
2016-04-09,1939
2016-04-10,1597
2016-04-11,1382
2016-04-12,2004
2016-04-13,2295
2016-04-14,2290
2016-04-15,2172
2016-04-16,1634
2016-04-17,2156
2016-04-18,2379
2016-04-19,1973
2016-04-20,1802
2016-04-21,1638
2016-04-22,1788
2016-04-23,2175
2016-04-24,2401
2016-04-25,1855
2016-04-26,2503
2016-04-27,2452
2016-04-28,1946
2016-04-29,1685
2016-04-30,1529
2016-05-01,1412
2016-05-02,1786
2016-05-03,1834
2016-05-04,2076
2016-05-05,1426
2016-05-06,1393
2016-05-07,1372
2016-05-08,1297
2016-05-09,1657
2016-05-10,1874
2016-05-11,1760
2016-05-12,2209
2016-05-13,2618
2016-05-14,2631
2016-05-15,2560
2016-05-16,2373
2016-05-17,2144
2016-05-18,2021
2016-05-19,1741
2016-05-20,1569
2016-05-21,1818
2016-05-22,1468
2016-05-23,2323
2016-05-24,2499
2016-05-25,2452
2016-05-26,2416
2016-05-27,1629
2016-05-28,1506
2016-05-29,1731
2016-05-30,1629
2016-05-31,2103
2016-06-01,2464
2016-06-02,2397
2016-06-03,2386
2016-06-04,2389
2016-06-05,2295
2016-06-06,1630
2016-06-07,1995
2016-06-08,2249
2016-06-09,2227
2016-06-10,1748
2016-06-11,1628
2016-06-12,2267
2016-06-13,2491
2016-06-14,1836
2016-06-15,2427
2016-06-16,2383
2016-06-17,2442
2016-06-18,2238
2016-06-19,2422
2016-06-20,2424
2016-06-21,2436
2016-06-22,2324
2016-06-23,1922
2016-06-24,1761
2016-06-25,2076
2016-06-26,2205
2016-06-27,1525
2016-06-28,1733
2016-06-29,2313
2016-06-30,2206
2016-07-01,2147
2016-07-02,1938
2016-07-03,1614
2016-07-04,1437
2016-07-05,1854
2016-07-06,1547
2016-07-07,2077
2016-07-08,2098
2016-07-09,1982
2016-07-10,1565
2016-07-11,2381
2016-07-12,2524
2016-07-13,2551
2016-07-14,2493
2016-07-15,2486
2016-07-16,2324
2016-07-17,2485
2016-07-18,2427
2016-07-19,2312
2016-07-20,2159
2016-07-21,2052
2016-07-22,1882
2016-07-23,2100
2016-07-24,2395
2016-07-25,2340
2016-07-26,2453
2016-07-27,1702
2016-07-28,2234
2016-07-29,1789
2016-07-30,1719
2016-07-31,1388
2016-08-01,1882
2016-08-02,2268
2016-08-03,2085
2016-08-04,1794
2016-08-05,2542
2016-08-06,2033
2016-08-07,1418
2016-08-08,2086
2016-08-09,2851
2016-08-10,2838
2016-08-11,2848
2016-08-12,2279
2016-08-13,1565
2016-08-14,1602
2016-08-15,1386
2016-08-16,1887
2016-08-17,1820
2016-08-18,1709
2016-08-19,1642
2016-08-20,1813
2016-08-21,2651
2016-08-22,2218
2016-08-23,1715
2016-08-24,1747
2016-08-25,1736
2016-08-26,1675
2016-08-27,1419
2016-08-28,1311
2016-08-29,2626
2016-08-30,2591
2016-08-31,1844
2016-09-01,1700
2016-09-02,1686
2016-09-03,1404
2016-09-04,2021
2016-09-05,2837
2016-09-06,2013
2016-09-07,1780
2016-09-08,1766
2016-09-09,1628
2016-09-10,1333
2016-09-11,1245
2016-09-12,1782
2016-09-13,1669
2016-09-14,1711
2016-09-15,1653
2016-09-16,2056
2016-09-17,2847
2016-09-18,2847
2016-09-19,2826
2016-09-20,2830
2016-09-21,2829
2016-09-22,2321
2016-09-23,1898
2016-09-24,1612
2016-09-25,1509
2016-09-26,1805
2016-09-27,1747
2016-09-28,1698
2016-09-29,1764
2016-09-30,1572
2016-10-01,1555
2016-10-02,2239
2016-10-03,2658
2016-10-04,2684
2016-10-05,2201
2016-10-06,2078
2016-10-07,1685
2016-10-08,1536
2016-10-09,1418
2016-10-10,1653
2016-10-11,2483
2016-10-12,1757
2016-10-13,1670
2016-10-14,1591
2016-10-15,1425
2016-10-16,1319
2016-10-17,1720
2016-10-18,2530
2016-10-19,2276
2016-10-20,1744
2016-10-21,1792
2016-10-22,1467
2016-10-23,1422
2016-10-24,1764
2016-10-25,1839
2016-10-26,1708
2016-10-27,1692
2016-10-28,2092
2016-10-29,2127
2016-10-30,1423
2016-10-31,1355
2016-11-01,1397
2016-11-02,1636
2016-11-03,2040
2016-11-04,1757
2016-11-05,1846
2016-11-06,2605
2016-11-07,2539
2016-11-08,2308
2016-11-09,1862
2016-11-10,2392
2016-11-11,2845
2016-11-12,2484
2016-11-13,1790
2016-11-14,1936
2016-11-15,2567
2016-11-16,2845
2016-11-17,2842
2016-11-18,2844
2016-11-19,2840
2016-11-20,2798
2016-11-21,2427
2016-11-22,1936
2016-11-23,1898
2016-11-24,1921
2016-11-25,1829
2016-11-26,1935
2016-11-27,1608
2016-11-28,1889
2016-11-29,1914
2016-11-30,1824
2016-12-01,1960
2016-12-02,1775
2016-12-03,1553
2016-12-04,1466
2016-12-05,1694
2016-12-06,1837
2016-12-07,1721
2016-12-08,1700
2016-12-09,1624
2016-12-10,1430
2016-12-11,2500
2016-12-12,2308
2016-12-13,1894
2016-12-14,1798
2016-12-15,1703
2016-12-16,1510
2016-12-17,1527
2016-12-18,1423
2016-12-19,1803
2016-12-20,1730
2016-12-21,1800
2016-12-22,1727
2016-12-23,1698
2016-12-24,2492
2016-12-25,2646
2016-12-26,2640
2016-12-27,2313
2016-12-28,1869
2016-12-29,1967
2016-12-30,1666
2016-12-31,1527
