datum,i_valwig,i_pommern,i_hatzenport,i_muenstermaifeld,i_winningen,i_mayen,i_gondershausen,i_muelheimkaerlich,i_grenzau,sd_valwig,sd_pommern,sd_hatzenport,sd_muenstermaifeld,sd_winningen,sd_mayen,sd_gondershausen,sd_muelheimkaerlich,sd_grenzau
2010-10-01T00:00:00Z,1760,1760,1760,2213,2213,1858,2336,2352,2491,3,3,3,4,4,3,5,5,5
2010-10-02T00:00:00Z,714,714,714,928,928,452,1054,642,743,0,0,0,0,0,0,0,0,0
2010-10-03T00:00:00Z,3574,3574,3574,3373,3373,2268,3369,3423,3291,9,9,9,8,8,5,8,9,8
2010-10-04T00:00:00Z,2944,2944,2944,2878,2878,1595,2738,2558,2612,7,7,7,7,7,2,6,6,6
2010-10-05T00:00:00Z,1347,1347,1347,2127,2127,1271,2566,1291,1303,1,1,1,4,4,1,6,1,1
2010-10-06T00:00:00Z,2421,2421,2421,2591,2591,1620,2672,2364,2475,5,5,5,6,6,2,6,5,6
2010-10-07T00:00:00Z,1549,1549,1549,1511,1511,828,2036,1672,1769,2,2,2,2,2,0,4,3,3
2010-10-08T00:00:00Z,1390,1390,1390,1390,1390,685,1159,1863,2240,2,2,2,2,2,0,1,4,5
2010-10-09T00:00:00Z,3516,3516,3516,3544,3544,2306,3610,3656,3850,10,10,10,10,10,5,10,10,11
2010-10-10T00:00:00Z,3657,3657,3657,3659,3659,2428,3790,3720,3916,10,10,10,11,11,6,11,11,12
2010-10-11T00:00:00Z,3656,3656,3656,3594,3594,2310,3699,3536,3822,11,11,11,10,10,6,11,10,11
2010-10-12T00:00:00Z,3354,3354,3354,3492,3492,2356,3652,3470,3723,10,10,10,10,10,6,11,10,11
2010-10-13T00:00:00Z,1582,1582,1582,1652,1652,1004,3128,2108,2271,3,3,3,3,3,1,9,5,6
2010-10-14T00:00:00Z,2154,2154,2154,2260,2260,1868,3044,2314,2374,5,5,5,6,6,4,9,6,6
2010-10-15T00:00:00Z,749,749,749,814,814,548,817,775,740,0,0,0,0,0,0,0,0,0
2010-10-16T00:00:00Z,638,638,638,768,768,736,647,769,784,0,0,0,0,0,0,0,0,0
2010-10-17T00:00:00Z,455,455,455,604,604,476,362,698,751,0,0,0,0,0,0,0,0,0
2010-10-18T00:00:00Z,843,843,843,914,914,550,1127,757,899,0,0,0,1,1,0,1,0,1
2010-10-19T00:00:00Z,1436,1436,1436,1514,1514,864,974,987,939,3,3,3,3,3,0,1,1,1
2010-10-20T00:00:00Z,1222,1222,1222,1469,1469,1034,1159,1294,1180,2,2,2,3,3,1,2,2,2
2010-10-21T00:00:00Z,3027,3027,3027,2933,2933,2096,3006,2683,3112,10,10,10,9,9,6,10,8,10
2010-10-22T00:00:00Z,1099,1099,1099,1120,1120,779,1160,1188,1213,2,2,2,2,2,0,2,2,2
2010-10-23T00:00:00Z,1844,1844,1844,1821,1821,1181,1998,1301,1533,5,5,5,5,5,2,6,3,4
2010-10-24T00:00:00Z,2253,2253,2253,2175,2175,1542,1919,2330,2204,7,7,7,6,6,4,5,7,7
2010-10-25T00:00:00Z,1732,1732,1732,1891,1891,1274,2039,1948,1965,5,5,5,5,5,3,6,6,6
2010-10-26T00:00:00Z,2203,2203,2203,1971,1971,1453,2581,1212,2010,7,7,7,6,6,3,8,2,6
2010-10-27T00:00:00Z,946,946,946,1027,1027,702,1438,756,861,1,1,1,2,2,0,3,0,1
2010-10-28T00:00:00Z,1453,1453,1453,1595,1595,1257,1459,1680,1630,4,4,4,4,4,3,4,5,5
2010-10-29T00:00:00Z,2337,2337,2337,2262,2262,1564,2356,2187,2335,8,8,8,7,8,4,8,7,8
2010-10-30T00:00:00Z,1148,1148,1148,1045,1045,858,1370,1024,952,2,2,2,2,2,1,3,2,2
2010-10-31T00:00:00Z,1784,1784,1784,1660,1660,983,2029,1777,1568,5,5,5,5,5,2,7,6,5
2010-11-01T00:00:00Z,1194,1194,1194,1351,1351,1062,1419,1284,1595,3,3,3,4,4,2,4,3,5
2010-11-02T00:00:00Z,1452,1452,1452,1468,1468,1185,1230,1298,1319,4,4,4,4,4,3,3,4,4
2010-11-03T00:00:00Z,730,730,730,989,989,622,460,313,157,1,1,1,2,2,0,0,0,0
2010-11-04T00:00:00Z,1273,1273,1273,1652,1652,1329,591,950,725,3,4,4,5,5,4,0,2,1
2010-11-05T00:00:00Z,1085,1085,1085,1314,1314,1320,604,184,480,3,3,3,4,4,4,0,0,0
2010-11-06T00:00:00Z,335,335,335,339,339,288,348,398,340,0,0,0,0,0,0,0,0,0
2010-11-07T00:00:00Z,387,387,387,365,365,245,680,436,371,0,0,0,0,0,0,1,0,0
2010-11-08T00:00:00Z,1204,1204,1204,1044,1044,837,1066,1033,773,4,4,4,3,3,2,3,3,1
2010-11-09T00:00:00Z,802,802,802,709,709,395,845,542,579,2,2,2,1,1,0,2,0,0
2010-11-10T00:00:00Z,601,601,601,715,715,541,970,500,391,1,1,1,1,1,0,2,0,0
2010-11-11T00:00:00Z,733,733,733,765,765,552,946,666,742,1,1,1,1,1,0,2,1,1
2010-11-12T00:00:00Z,752,752,752,912,912,634,472,982,726,1,1,1,2,2,1,0,3,1
2010-11-13T00:00:00Z,601,601,601,889,889,804,317,186,17,1,1,1,2,2,2,0,0,0
2010-11-14T00:00:00Z,1472,1472,1472,1274,1274,1133,1677,1015,1009,5,6,6,4,4,4,7,3,3
2010-11-15T00:00:00Z,502,502,502,563,563,454,482,569,523,0,0,0,1,1,0,0,1,0
2010-11-16T00:00:00Z,546,546,546,739,739,874,639,898,676,1,1,1,2,2,2,1,3,1
2010-11-17T00:00:00Z,238,238,238,260,260,161,256,264,221,0,0,0,0,0,0,0,0,0
2010-11-18T00:00:00Z,635,635,635,681,681,415,460,613,650,1,1,1,1,1,0,0,1,1
2010-11-19T00:00:00Z,863,863,863,925,925,568,1e3,692,553,3,3,3,3,3,1,3,2,1
2010-11-20T00:00:00Z,887,887,887,830,830,623,866,812,662,3,3,3,2,2,1,3,2,1
2010-11-21T00:00:00Z,288,288,288,325,325,240,225,630,414,0,0,0,0,0,0,0,1,0
2010-11-22T00:00:00Z,242,242,242,295,295,251,151,250,204,0,0,0,0,0,0,0,0,0
2010-11-23T00:00:00Z,433,433,433,488,488,410,405,642,350,0,0,0,1,1,0,0,1,0
2010-11-24T00:00:00Z,523,523,523,575,575,513,550,259,241,1,1,1,1,1,1,1,0,0
2010-11-25T00:00:00Z,501,501,501,529,529,519,394,979,869,1,1,1,1,1,1,0,4,3
2010-11-26T00:00:00Z,569,569,569,610,610,538,462,674,187,1,1,1,1,1,1,0,2,0
2010-11-27T00:00:00Z,713,713,713,767,767,397,606,647,251,2,2,2,2,2,0,1,2,0
2010-11-28T00:00:00Z,299,299,299,276,276,100,405,308,66,0,0,0,0,0,0,0,0,0
2010-11-29T00:00:00Z,147,147,147,195,195,111,236,231,45,0,0,0,0,0,0,0,0,0
2010-11-30T00:00:00Z,58,58,58,136,136,11,124,122,36,0,0,0,0,0,0,0,0,0
2010-12-01T00:00:00Z,91,91,91,396,396,30,72,372,380,0,0,0,0,0,0,0,0,0
2010-12-02T00:00:00Z,347,347,347,994,994,181,298,845,834,0,0,0,4,4,0,0,3,3
2010-12-03T00:00:00Z,480,480,480,1006,1006,252,361,1023,1373,1,1,1,4,4,0,0,5,7
2010-12-04T00:00:00Z,390,390,390,862,862,287,371,673,623,0,0,0,3,3,0,0,2,2
2010-12-05T00:00:00Z,558,558,558,620,620,402,786,175,148,1,1,1,2,2,0,3,0,0
2010-12-06T00:00:00Z,517,517,517,648,648,376,431,605,576,1,1,1,2,2,0,0,2,2
2010-12-07T00:00:00Z,332,332,332,479,479,261,556,456,424,0,0,0,1,1,0,1,1,1
2010-12-08T00:00:00Z,98,98,98,211,211,24,287,166,102,0,0,0,0,0,0,0,0,0
2010-12-09T00:00:00Z,470,470,470,869,869,335,600,335,118,1,1,1,4,4,0,2,0,0
2010-12-10T00:00:00Z,733,733,733,843,843,522,724,791,765,3,3,3,4,4,1,3,3,3
2010-12-11T00:00:00Z,279,279,279,398,398,280,297,188,222,0,0,0,0,0,0,0,0,0
2010-12-12T00:00:00Z,244,244,244,269,269,347,304,327,275,0,0,0,0,0,0,0,0,0
2010-12-13T00:00:00Z,1191,1191,1191,1175,1175,869,1667,1091,1186,6,6,6,6,6,4,10,6,6
2010-12-14T00:00:00Z,375,375,375,511,511,185,676,494,422,0,0,0,1,1,0,2,1,1
2010-12-15T00:00:00Z,291,291,291,584,584,196,376,478,369,0,0,0,2,2,0,0,1,0
2010-12-16T00:00:00Z,255,255,255,408,408,175,512,264,202,0,0,0,1,1,0,1,0,0
2010-12-17T00:00:00Z,280,280,280,703,703,226,795,257,447,0,0,0,3,3,0,3,0,1
2010-12-18T00:00:00Z,436,436,436,810,810,417,999,448,539,1,1,1,4,4,1,5,1,2
2010-12-19T00:00:00Z,102,102,102,117,117,10,374,65,249,0,0,0,0,0,0,0,0,0
2010-12-20T00:00:00Z,325,325,325,443,443,249,310,368,266,0,0,0,1,1,0,0,0,0
2010-12-21T00:00:00Z,184,184,184,184,184,81,290,200,198,0,0,0,0,0,0,0,0,0
2010-12-22T00:00:00Z,345,345,345,509,509,209,518,427,428,0,0,0,1,1,0,1,1,1
2010-12-23T00:00:00Z,220,220,220,290,290,188,410,224,173,0,0,0,0,0,0,1,0,0
2010-12-24T00:00:00Z,261,261,261,522,522,308,421,420,305,0,0,0,1,1,0,1,1,0
2010-12-25T00:00:00Z,184,184,184,865,865,533,785,748,637,0,0,0,4,4,1,3,3,2
2010-12-26T00:00:00Z,110,110,110,633,633,377,506,336,229,0,0,0,2,2,0,1,0,0
2010-12-27T00:00:00Z,114,114,114,633,633,472,707,208,422,0,0,0,2,2,1,3,0,1
2010-12-28T00:00:00Z,84,84,84,371,371,241,402,212,439,0,0,0,0,0,0,0,0,1
2010-12-29T00:00:00Z,183,183,183,606,606,223,681,380,367,0,0,0,2,2,0,2,0,0
2010-12-30T00:00:00Z,331,331,331,508,508,188,528,502,376,0,0,0,1,1,0,1,1,0
2010-12-31T00:00:00Z,487,487,487,706,706,465,710,535,412,1,1,1,3,3,1,3,1,1
2011-01-01T00:00:00Z,526,526,526,728,728,574,677,391,239,1,1,1,3,3,2,2,0,0
2011-01-02T00:00:00Z,750,750,750,785,785,406,985,552,445,3,3,3,3,3,0,4,1,1
2011-01-03T00:00:00Z,298,298,298,588,588,358,1104,665,301,0,0,0,2,2,0,5,2,0
2011-01-04T00:00:00Z,388,388,388,767,767,450,553,225,202,0,0,0,3,3,1,1,0,0
2011-01-05T00:00:00Z,1329,1329,1329,1214,1214,812,1534,1169,842,7,7,7,6,6,3,8,6,3
2011-01-06T00:00:00Z,313,313,313,475,475,270,384,188,81,0,0,0,1,1,0,0,0,0
2011-01-07T00:00:00Z,124,124,124,170,170,97,232,169,81,0,0,0,0,0,0,0,0,0
2011-01-08T00:00:00Z,1075,1075,1075,953,953,779,1277,1064,628,5,5,5,4,4,3,6,5,2
2011-01-09T00:00:00Z,419,419,419,465,465,342,458,480,459,0,0,0,1,1,0,0,1,1
2011-01-10T00:00:00Z,545,545,545,535,535,337,719,398,354,1,1,1,1,1,0,2,0,0
2011-01-11T00:00:00Z,468,468,468,527,527,391,474,368,360,0,0,0,1,1,0,0,0,0
2011-01-12T00:00:00Z,227,227,227,279,279,250,308,182,127,0,0,0,0,0,0,0,0,0
2011-01-13T00:00:00Z,355,355,355,434,434,397,238,132,72,0,0,0,0,0,0,0,0,0
2011-01-14T00:00:00Z,780,780,780,874,874,552,764,665,243,2,2,2,3,3,1,2,2,0
2011-01-15T00:00:00Z,395,395,395,485,485,353,535,483,472,0,0,0,0,0,0,1,0,0
2011-01-16T00:00:00Z,954,954,954,910,910,516,928,1160,1137,3,3,3,3,3,1,3,5,5
2011-01-17T00:00:00Z,852,852,852,883,883,625,1489,632,950,3,3,3,3,3,1,7,1,3
2011-01-18T00:00:00Z,602,602,602,711,711,482,692,574,495,1,1,1,2,2,0,2,1,0
2011-01-19T00:00:00Z,683,683,683,698,698,529,953,608,422,1,1,1,2,2,1,3,1,0
2011-01-20T00:00:00Z,510,510,510,666,666,525,415,578,577,0,0,0,1,1,0,0,1,1
2011-01-21T00:00:00Z,1021,1021,1021,1050,1050,755,1451,1244,1388,3,3,3,4,4,2,6,5,6
2011-01-22T00:00:00Z,499,499,499,512,512,313,805,496,432,0,0,0,0,0,0,2,0,0
2011-01-23T00:00:00Z,316,316,316,368,368,328,457,305,248,0,0,0,0,0,0,0,0,0
2011-01-24T00:00:00Z,282,282,282,295,295,243,296,319,201,0,0,0,0,0,0,0,0,0
2011-01-25T00:00:00Z,485,485,485,464,464,396,268,164,92,0,0,0,0,0,0,0,0,0
2011-01-26T00:00:00Z,691,691,691,763,763,505,679,1101,1535,1,1,1,2,2,0,1,4,6
2011-01-27T00:00:00Z,642,642,642,783,783,497,562,858,950,1,1,1,2,2,0,0,2,3
2011-01-28T00:00:00Z,497,497,497,547,547,372,486,882,1053,0,0,0,0,0,0,0,2,3
2011-01-29T00:00:00Z,2336,2336,2336,2065,2065,1520,2291,2224,2289,10,10,10,9,9,6,10,10,10
2011-01-30T00:00:00Z,2339,2339,2339,2162,2162,1426,2569,2349,2641,10,10,10,9,9,5,11,10,12
2011-01-31T00:00:00Z,583,583,583,469,469,368,2422,585,1991,0,0,0,0,0,0,10,0,8
2011-02-01T00:00:00Z,607,607,607,577,577,1487,1197,698,527,0,0,0,0,0,5,3,1,0
2011-02-02T00:00:00Z,619,619,619,879,879,587,853,633,481,0,0,0,2,2,0,1,0,0
2011-02-03T00:00:00Z,389,389,389,524,524,718,352,637,443,0,0,0,0,0,1,0,0,0
2011-02-04T00:00:00Z,588,588,588,944,944,788,317,196,120,0,0,0,2,2,1,0,0,0
2011-02-05T00:00:00Z,1061,1061,1061,1070,1070,1160,606,942,385,2,2,2,2,2,3,0,2,0
2011-02-06T00:00:00Z,1233,1233,1233,1553,1553,1639,1679,1722,1168,3,3,3,5,5,5,6,6,3
2011-02-07T00:00:00Z,2327,2327,2327,2232,2232,1507,2449,2215,2269,9,9,9,8,8,5,10,8,9
2011-02-08T00:00:00Z,2307,2307,2307,2140,2140,1546,2019,1935,2053,9,9,9,8,8,5,7,7,7
2011-02-09T00:00:00Z,2068,2068,2068,2517,2517,1426,2536,1311,2623,7,7,7,10,10,4,10,3,10
2011-02-10T00:00:00Z,1228,1228,1228,1016,1016,1108,1669,1134,1442,3,3,3,2,2,2,5,2,4
2011-02-11T00:00:00Z,805,805,805,1128,1128,624,309,255,196,1,1,1,2,2,0,0,0,0
2011-02-12T00:00:00Z,767,767,767,796,796,473,1071,412,439,0,0,0,0,0,0,2,0,0
2011-02-13T00:00:00Z,1162,1162,1162,1220,1220,790,1075,1061,976,2,2,2,2,2,0,2,2,1
2011-02-14T00:00:00Z,1299,1299,1299,1474,1474,1016,1738,1282,1417,3,3,3,4,4,1,5,3,3
2011-02-15T00:00:00Z,743,743,743,858,858,557,591,656,551,0,0,0,1,1,0,0,0,0
2011-02-16T00:00:00Z,1540,1540,1540,1288,1288,909,1890,1073,1393,4,4,4,3,3,1,5,1,3
2011-02-17T00:00:00Z,1868,1868,1868,1872,1872,1562,889,2150,2545,5,5,5,5,5,4,0,7,9
2011-02-18T00:00:00Z,390,390,390,435,435,204,500,301,393,0,0,0,0,0,0,0,0,0
2011-02-19T00:00:00Z,628,628,628,705,705,458,803,759,854,0,0,0,0,0,0,0,0,0
2011-02-20T00:00:00Z,618,618,618,651,651,399,841,826,1038,0,0,0,0,0,0,0,0,1
2011-02-21T00:00:00Z,810,810,810,896,896,665,1087,1037,1180,0,0,0,0,0,0,1,1,2
2011-02-22T00:00:00Z,3143,3143,3143,3099,3099,2076,3281,2810,3290,10,10,10,10,10,6,11,9,11
2011-02-23T00:00:00Z,2443,2443,2443,2412,2412,1690,2720,2164,2425,7,7,7,7,7,4,8,6,7
2011-02-24T00:00:00Z,516,516,516,697,697,451,935,404,628,0,0,0,0,0,0,0,0,0
2011-02-25T00:00:00Z,428,428,428,543,543,365,684,538,645,0,0,0,0,0,0,0,0,0
2011-02-26T00:00:00Z,1735,1735,1735,1751,1751,1061,1425,1268,1648,4,4,4,4,4,1,2,2,3
2011-02-27T00:00:00Z,923,923,923,927,927,840,878,571,450,0,0,0,0,0,0,0,0,0
2011-02-28T00:00:00Z,2121,2121,2121,2679,2679,1410,3165,2048,1901,5,5,5,7,7,2,9,5,4
2011-03-01T00:00:00Z,3008,3008,3008,3230,3230,2321,3466,3101,3629,8,8,8,9,9,5,10,9,11
2011-03-02T00:00:00Z,3715,3715,3715,3708,3708,2585,3703,3466,3927,11,11,11,11,11,6,11,10,12
2011-03-03T00:00:00Z,3431,3431,3431,3447,3447,2391,3477,3145,3581,9,9,9,10,10,5,10,8,10
2011-03-04T00:00:00Z,3616,3616,3616,3660,3660,2587,3728,3288,3837,10,10,10,10,10,6,10,9,11
2011-03-05T00:00:00Z,2941,2941,2941,3154,3154,2416,3498,2652,2766,7,7,7,8,8,5,9,6,7
2011-03-06T00:00:00Z,3461,3461,3461,3379,3379,2555,3162,3199,3684,9,9,9,9,9,6,8,8,10
2011-03-07T00:00:00Z,4495,4495,4495,4210,4210,3001,4212,3880,4361,13,13,13,12,12,7,12,11,12
2011-03-08T00:00:00Z,3992,3992,3992,3993,3993,2859,4015,3691,4190,11,11,11,11,11,7,11,10,12
2011-03-09T00:00:00Z,1894,1894,1894,2317,2317,1549,2022,1768,2016,3,3,3,5,5,2,3,3,3
2011-03-10T00:00:00Z,1899,1899,1899,2051,2051,1498,2136,1973,1812,3,3,3,3,3,1,4,3,3
2011-03-11T00:00:00Z,1252,1252,1252,1235,1235,1265,1396,1169,1264,0,0,0,0,0,1,1,0,1
2011-03-12T00:00:00Z,3262,3262,3262,3546,3546,2362,3832,2899,3241,8,8,8,9,9,4,10,6,8
2011-03-13T00:00:00Z,1469,1469,1469,1761,1761,1139,2298,1220,1153,1,1,1,2,2,0,4,0,0
2011-03-14T00:00:00Z,1676,1676,1676,1895,1895,1365,1309,1316,1437,2,2,2,3,3,1,1,1,1
2011-03-15T00:00:00Z,3802,3802,3802,4002,4002,2814,4300,3837,4334,9,9,9,10,10,6,11,9,11
2011-03-16T00:00:00Z,1073,1073,1073,1533,1533,1487,2230,2285,2295,0,0,0,1,1,1,4,4,4
2011-03-17T00:00:00Z,272,272,272,356,356,357,396,220,267,0,0,0,0,0,0,0,0,0
2011-03-18T00:00:00Z,929,929,929,961,961,715,1280,925,828,0,0,0,0,0,0,0,0,0
2011-03-19T00:00:00Z,3925,3925,3925,4277,4277,2735,4258,4191,4637,9,9,9,10,10,5,10,10,11
2011-03-20T00:00:00Z,4707,4707,4707,4803,4803,3376,4728,4571,4976,11,11,12,12,12,7,12,11,12
2011-03-21T00:00:00Z,4953,4953,4953,4955,4955,3449,4894,4688,5007,12,12,12,12,12,7,12,11,12
2011-03-22T00:00:00Z,4643,4643,4643,4767,4767,3225,4748,4470,4917,11,11,11,11,11,6,11,10,12
2011-03-23T00:00:00Z,4774,4774,4774,4834,4834,3327,4844,4399,4980,11,11,11,12,12,7,12,10,12
2011-03-24T00:00:00Z,4773,4773,4773,4868,4868,3415,4838,4543,5052,11,11,11,11,11,7,11,10,12
2011-03-25T00:00:00Z,4407,4407,4407,4582,4582,3012,4829,4169,4586,10,10,10,10,10,5,11,9,10
2011-03-26T00:00:00Z,3635,3635,3635,3891,3891,2946,4283,3494,3871,7,7,7,8,8,5,9,7,8
2011-03-27T00:00:00Z,3532,3532,3532,3733,3733,2814,2997,4310,4598,7,7,7,7,7,5,5,9,10
2011-03-28T00:00:00Z,5070,5070,5070,5210,5210,3632,5221,4819,5330,12,12,12,12,12,7,12,11,12
2011-03-29T00:00:00Z,5106,5106,5106,5276,5276,3636,5298,4828,5344,12,12,12,12,12,7,12,11,12
2011-03-30T00:00:00Z,2532,2532,2532,2936,2936,2310,2400,2001,2720,3,3,3,5,5,3,3,2,4
2011-03-31T00:00:00Z,800,800,800,1145,1145,1041,970,582,658,0,0,0,0,0,0,0,0,0
2011-04-01T00:00:00Z,1845,1845,1845,2275,2275,1965,1696,1245,1589,1,1,1,2,2,2,1,0,0
2011-04-02T00:00:00Z,4974,4974,4974,5241,5241,3880,5531,4655,5679,10,10,10,11,11,7,12,10,13
2011-04-03T00:00:00Z,1776,1776,1776,2147,2147,1740,2644,2429,2368,1,1,1,2,2,1,3,3,3
2011-04-04T00:00:00Z,2911,2911,2911,3241,3241,2046,3197,2476,2336,4,4,4,5,5,2,5,3,2
2011-04-05T00:00:00Z,2508,2508,2508,2715,2715,2016,3173,2651,3039,3,3,3,4,4,1,5,3,4
2011-04-06T00:00:00Z,4728,4728,4728,4787,4787,3707,4939,4241,4446,9,9,9,9,9,6,10,8,9
2011-04-07T00:00:00Z,5410,5410,5410,5748,5748,4233,5751,5275,5754,11,11,11,12,12,8,12,11,12
2011-04-08T00:00:00Z,5719,5719,5719,5789,5789,4369,5901,4059,5765,12,12,12,12,12,8,12,7,12
2011-04-09T00:00:00Z,5227,5227,5227,5317,5317,4182,5988,3616,5649,10,10,10,11,11,7,13,6,12
2011-04-10T00:00:00Z,5646,5646,5646,5751,5751,4253,5862,3758,5925,12,12,12,12,12,8,12,6,12
2011-04-11T00:00:00Z,5169,5169,5169,5249,5249,3851,5433,3361,5280,10,10,10,10,10,6,11,5,10
2011-04-12T00:00:00Z,3682,3682,3682,4196,4196,3206,3736,2301,3795,6,6,6,7,7,4,6,2,6
2011-04-13T00:00:00Z,4509,4509,4509,4995,4995,3540,4671,2928,4143,8,8,8,9,9,5,8,4,7
2011-04-14T00:00:00Z,4149,4149,4149,4554,4554,2898,3378,2473,3981,7,7,7,8,8,3,5,2,7
2011-04-15T00:00:00Z,5197,5197,5197,5565,5565,4154,4672,3095,5737,10,10,10,11,11,7,8,4,11
2011-04-16T00:00:00Z,2834,2834,2834,3142,3142,2837,3493,1898,2890,3,3,3,4,4,3,5,1,3
2011-04-17T00:00:00Z,2949,2949,2949,3593,3593,2552,3020,2786,4409,3,3,3,5,5,2,4,3,7
2011-04-18T00:00:00Z,6245,6245,6245,6424,6424,4711,6474,4121,6471,12,12,12,13,13,8,13,7,13
2011-04-19T00:00:00Z,6244,6244,6244,6422,6422,4682,6570,4122,6609,12,12,12,13,13,8,13,7,13
2011-04-20T00:00:00Z,6183,6183,6183,6387,6387,4743,6481,5437,6502,12,12,12,13,13,8,13,10,13
2011-04-21T00:00:00Z,5817,5817,5817,5682,5682,4028,6069,5809,6663,11,11,11,11,11,6,12,11,13
2011-04-22T00:00:00Z,5720,5720,5720,5870,5870,4496,6388,5671,6045,11,11,11,11,11,7,12,11,12
2011-04-23T00:00:00Z,6119,6119,6119,6172,6172,4318,6454,5960,6784,12,12,12,12,12,7,13,11,13
2011-04-24T00:00:00Z,5886,5886,5886,6176,6176,4542,6042,5797,6439,11,11,11,12,12,7,11,11,12
2011-04-25T00:00:00Z,6622,6622,6622,6847,6847,4988,6863,6339,6991,13,13,13,13,13,8,13,12,14
2011-04-26T00:00:00Z,4389,4389,4389,4589,4589,3892,4702,4148,4191,7,7,7,7,7,5,8,6,6
2011-04-27T00:00:00Z,1927,1927,1927,2259,2259,1782,3411,2524,2166,0,0,0,1,1,0,4,2,1
2011-04-28T00:00:00Z,3285,3285,3285,3758,3758,2457,4523,3690,3713,4,4,4,5,5,2,7,5,5
2011-04-29T00:00:00Z,4802,4802,4802,4825,4825,3568,4975,5263,6166,8,8,8,8,8,4,8,9,11
2011-04-30T00:00:00Z,4953,4953,4953,5419,5419,4106,5785,5305,5621,8,8,8,9,9,6,10,9,10
2011-05-01T00:00:00Z,5907,5907,5907,6551,6551,4808,6123,6277,7217,10,10,10,12,12,7,11,11,13
2011-05-02T00:00:00Z,6462,6462,6462,7055,7055,4724,7258,5385,6115,11,11,11,13,13,7,13,9,11
2011-05-03T00:00:00Z,5984,5984,5984,6788,6788,5200,6130,6604,6656,10,10,10,12,12,8,11,12,12
2011-05-04T00:00:00Z,7014,7014,7014,7463,7463,4909,6944,5461,6245,13,13,13,14,14,8,13,9,11
2011-05-05T00:00:00Z,6726,6726,6726,6977,6977,5313,7240,6576,7275,12,12,12,13,13,8,13,12,13
2011-05-06T00:00:00Z,6007,6007,6007,6245,6245,4785,6569,5979,6678,10,10,10,11,11,7,11,10,12
2011-05-07T00:00:00Z,6672,6672,6672,6853,6853,5254,6864,6614,7203,12,12,12,12,12,8,12,12,13
2011-05-08T00:00:00Z,6276,6276,6276,6435,6435,5062,6860,6598,6961,11,11,11,11,11,8,12,11,12
2011-05-09T00:00:00Z,6297,6297,6297,6715,6715,4656,7110,6801,7329,11,11,11,12,12,7,13,12,13
2011-05-10T00:00:00Z,5834,5834,5834,6159,6159,4757,5977,5903,6571,9,9,9,10,10,7,10,10,11
2011-05-11T00:00:00Z,5245,5245,5245,5788,5788,3757,5614,5007,5410,8,8,8,9,9,4,9,7,8
2011-05-12T00:00:00Z,4785,4785,4785,5405,5405,3699,5763,4848,5279,7,7,7,8,8,4,9,7,8
2011-05-13T00:00:00Z,5801,5801,5801,6865,6865,3730,6578,7487,7249,9,9,9,12,12,4,11,13,13
2011-05-14T00:00:00Z,3545,3545,3545,3886,3886,2942,4232,4467,4559,4,4,4,5,5,2,5,6,6
2011-05-15T00:00:00Z,4045,4045,4045,4422,4422,3900,4992,4294,4775,5,5,5,6,6,5,7,6,7
2011-05-16T00:00:00Z,2915,2915,2915,3215,3215,2737,4065,1911,2549,2,2,2,3,3,2,5,0,1
2011-05-17T00:00:00Z,5330,5330,5330,5780,5780,3943,5745,4474,4714,8,8,8,9,9,5,9,6,7
2011-05-18T00:00:00Z,7172,7172,7172,6985,6985,4981,6965,5535,5891,12,12,12,12,12,7,12,8,9
2011-05-19T00:00:00Z,4373,4373,4373,4602,4602,2963,3955,3636,4787,6,6,6,6,6,2,5,4,7
2011-05-20T00:00:00Z,5193,5193,5193,5263,5263,4019,5818,4620,5159,8,8,8,8,8,5,9,6,7
2011-05-21T00:00:00Z,7228,7228,7228,7560,7560,5141,6470,7192,7186,12,12,12,13,13,7,11,12,12
2011-05-22T00:00:00Z,5199,5199,5199,6313,6313,4374,6011,5047,5346,7,7,8,10,10,6,9,7,8
2011-05-23T00:00:00Z,7609,7609,7609,7990,7990,5819,8136,7600,8233,13,13,13,14,14,9,14,13,15
2011-05-24T00:00:00Z,6856,6856,6856,7289,7289,5399,7796,6276,6732,11,11,11,12,12,8,14,10,11
2011-05-25T00:00:00Z,7906,7906,7906,8370,8370,6105,8430,8028,8596,14,14,14,15,15,10,15,14,15
2011-05-26T00:00:00Z,5008,5008,5008,6308,6308,4695,6381,5226,5464,7,7,7,10,10,6,10,7,8
2011-05-27T00:00:00Z,3062,3062,3062,3689,3689,2919,3885,2819,3173,2,2,2,4,4,2,4,2,3
2011-05-28T00:00:00Z,6833,6833,6833,7097,7097,4947,6546,5794,6466,11,11,11,12,12,7,10,9,10
2011-05-29T00:00:00Z,7311,7311,7311,7794,7794,5750,7815,7401,7383,12,12,12,13,13,9,13,13,12
2011-05-30T00:00:00Z,7634,7634,7634,8123,8123,5967,8218,7875,8184,13,13,13,14,14,9,14,14,14
2011-05-31T00:00:00Z,938,938,938,1088,1088,848,1271,1254,1247,0,0,0,0,0,0,0,0,0
2011-06-01T00:00:00Z,4629,4629,4629,5750,5750,4893,4885,5698,5663,5,5,5,8,8,6,6,8,8
2011-06-02T00:00:00Z,7830,7830,7830,8407,8407,6041,8317,8148,8709,13,13,13,15,15,9,14,14,15
2011-06-03T00:00:00Z,6591,6591,6591,6715,6715,5141,7466,6625,7039,10,10,10,10,10,7,12,10,11
2011-06-04T00:00:00Z,5694,5694,5694,5858,5858,5144,6097,5863,6615,8,8,8,8,8,7,9,8,10
2011-06-05T00:00:00Z,5912,5912,5912,5994,5994,4985,5851,4451,3774,8,8,8,9,9,6,8,5,3
2011-06-06T00:00:00Z,4905,4905,4905,5204,5204,4286,5599,5505,5610,6,6,6,7,7,4,8,7,8
2011-06-07T00:00:00Z,5825,5825,5825,6392,6392,4699,4475,6112,6438,8,8,8,10,10,5,5,9,10
2011-06-08T00:00:00Z,3777,3777,3777,4525,4525,3464,3596,3677,3714,3,3,3,5,5,2,3,3,3
2011-06-09T00:00:00Z,3762,3762,3762,3856,3856,2838,4880,4097,4518,3,3,3,3,3,1,6,4,5
2011-06-10T00:00:00Z,4123,4123,4123,5056,5056,3280,4310,4434,4876,4,4,4,6,6,2,4,5,6
2011-06-11T00:00:00Z,6874,6874,6874,6974,6974,4968,6464,6828,7325,11,11,11,11,11,6,10,11,12
2011-06-12T00:00:00Z,6859,6859,6859,6812,6812,4534,6899,6781,7699,11,11,11,11,11,5,11,11,13
2011-06-13T00:00:00Z,3996,3996,3996,4315,4315,2777,3809,2877,5e3,4,4,4,4,4,1,3,1,6
2011-06-14T00:00:00Z,4356,4356,4356,4920,4920,3819,6198,6010,5645,5,5,5,6,6,3,9,9,8
2011-06-15T00:00:00Z,4916,4916,4916,5260,5260,3750,4143,4108,4972,6,6,6,7,7,3,4,4,6
2011-06-16T00:00:00Z,3543,3543,3543,3993,3993,3194,4042,3342,3682,3,3,3,4,4,2,4,2,3
2011-06-17T00:00:00Z,5249,5249,5249,5958,5958,4344,6064,5463,5964,7,7,7,8,8,4,9,7,8
2011-06-18T00:00:00Z,3416,3416,3416,4595,4595,3432,4349,3644,4194,2,2,2,5,5,2,4,3,4
2011-06-19T00:00:00Z,4574,4574,4574,5399,5399,3867,2916,3351,2680,5,5,5,7,7,3,1,2,0
2011-06-20T00:00:00Z,1843,1843,1843,2802,2802,2126,2177,2205,2576,0,0,0,1,1,0,0,0,0
2011-06-21T00:00:00Z,4281,4281,4281,5366,5366,3758,3115,3619,3493,4,4,4,7,7,3,1,3,2
2011-06-22T00:00:00Z,2590,2590,2590,3434,3434,2016,3945,2618,2755,0,0,0,2,2,0,3,0,1
2011-06-23T00:00:00Z,6063,6063,6063,6888,6888,4660,4940,4380,4193,9,9,9,11,11,5,6,5,4
2011-06-24T00:00:00Z,3002,3002,3002,3513,3513,3544,5301,4237,4634,1,1,1,2,2,3,7,4,5
2011-06-25T00:00:00Z,1520,1520,1520,1661,1661,1454,2222,1278,1486,0,0,0,0,0,0,0,0,0
2011-06-26T00:00:00Z,7109,7109,7109,7383,7383,4961,7246,6591,5894,11,11,11,12,12,6,12,10,8
2011-06-27T00:00:00Z,7563,7563,7563,7941,7941,6021,8178,7939,8556,12,12,12,13,13,9,14,13,15
2011-06-28T00:00:00Z,7329,7329,7329,7770,7770,5783,7909,7502,8112,12,12,12,13,13,8,13,12,14
2011-06-29T00:00:00Z,1622,1622,1622,1981,1981,1543,1664,2078,2128,0,0,0,0,0,0,0,0,0
2011-06-30T00:00:00Z,6046,6046,6046,6345,6345,5015,5938,6242,6386,9,9,9,9,9,6,8,9,10
2011-07-01T00:00:00Z,5117,5117,5117,5212,5212,4303,5551,5029,4834,7,7,7,7,7,5,8,7,6
2011-07-02T00:00:00Z,3521,3521,3521,3974,3974,3276,4118,4157,4107,3,3,3,4,4,2,4,4,4
2011-07-03T00:00:00Z,6139,6139,6139,6780,6780,4811,7442,4242,3857,9,9,9,11,11,6,13,5,4
2011-07-04T00:00:00Z,4316,4316,4316,4944,4944,3374,6656,4542,5056,5,5,5,6,6,3,11,5,7
2011-07-05T00:00:00Z,7229,7229,7229,7442,7442,5420,6336,6883,8115,12,12,12,13,13,8,10,11,14
2011-07-06T00:00:00Z,5432,5432,5432,5613,5613,4847,5762,5104,6092,8,8,8,8,8,6,8,7,9
2011-07-07T00:00:00Z,4514,4514,4514,4749,4749,3679,4879,4906,5514,5,5,5,6,6,3,6,6,8
2011-07-08T00:00:00Z,5016,5016,5016,5654,5654,3682,5916,5098,5590,7,7,7,8,8,3,9,7,8
2011-07-09T00:00:00Z,5964,5964,5964,6756,6756,5232,5721,6023,6043,9,9,9,11,11,7,8,9,9
2011-07-10T00:00:00Z,4104,4104,4104,4438,4438,3410,4144,4885,5172,4,4,4,5,5,3,5,6,7
2011-07-11T00:00:00Z,6958,6958,6958,5805,5805,4282,6362,6498,6624,12,12,12,9,9,5,10,10,11
2011-07-12T00:00:00Z,5488,5488,5488,5333,5333,4114,5850,5665,6119,8,8,8,8,8,4,9,8,10
2011-07-13T00:00:00Z,1074,1074,1074,1313,1313,1275,1270,1533,1554,0,0,0,0,0,0,0,0,0
2011-07-14T00:00:00Z,5290,5290,5290,5326,5326,4902,4265,2207,2343,7,7,7,8,8,7,5,0,0
2011-07-15T00:00:00Z,6408,6408,6408,7040,7040,5405,5812,6700,6632,10,10,10,12,12,8,9,11,11
2011-07-16T00:00:00Z,4187,4187,4187,4619,4619,4083,5156,3654,4445,5,5,5,6,6,4,7,3,5
2011-07-17T00:00:00Z,2640,2640,2640,2993,2993,2449,2251,2687,2815,1,1,1,2,2,0,0,1,1
2011-07-18T00:00:00Z,5472,5472,5472,5532,5532,3785,4658,4020,3069,8,8,8,8,8,4,6,4,2
2011-07-19T00:00:00Z,3457,3457,3457,4319,4319,3015,3893,4436,4604,3,3,3,5,5,2,4,5,6
2011-07-20T00:00:00Z,1505,1505,1505,1902,1902,1373,1827,1733,1644,0,0,0,0,0,0,0,0,0
2011-07-21T00:00:00Z,3490,3490,3490,4262,4262,2846,3748,3327,3743,3,3,3,5,5,1,4,3,4
2011-07-22T00:00:00Z,3396,3396,3396,3470,3470,2910,4112,3718,4075,3,3,3,3,3,2,5,4,5
2011-07-23T00:00:00Z,3290,3290,3290,3508,3508,3270,4599,2646,2665,3,3,3,3,3,3,6,1,1
2011-07-24T00:00:00Z,1934,1934,1934,2145,2145,1550,1730,1618,1639,0,0,0,0,0,0,0,0,0
2011-07-25T00:00:00Z,6869,6869,6869,6537,6537,3808,5402,5746,6280,12,12,12,11,11,4,8,9,10
2011-07-26T00:00:00Z,2687,2687,2687,2791,2791,2131,2306,2549,2341,1,1,1,1,1,0,0,1,0
2011-07-27T00:00:00Z,2778,2778,2778,3251,3251,2939,3698,3663,3991,1,1,1,3,3,2,4,4,5
2011-07-28T00:00:00Z,3160,3160,3160,3204,3204,1838,3445,4131,3657,2,2,2,3,3,0,3,5,4
2011-07-29T00:00:00Z,3028,3028,3028,3415,3415,2412,2979,3303,3314,2,2,2,3,3,1,2,3,3
2011-07-30T00:00:00Z,1408,1408,1408,1573,1573,1341,1778,1483,1379,0,0,0,0,0,0,0,0,0
2011-07-31T00:00:00Z,2344,2344,2344,2417,2417,1593,2868,2130,2413,0,0,0,1,1,0,2,0,1
2011-08-01T00:00:00Z,6331,6331,6331,6301,6301,4926,7317,6131,6671,11,11,11,11,11,7,14,11,12
2011-08-02T00:00:00Z,6600,6600,6600,6934,6934,5208,7355,6230,7438,12,12,12,13,13,8,14,11,14
2011-08-03T00:00:00Z,3191,3191,3191,3167,3167,2008,3501,2520,3049,3,3,3,3,3,0,4,1,3
2011-08-04T00:00:00Z,5101,5101,5101,5357,5357,4609,4604,4865,5448,8,8,8,9,9,7,7,7,9
2011-08-05T00:00:00Z,4291,4291,4291,4942,4942,3210,3564,3220,3569,6,6,6,8,8,3,4,3,4
2011-08-06T00:00:00Z,2321,2321,2321,2359,2359,1928,2880,1915,2680,1,1,1,1,1,0,2,0,2
2011-08-07T00:00:00Z,5701,5701,5701,5233,5233,3701,5118,4742,4937,10,10,10,9,9,4,8,7,8
2011-08-08T00:00:00Z,4133,4133,4133,4655,4655,3516,4110,3289,3250,6,6,6,7,7,4,6,3,3
2011-08-09T00:00:00Z,3324,3324,3324,3728,3728,3256,3e3,3414,3390,3,3,3,5,5,3,3,4,4
2011-08-10T00:00:00Z,5522,5522,5522,5602,5602,4066,6469,5463,6098,10,10,10,10,10,6,12,9,11
2011-08-11T00:00:00Z,4414,4414,4414,4388,4388,3436,4325,5240,5589,7,7,7,7,7,4,6,9,10
2011-08-12T00:00:00Z,2320,2320,2320,2596,2596,2216,2180,1882,2454,1,1,1,2,2,1,0,0,1
2011-08-13T00:00:00Z,2895,2895,2895,2854,2854,2098,2431,2337,2798,2,2,2,2,2,0,1,1,2
2011-08-14T00:00:00Z,2643,2643,2643,3366,3366,2394,3007,1640,1575,2,2,2,4,4,1,3,0,0
2011-08-15T00:00:00Z,4432,4432,4432,5355,5355,3963,6102,4969,5558,7,7,7,9,9,6,12,8,10
2011-08-16T00:00:00Z,3258,3258,3258,3969,3969,2566,4414,3641,3893,4,4,4,6,6,2,7,5,5
2011-08-17T00:00:00Z,5137,5137,5137,5431,5431,4055,5721,5596,5874,9,9,9,10,10,6,11,10,11
2011-08-18T00:00:00Z,5078,5078,5078,5413,5413,3948,5997,5423,5577,9,9,9,10,10,6,11,10,10
2011-08-19T00:00:00Z,2521,2521,2521,3350,3350,2675,2655,3365,2971,2,2,2,4,4,2,2,4,3
2011-08-20T00:00:00Z,6295,6295,6295,6582,6582,4823,6701,6273,6775,13,13,13,13,13,8,14,13,14
2011-08-21T00:00:00Z,3919,3919,3919,3990,3990,2996,3672,3685,4247,6,6,6,6,6,3,5,5,7
2011-08-22T00:00:00Z,4192,4192,4192,4755,4755,3192,4505,4024,4306,7,7,7,8,8,4,8,6,7
2011-08-23T00:00:00Z,4902,4902,4902,5359,5359,4160,5113,4540,4628,9,9,9,10,10,7,9,8,8
2011-08-24T00:00:00Z,3484,3484,3484,3375,3375,2541,3884,2650,3502,5,5,5,4,4,2,6,2,5
2011-08-25T00:00:00Z,4323,4323,4323,4098,4098,3184,4352,4189,4460,7,7,7,7,7,4,7,7,8
2011-08-26T00:00:00Z,3597,3597,3597,3609,3609,2633,4703,3701,4174,5,5,5,5,5,2,8,6,7
2011-08-27T00:00:00Z,3145,3145,3145,3459,3459,2632,3334,2569,2748,4,4,4,5,5,2,5,2,3
2011-08-28T00:00:00Z,3511,3511,3511,3944,3944,2588,3242,3260,3489,5,5,5,6,6,2,4,4,5
2011-08-29T00:00:00Z,3658,3658,3658,4522,4522,3248,4486,4152,4005,6,6,6,8,8,4,8,7,7
2011-08-30T00:00:00Z,3252,3252,3252,3201,3201,2216,4983,3452,3901,4,4,5,4,4,1,10,5,6
2011-08-31T00:00:00Z,5595,5595,5595,5546,5546,4445,5610,4609,5213,12,12,12,11,11,8,12,9,10
2011-09-01T00:00:00Z,5591,5591,5591,5733,5733,4159,5783,5446,5378,12,12,12,12,12,7,12,11,11
2011-09-02T00:00:00Z,4426,4426,4426,4122,4122,2589,4732,3456,3767,8,8,8,7,7,3,9,6,6
2011-09-03T00:00:00Z,4237,4237,4237,5174,5174,3966,5210,4975,5491,8,8,8,11,11,7,11,10,12
2011-09-04T00:00:00Z,2524,2524,2524,2798,2798,2286,3581,2653,2876,3,3,3,4,4,2,6,3,4
2011-09-05T00:00:00Z,4031,4031,4031,4693,4693,3280,4052,4233,3313,7,7,7,9,9,5,7,8,5
2011-09-06T00:00:00Z,3152,3152,3152,3522,3522,2550,4097,2844,3639,5,5,5,6,6,3,8,4,6
2011-09-07T00:00:00Z,2702,2702,2702,2717,2717,1829,3147,2568,2192,4,4,4,4,4,1,5,3,2
2011-09-08T00:00:00Z,1233,1233,1233,1317,1317,1132,1186,734,1239,0,0,0,0,0,0,0,0,0
2011-09-09T00:00:00Z,1795,1795,1795,1863,1863,1372,1773,1487,1443,1,1,1,1,1,0,1,0,0
2011-09-10T00:00:00Z,4586,4586,4586,3945,3945,3286,4926,4273,4640,10,10,10,8,8,6,11,9,10
2011-09-11T00:00:00Z,1217,1217,1217,1369,1369,950,1502,1166,1380,0,0,0,0,0,0,0,0,0
2011-09-12T00:00:00Z,4437,4437,4437,4173,4173,3244,4848,2844,3796,9,9,9,9,9,6,11,4,7
2011-09-13T00:00:00Z,1745,1745,1745,2138,2138,1928,2012,1983,2019,1,1,1,2,2,2,2,2,2
2011-09-14T00:00:00Z,5187,5187,5187,4783,4783,3733,5160,4646,5176,12,12,12,11,11,7,12,10,12
2011-09-15T00:00:00Z,4636,4636,4636,4417,4417,2691,4561,4025,3987,10,10,10,10,10,4,10,8,8
2011-09-16T00:00:00Z,3501,3501,3501,3572,3572,2699,3705,2928,3815,7,7,7,7,7,4,7,5,8
2011-09-17T00:00:00Z,3158,3158,3158,3404,3404,2432,2468,2088,1467,6,6,6,7,7,3,4,2,0
2011-09-18T00:00:00Z,1870,1870,1870,2242,2242,1651,1973,1877,1813,2,2,2,3,3,1,2,2,2
2011-09-19T00:00:00Z,2761,2761,2761,2944,2944,2174,2535,2917,2528,5,5,5,5,5,3,4,5,4
2011-09-20T00:00:00Z,2876,2876,2876,2776,2776,1550,3014,2607,3227,5,5,5,5,5,1,6,4,6
2011-09-21T00:00:00Z,3601,3601,3601,3345,3345,1986,3849,2723,3361,8,8,8,7,7,2,9,5,7
2011-09-22T00:00:00Z,2861,2861,2861,3004,3004,2499,3561,2699,2835,5,5,5,6,6,4,8,5,5
2011-09-23T00:00:00Z,3941,3941,3941,3558,3558,1903,3938,3920,3602,9,9,9,8,8,2,9,9,8
2011-09-24T00:00:00Z,4196,4196,4196,4229,4229,2946,4374,3767,4408,10,10,10,10,10,6,11,9,11
2011-09-25T00:00:00Z,4110,4110,4110,4113,4113,2878,4201,3499,4366,10,10,10,10,10,6,10,8,11
2011-09-26T00:00:00Z,3624,3624,3624,3487,3487,2706,3631,3067,3429,8,8,8,8,8,5,8,6,8
2011-09-27T00:00:00Z,4101,4101,4101,3883,3883,2674,4180,3722,3858,10,10,10,9,9,5,10,9,9
2011-09-28T00:00:00Z,3575,3575,3575,3545,3545,2686,4108,3164,3964,8,8,8,8,8,5,10,7,10
2011-09-29T00:00:00Z,3613,3613,3613,3588,3588,2767,3941,3136,3566,9,9,9,9,9,6,10,7,9
2011-09-30T00:00:00Z,4192,4192,4192,4059,4059,2823,4203,3866,4295,11,11,11,10,10,6,11,10,11
2011-10-01T00:00:00Z,4175,4175,4175,3982,3982,2765,4085,3797,4155,11,11,11,10,10,6,11,10,11
2011-10-02T00:00:00Z,4203,4203,4203,3902,3902,2734,3999,3749,4073,11,11,11,10,10,6,11,10,11
2011-10-03T00:00:00Z,3792,3792,3792,3718,3718,2664,3954,3178,3845,10,10,10,10,10,6,11,8,10
2011-10-04T00:00:00Z,3608,3608,3608,3309,3309,2487,3637,2876,3159,9,9,9,8,8,5,10,7,8
2011-10-05T00:00:00Z,1505,1505,1505,1547,1547,1106,2074,1185,1247,2,2,2,2,2,1,4,1,1
2011-10-06T00:00:00Z,1252,1252,1252,1334,1334,964,1330,1221,757,1,1,1,1,1,0,1,1,0
2011-10-07T00:00:00Z,2095,2095,2095,2584,2584,1925,1479,957,1424,4,4,4,6,6,4,2,0,2
2011-10-08T00:00:00Z,1428,1428,1428,1903,1903,1557,1799,1964,2050,2,2,2,4,4,2,3,4,4
2011-10-09T00:00:00Z,2557,2557,2557,2649,2649,1939,2950,2533,3094,6,6,6,7,7,4,8,6,8
2011-10-10T00:00:00Z,2504,2504,2504,3049,3049,2117,2318,2526,2318,6,6,6,8,8,5,5,6,5
2011-10-11T00:00:00Z,698,698,698,1112,1112,972,501,381,521,0,0,0,1,1,0,0,0,0
2011-10-12T00:00:00Z,845,845,845,1271,1271,1208,580,356,428,0,0,0,2,2,1,0,0,0
2011-10-13T00:00:00Z,2513,2513,2513,2909,2909,1774,1956,2484,2994,6,6,6,8,8,4,4,6,8
2011-10-14T00:00:00Z,3223,3223,3223,3246,3246,2447,3476,2944,3637,9,9,9,10,10,6,10,8,11
2011-10-15T00:00:00Z,3496,3496,3496,3378,3378,2417,3453,3260,3637,11,11,11,10,10,6,10,10,11
2011-10-16T00:00:00Z,3351,3351,3351,3272,3272,2331,3302,2917,3491,10,10,10,10,10,6,10,9,11
2011-10-17T00:00:00Z,1694,1694,1694,1868,1868,1357,2007,1631,1729,4,4,4,4,4,2,5,3,4
2011-10-18T00:00:00Z,1085,1085,1085,1149,1149,797,1832,788,679,1,1,1,2,2,0,4,0,0
2011-10-19T00:00:00Z,2450,2450,2450,2356,2356,1768,1249,1734,1444,7,7,7,7,7,4,2,4,3
2011-10-20T00:00:00Z,2215,2215,2215,1811,1811,1346,2491,1429,1962,6,6,6,4,4,2,7,3,5
2011-10-21T00:00:00Z,2011,2011,2011,1542,1542,1602,2212,1656,2646,5,5,5,3,3,4,6,4,8
2011-10-22T00:00:00Z,2945,2945,2945,2836,2836,1930,2703,2765,3180,9,9,9,9,9,5,8,9,11
2011-10-23T00:00:00Z,2709,2709,2709,2814,2814,1868,2889,2735,3048,9,9,9,9,9,5,9,9,10
2011-10-24T00:00:00Z,1593,1593,1593,1526,1526,900,849,1503,1986,4,4,4,4,4,1,1,4,6
2011-10-25T00:00:00Z,1205,1205,1205,1365,1365,1173,1335,1207,1189,2,2,2,3,3,2,3,2,2
2011-10-26T00:00:00Z,2204,2204,2204,2368,2368,1541,2768,1912,2203,7,7,7,8,8,4,9,6,7
2011-10-27T00:00:00Z,1367,1367,1367,1527,1527,1019,1012,910,1122,3,3,3,4,4,2,2,1,2
2011-10-28T00:00:00Z,1831,1831,1831,1750,1750,1423,1359,1896,2340,5,5,5,5,5,4,3,6,8
2011-10-29T00:00:00Z,896,896,896,1054,1054,709,1129,801,885,1,1,1,2,2,0,2,1,1
2011-10-30T00:00:00Z,693,693,693,880,880,736,780,720,606,0,0,0,1,1,0,1,0,0
2011-10-31T00:00:00Z,1436,1436,1436,1518,1518,795,1757,1378,1567,4,4,4,4,4,1,5,4,5
NA,NA,NA,NA,NA,NA,NA,NA,NA,NA,NA,NA,NA,NA,NA,NA,NA,NA,NA
2016-01-01T00:00:00Z,309,309,309,434,434,268,454,461,378,0,0,0,1,1,0,1,1,0
2016-01-02T00:00:00Z,161,161,161,222,222,63,231,252,273,0,0,0,0,0,0,0,0,0
2016-01-03T00:00:00Z,353,353,353,447,447,276,672,341,348,0,0,0,1,1,0,2,0,0
2016-01-04T00:00:00Z,407,407,407,530,530,329,322,375,431,0,0,0,1,1,0,0,0,0
2016-01-05T00:00:00Z,446,446,446,527,527,293,564,449,515,0,0,0,1,1,0,1,1,1
2016-01-06T00:00:00Z,238,238,238,374,374,155,381,380,412,0,0,0,0,0,0,0,0,0
2016-01-07T00:00:00Z,243,243,243,321,321,119,335,300,348,0,0,0,0,0,0,0,0,0
2016-01-08T00:00:00Z,1326,1326,1326,1130,1130,755,1113,1367,1404,7,7,7,5,5,3,5,7,7
2016-01-09T00:00:00Z,504,504,504,459,459,288,481,514,515,1,1,1,0,0,0,1,1,1
2016-01-10T00:00:00Z,865,865,865,779,779,604,1160,1026,1019,3,3,3,3,3,1,5,4,4
2016-01-11T00:00:00Z,300,300,300,363,363,185,422,366,360,0,0,0,0,0,0,0,0,0
2016-01-12T00:00:00Z,1101,1101,1101,1008,1008,571,480,875,560,5,5,5,4,4,1,0,3,1
2016-01-13T00:00:00Z,882,882,882,695,695,476,488,358,420,3,3,3,2,2,0,0,0,0
2016-01-14T00:00:00Z,499,499,499,562,562,315,809,405,402,1,1,1,1,1,0,3,0,0
2016-01-15T00:00:00Z,168,168,168,202,202,181,200,171,137,0,0,0,0,0,0,0,0,0
2016-01-16T00:00:00Z,637,637,637,891,891,612,711,582,413,1,1,1,3,3,1,2,1,0
2016-01-17T00:00:00Z,550,550,550,838,838,588,870,828,941,1,1,1,3,3,1,3,3,3
2016-01-18T00:00:00Z,2187,2187,2187,1531,1531,1066,1523,2071,2352,11,11,11,7,7,4,7,11,12
2016-01-19T00:00:00Z,919,919,919,858,858,368,785,720,931,3,3,3,3,3,0,2,2,3
2016-01-20T00:00:00Z,464,464,464,552,552,334,757,666,628,0,0,0,1,1,0,2,1,1
2016-01-21T00:00:00Z,518,518,518,701,701,347,950,807,796,0,0,0,1,1,0,3,2,2
2016-01-22T00:00:00Z,2006,2006,2006,1563,1563,986,1634,1879,2445,9,9,9,7,7,3,7,9,12
2016-01-23T00:00:00Z,662,662,662,809,809,654,693,419,423,1,1,1,2,2,1,1,0,0
2016-01-24T00:00:00Z,371,371,371,493,493,382,755,594,709,0,0,0,0,0,0,2,1,1
2016-01-25T00:00:00Z,1607,1607,1607,1500,1500,835,1672,1320,1327,7,7,7,6,6,2,7,5,5
2016-01-26T00:00:00Z,892,892,892,915,915,446,821,445,382,2,2,2,2,2,0,2,0,0
2016-01-27T00:00:00Z,696,696,696,824,824,512,1119,350,522,1,1,1,2,2,0,4,0,0
2016-01-28T00:00:00Z,1176,1176,1176,1245,1245,778,1270,1204,1340,4,4,4,4,4,2,4,4,5
2016-01-29T00:00:00Z,1015,1015,1015,1196,1196,752,1733,627,804,3,3,3,4,4,1,7,1,2
2016-01-30T00:00:00Z,203,203,203,329,329,193,231,298,132,0,0,0,0,0,0,0,0,0
2016-01-31T00:00:00Z,487,487,487,617,617,389,534,614,502,0,0,0,0,0,0,0,0,0
2016-02-01T00:00:00Z,439,439,439,578,578,422,438,374,376,0,0,0,0,0,0,0,0,0
2016-02-02T00:00:00Z,551,551,551,834,834,539,470,413,345,0,0,0,1,1,0,0,0,0
2016-02-03T00:00:00Z,900,900,900,1105,1105,631,1324,1279,1269,2,2,2,3,3,0,4,4,4
2016-02-04T00:00:00Z,348,348,348,559,559,333,395,359,356,0,0,0,0,0,0,0,0,0
2016-02-05T00:00:00Z,526,526,526,689,689,466,695,395,438,0,0,0,0,0,0,0,0,0
2016-02-06T00:00:00Z,1898,1898,1898,1875,1875,1118,2088,1926,1919,7,7,7,7,7,3,8,7,7
2016-02-07T00:00:00Z,568,568,568,840,840,523,642,586,651,0,0,0,1,1,0,0,0,0
2016-02-08T00:00:00Z,496,496,496,612,612,424,540,816,676,0,0,0,0,0,0,0,1,0
2016-02-09T00:00:00Z,275,275,275,380,380,205,491,380,314,0,0,0,0,0,0,0,0,0
2016-02-10T00:00:00Z,761,761,761,1219,1219,800,578,406,351,0,0,0,3,3,1,0,0,0
2016-02-11T00:00:00Z,1329,1329,1329,1646,1646,1004,1276,1337,1139,3,3,3,5,5,2,3,3,2
2016-02-12T00:00:00Z,1224,1224,1224,1156,1156,547,1202,1091,1176,3,3,3,2,2,0,2,2,2
2016-02-13T00:00:00Z,706,706,706,813,813,317,767,803,737,0,0,0,0,0,0,0,0,0
2016-02-14T00:00:00Z,281,281,281,533,533,363,563,535,482,0,0,0,0,0,0,0,0,0
2016-02-15T00:00:00Z,405,405,405,476,476,246,590,606,445,0,0,0,0,0,0,0,0,0
2016-02-16T00:00:00Z,2800,2800,2800,2663,2663,1595,2437,2985,3131,10,10,10,9,9,4,8,11,12
2016-02-17T00:00:00Z,1464,1464,1464,1413,1413,861,1259,1720,1897,3,3,3,3,3,0,2,5,5
2016-02-18T00:00:00Z,1446,1446,1446,1708,1708,1052,1495,1314,1311,3,3,3,4,4,1,3,2,2
2016-02-19T00:00:00Z,874,874,874,1140,1140,686,1004,978,906,0,0,0,2,2,0,1,1,0
2016-02-20T00:00:00Z,466,466,466,784,784,473,350,335,316,0,0,0,0,0,0,0,0,0
2016-02-21T00:00:00Z,1284,1284,1284,1452,1452,893,688,687,383,2,2,2,3,3,0,0,0,0
2016-02-22T00:00:00Z,997,997,997,1357,1357,712,702,754,425,1,1,1,2,2,0,0,0,0
2016-02-23T00:00:00Z,769,769,769,1089,1089,672,968,1085,871,0,0,0,1,1,0,0,1,0
2016-02-24T00:00:00Z,2117,2117,2117,2614,2614,1309,2546,2295,2688,5,5,5,8,8,2,7,6,8
2016-02-25T00:00:00Z,2309,2309,2309,1918,1918,1564,2451,1499,1760,6,6,6,4,4,3,7,3,4
2016-02-26T00:00:00Z,1597,1597,1597,1673,1673,716,1933,1150,1210,3,3,3,3,3,0,4,1,1
2016-02-27T00:00:00Z,3658,3658,3658,3484,3484,2070,3489,3547,3670,12,12,12,11,11,5,11,11,12
2016-02-28T00:00:00Z,2017,2017,2017,2303,2303,1475,1921,2380,2481,5,5,5,6,6,2,4,6,7
2016-02-29T00:00:00Z,2399,2399,2399,2544,2544,1741,1713,2269,3020,6,6,6,7,7,3,3,6,9
2016-03-01T00:00:00Z,2748,2748,2748,2733,2733,1586,3103,2624,2979,7,7,7,7,7,2,8,7,8
2016-03-02T00:00:00Z,1103,1103,1103,1453,1453,929,1310,1135,1212,0,0,0,2,2,0,1,1,1
2016-03-03T00:00:00Z,938,938,938,1380,1380,769,1067,985,1184,0,0,0,1,1,0,0,0,1
2016-03-04T00:00:00Z,560,560,560,699,699,342,817,668,777,0,0,0,0,0,0,0,0,0
2016-03-05T00:00:00Z,1881,1881,1881,1935,1935,1494,1782,1411,1589,3,3,3,3,3,2,3,1,2
2016-03-06T00:00:00Z,944,944,944,1321,1321,806,1241,888,756,0,0,0,1,1,0,1,0,0
2016-03-07T00:00:00Z,2150,2150,2150,3012,3012,999,1900,2550,1816,4,4,4,7,7,0,3,6,3
2016-03-08T00:00:00Z,2551,2551,2551,2621,2621,1372,3178,2287,2498,5,5,5,6,6,1,8,4,5
2016-03-09T00:00:00Z,4233,4233,4233,3983,3983,2337,3989,3868,4115,11,11,11,10,11,5,10,10,11
2016-03-10T00:00:00Z,3734,3734,3734,3706,3706,1937,3924,3696,3822,9,9,9,9,9,3,10,9,10
2016-03-11T00:00:00Z,1858,1858,1858,1997,1997,1269,1999,1480,1580,3,3,3,3,3,1,3,1,2
2016-03-12T00:00:00Z,1313,1313,1313,1666,1666,939,1609,985,925,1,1,1,2,2,0,2,0,0
2016-03-13T00:00:00Z,2323,2323,2323,3386,3386,1660,2366,2260,3253,4,4,4,8,8,2,4,4,7
2016-03-14T00:00:00Z,4439,4439,4439,4321,4321,2310,4417,4400,4572,11,11,11,11,11,4,11,11,12
2016-03-15T00:00:00Z,1377,1377,1377,1658,1658,1043,1511,1458,1675,1,1,1,2,2,0,1,1,2
2016-03-16T00:00:00Z,2433,2433,2433,2344,2344,971,2176,2655,3754,4,4,4,4,4,0,3,5,9
2016-03-17T00:00:00Z,4897,4897,4897,4811,4811,2735,4682,4659,4889,12,12,12,12,12,5,12,12,12
2016-03-18T00:00:00Z,4598,4598,4598,4613,4613,2574,4675,4471,4705,11,11,11,11,11,4,12,11,12
2016-03-19T00:00:00Z,650,650,650,839,839,442,797,779,870,0,0,0,0,0,0,0,0,0
2016-03-20T00:00:00Z,675,675,675,849,849,527,742,1048,1071,0,0,0,0,0,0,0,0,0
2016-03-21T00:00:00Z,1164,1164,1164,1456,1456,935,1655,1455,1392,0,0,0,1,1,0,1,1,0
2016-03-22T00:00:00Z,2567,2567,2567,2787,2787,1943,3310,2790,2394,4,4,4,5,5,2,7,5,4
2016-03-23T00:00:00Z,1611,1611,1611,2020,2020,1023,2206,1845,1800,1,1,1,2,2,0,3,2,2
2016-03-24T00:00:00Z,1012,1012,1012,1121,1121,615,1640,1135,1301,0,0,0,0,0,0,1,0,0
2016-03-25T00:00:00Z,871,871,871,1084,1084,896,1013,843,878,0,0,0,0,0,0,0,0,0
2016-03-26T00:00:00Z,4629,4629,4629,4736,4736,2859,4855,4649,5117,10,10,10,11,11,5,11,10,12
2016-03-27T00:00:00Z,1989,1989,1989,2348,2348,1627,2581,2366,2694,2,2,2,3,3,1,4,3,4
2016-03-28T00:00:00Z,1331,1331,1331,1686,1686,1096,1654,1387,943,0,0,0,1,1,0,1,0,0
2016-03-29T00:00:00Z,4726,4726,4726,4721,4721,2783,3905,2676,2483,10,10,10,10,10,4,8,4,3
2016-03-30T00:00:00Z,1739,1739,1739,2098,2098,1558,1088,1638,NA,1,1,1,2,2,0,0,1,NA
2016-03-31T00:00:00Z,407,407,407,524,524,524,627,618,714,0,0,0,0,0,0,0,0,0
2016-04-01T00:00:00Z,2338,2338,2338,3038,3038,1994,2979,4057,4567,3,3,3,5,5,2,4,8,9
2016-04-02T00:00:00Z,3748,3748,3748,4082,4082,2530,3869,4017,4327,7,7,7,8,8,3,7,8,8
2016-04-03T00:00:00Z,2707,2707,2707,3284,3284,1988,2402,2036,2215,4,4,4,5,5,1,3,2,2
2016-04-04T00:00:00Z,2391,2391,2391,3133,3133,1772,2809,2388,2677,3,3,3,5,5,1,4,3,3
2016-04-05T00:00:00Z,1473,1473,1473,1763,1763,1282,1843,1510,1616,0,0,0,1,1,0,1,0,0
2016-04-06T00:00:00Z,4228,4228,4228,3669,3669,2698,3599,4262,4252,8,8,8,6,6,3,6,8,8
2016-04-07T00:00:00Z,3752,3752,3752,3677,3677,2537,4408,3937,4287,6,6,6,6,6,3,8,7,8
2016-04-08T00:00:00Z,5175,5175,5175,4459,4459,2711,4547,3938,4290,10,10,10,8,8,3,8,7,8
2016-04-09T00:00:00Z,4531,4531,4531,5077,5077,2818,4054,4913,5312,8,8,8,10,10,3,7,9,11
2016-04-10T00:00:00Z,3954,3954,3954,4648,4648,3039,5722,4159,4201,7,7,7,9,9,4,12,7,7
2016-04-11T00:00:00Z,5875,5875,5875,5852,5852,3437,5988,5891,6150,12,12,12,12,12,5,12,12,13
2016-04-12T00:00:00Z,4340,4340,4340,4622,4622,2907,3827,4769,5232,8,8,8,8,8,4,6,9,10
2016-04-13T00:00:00Z,1330,1330,1330,1666,1666,1118,1837,1261,1567,0,0,0,0,0,0,0,0,0
2016-04-14T00:00:00Z,4712,4712,4712,5102,5102,3098,5783,4538,5067,8,8,8,10,10,4,11,8,9
2016-04-15T00:00:00Z,3056,3056,3056,4211,4211,2598,4079,3254,3798,4,4,4,7,7,3,7,4,6
2016-04-16T00:00:00Z,3049,3049,3049,3055,3055,2e3,3673,2330,2883,4,4,4,4,4,1,5,2,3
2016-04-17T00:00:00Z,3834,3834,3834,3890,3890,2466,3942,4767,4096,6,6,6,6,6,2,6,8,7
2016-04-18T00:00:00Z,5030,5030,5030,5376,5376,3036,5813,5619,5283,9,9,9,10,10,4,11,11,10
2016-04-19T00:00:00Z,2476,2476,2476,2634,2634,1577,3303,2571,2859,2,2,2,2,2,0,4,2,3
2016-04-20T00:00:00Z,6851,6851,6851,6913,6913,4066,7013,6763,7076,14,14,14,14,14,6,14,14,14
2016-04-21T00:00:00Z,6587,6587,6587,6646,6646,3958,6981,6504,6873,13,13,13,13,13,6,14,13,14
2016-04-22T00:00:00Z,4722,4722,4722,4924,4924,2844,4446,4377,4830,8,8,8,8,8,3,7,7,8
2016-04-23T00:00:00Z,1979,1979,1979,2664,2664,1487,2090,2275,2639,0,0,0,2,2,0,1,1,2
2016-04-24T00:00:00Z,3863,3863,3863,4549,4549,2719,4106,4447,4106,5,5,5,7,7,2,6,7,6
2016-04-25T00:00:00Z,2418,2418,2418,3155,3155,1676,2512,2136,2512,2,2,2,3,3,0,2,1,2
2016-04-26T00:00:00Z,3231,3231,3231,3950,3950,3082,2569,3299,2569,4,4,4,6,6,3,2,4,2
2016-04-27T00:00:00Z,2666,2666,2666,3290,3290,1954,1709,1280,1709,2,2,2,4,4,0,0,0,0
2016-04-28T00:00:00Z,4898,4898,4898,5302,5302,3560,6410,5184,4955,8,8,8,9,9,4,12,9,8
2016-04-29T00:00:00Z,3879,3879,3879,4506,4506,2743,4286,3287,3772,5,5,5,7,7,2,6,4,5
2016-04-30T00:00:00Z,2619,2619,2619,2749,2749,1517,3698,2962,3188,2,2,2,2,2,0,5,3,3
2016-05-01T00:00:00Z,3850,3850,3850,4658,4658,2654,4027,5478,6178,5,5,5,7,7,2,5,9,11
2016-05-02T00:00:00Z,6719,6719,6719,7178,7178,4317,7349,7005,6904,12,12,12,13,13,6,14,13,13
2016-05-03T00:00:00Z,3526,3526,3526,3888,3888,2532,3957,3601,4031,4,4,4,5,5,2,5,4,5
2016-05-04T00:00:00Z,6982,6982,6982,7501,7501,4597,6780,6915,6571,13,13,13,14,14,7,12,12,12
2016-05-05T00:00:00Z,7352,7352,7352,7557,7557,4446,7596,7464,7770,13,13,13,14,14,6,14,14,14
2016-05-06T00:00:00Z,6942,6942,6942,7075,7075,4292,7316,7104,7539,12,12,12,13,13,6,13,13,14
2016-05-07T00:00:00Z,7107,7107,7107,7550,7550,4311,7443,7217,7192,13,13,13,14,14,6,13,13,13
2016-05-08T00:00:00Z,7348,7348,7348,7508,7508,4443,7636,7518,7834,13,13,13,14,14,6,14,14,14
2016-05-09T00:00:00Z,6377,6377,6377,6630,6630,4111,6596,6404,6874,11,11,11,11,11,5,11,11,12
2016-05-10T00:00:00Z,2042,2042,2042,2614,2614,1774,2059,2918,3560,0,0,0,2,2,0,0,2,4
2016-05-11T00:00:00Z,5266,5266,5266,5842,5842,3456,6272,5800,6317,8,8,8,9,9,4,10,9,11
2016-05-12T00:00:00Z,3011,3011,3011,3781,3781,2133,3461,2801,3446,3,3,3,4,4,0,4,2,4
2016-05-13T00:00:00Z,3984,3984,3984,4759,4759,2935,4764,3534,3218,5,5,5,7,7,2,7,4,3
2016-05-14T00:00:00Z,3948,3948,3948,4392,4392,2732,4516,3377,4252,5,5,5,6,6,2,6,3,5
2016-05-15T00:00:00Z,3172,3172,3172,3906,3906,2421,3278,4176,3977,3,3,3,5,5,1,3,5,5
2016-05-16T00:00:00Z,3656,3656,3656,4105,4105,2544,4053,3684,4018,4,4,4,5,5,1,5,4,5
2016-05-17T00:00:00Z,3995,3995,3995,4261,4261,2463,4327,3701,4668,5,5,5,5,5,1,6,4,6
2016-05-18T00:00:00Z,2662,2662,2662,3054,3054,1971,3257,3037,3922,2,2,2,2,2,0,3,2,5
2016-05-19T00:00:00Z,5888,5888,5888,6238,6238,3373,6073,4750,6072,9,9,9,10,10,3,10,7,10
2016-05-20T00:00:00Z,3992,3992,3992,4044,4044,2153,3907,3193,3669,5,5,5,5,5,0,4,3,4
2016-05-21T00:00:00Z,5619,5619,5619,6684,6684,3754,7064,5679,6638,8,8,8,11,11,4,12,9,11
2016-05-22T00:00:00Z,4474,4474,4474,5136,5136,2850,5049,4265,4568,6,6,6,7,7,2,7,5,6
2016-05-23T00:00:00Z,2314,2314,2314,2808,2808,2287,2650,2134,2552,1,1,1,2,2,1,1,0,1
2016-05-24T00:00:00Z,1175,1175,1175,1511,1511,845,1146,1524,1370,0,0,0,0,0,0,0,0,0
2016-05-25T00:00:00Z,2353,2353,2353,3171,3171,1533,3266,3329,2972,1,1,1,3,3,0,3,3,2
2016-05-26T00:00:00Z,6524,6524,6524,7152,7152,4250,6479,6754,7083,10,10,10,12,12,5,10,11,12
2016-05-27T00:00:00Z,5317,5317,5317,5271,5271,2780,4616,5179,5572,8,8,8,8,8,2,6,7,8
2016-05-28T00:00:00Z,4225,4225,4225,4865,4865,3581,4489,4634,5243,5,5,5,7,7,4,6,6,7
2016-05-29T00:00:00Z,3417,3417,3417,4327,4327,2074,3585,4137,3985,3,3,3,5,5,0,4,5,4
2016-05-30T00:00:00Z,2020,2020,2020,3089,3089,1253,2891,2496,2873,0,0,0,2,2,0,2,1,2
2016-05-31T00:00:00Z,4192,4192,4192,5018,5018,2132,3796,3609,4112,5,5,5,7,7,0,4,4,5
2016-06-01T00:00:00Z,989,989,989,1298,1298,827,1805,868,862,0,0,0,0,0,0,0,0,0
2016-06-02T00:00:00Z,3808,3808,3808,3545,3545,2142,3327,3229,2881,3,3,3,3,3,0,2,2,1
2016-06-03T00:00:00Z,3355,3355,3355,3944,3944,2282,3381,2827,2851,2,2,2,4,4,0,2,1,1
2016-06-04T00:00:00Z,3632,3632,3632,4661,4661,3173,3419,4215,4615,3,3,3,5,5,2,2,4,5
2016-06-05T00:00:00Z,3914,3914,3914,5246,5246,3918,4767,5422,5288,4,4,4,7,7,4,6,7,7
2016-06-06T00:00:00Z,6484,6484,6484,7123,7123,4512,7438,5616,5322,10,10,10,11,11,5,12,8,7
2016-06-07T00:00:00Z,5629,5629,5629,6050,6050,3662,6229,6253,7073,8,8,8,9,9,3,9,9,11
2016-06-08T00:00:00Z,4280,4280,4280,5139,5139,3256,4159,5089,4834,4,4,4,6,6,2,4,6,6
2016-06-09T00:00:00Z,7298,7298,7298,8054,8054,4819,7944,7776,8058,12,12,12,14,14,6,13,13,14
2016-06-10T00:00:00Z,7102,7102,7102,7669,7669,4755,7429,6854,7307,11,11,11,13,13,6,12,11,12
2016-06-11T00:00:00Z,3691,3691,3691,4332,4332,2682,3561,4577,4994,3,3,3,4,4,0,3,5,6
2016-06-12T00:00:00Z,3206,3206,3206,3795,3795,2272,3236,3791,3571,2,2,2,3,3,0,2,3,3
2016-06-13T00:00:00Z,3108,3108,3108,3618,3618,2618,3687,2677,2744,1,1,1,3,3,0,3,0,1
2016-06-14T00:00:00Z,4126,4126,4126,4634,4634,2754,3405,3877,4751,4,4,4,5,5,1,2,3,5
2016-06-15T00:00:00Z,4602,4602,4602,5236,5236,3136,4702,4656,4805,5,5,5,7,7,2,5,5,6
2016-06-16T00:00:00Z,2097,2097,2097,2884,2884,1991,2771,2758,3304,0,0,0,1,1,0,1,1,2
2016-06-17T00:00:00Z,3319,3319,3319,3868,3868,2454,4583,3121,3721,2,2,2,3,3,0,5,1,3
2016-06-18T00:00:00Z,4983,4983,4983,5326,5326,3371,4234,4560,4197,6,6,6,7,7,2,4,5,4
2016-06-19T00:00:00Z,5299,5299,5299,4919,4919,2670,6171,5178,5619,7,7,7,6,6,0,9,7,8
2016-06-20T00:00:00Z,5772,5772,5772,6111,6111,3906,6003,5890,6348,8,8,8,9,9,3,9,8,9
2016-06-21T00:00:00Z,3310,3310,3310,3971,3971,2100,3415,2613,3598,2,2,2,4,4,0,2,0,3
2016-06-22T00:00:00Z,4063,4063,4063,5007,5007,2426,4571,4562,4875,4,4,4,6,6,0,5,5,6
2016-06-23T00:00:00Z,7518,7518,7518,8034,8034,4794,7961,7866,8317,12,12,12,14,14,6,13,13,14
2016-06-24T00:00:00Z,3473,3473,3473,4088,4088,2515,5938,3492,4232,2,2,2,4,4,0,8,2,4
2016-06-25T00:00:00Z,675,675,675,1002,1002,918,1013,902,1087,0,0,0,0,0,0,0,0,0
2016-06-26T00:00:00Z,5391,5391,5391,5524,5524,3661,6147,5391,4964,7,7,7,7,7,3,9,7,6
2016-06-27T00:00:00Z,2932,2932,2932,3837,3837,2431,2630,2489,2600,1,1,1,3,3,0,0,0,0
2016-06-28T00:00:00Z,5001,5001,5001,5652,5652,3404,4743,5256,5909,6,6,6,8,8,2,5,7,8
2016-06-29T00:00:00Z,6573,6573,6573,6654,6654,4653,6928,6647,7394,10,10,10,10,10,5,11,10,12
2016-06-30T00:00:00Z,3453,3453,3453,4751,4751,2856,3233,2542,3289,2,2,2,6,6,1,2,0,2
2016-07-01T00:00:00Z,3690,3690,3690,4100,4100,2646,3726,2305,2920,3,3,3,4,4,1,3,0,1
2016-07-02T00:00:00Z,3580,3580,3580,4397,4397,3024,4182,3771,4217,3,3,3,5,5,2,5,3,5
2016-07-03T00:00:00Z,4193,4193,4193,4941,4941,2970,4319,3407,4520,5,5,5,6,6,1,5,3,5
2016-07-04T00:00:00Z,3678,3678,3678,4466,4466,2155,3647,3603,4346,3,3,3,5,5,0,3,3,5
2016-07-05T00:00:00Z,3160,3160,3160,3939,3939,2486,4390,3105,3430,2,2,2,4,4,0,5,2,3
2016-07-06T00:00:00Z,4749,4749,4749,5665,5665,3383,6413,5485,6387,6,6,6,8,8,3,10,8,10
2016-07-07T00:00:00Z,6678,6678,6678,7101,7101,4430,7480,6893,7551,11,11,11,12,12,5,13,11,13
2016-07-08T00:00:00Z,4231,4231,4231,4703,4703,3115,5271,4406,5105,5,5,5,6,6,2,7,5,7
2016-07-09T00:00:00Z,5027,5027,5027,5326,5326,3767,6373,5441,5427,7,7,7,7,7,4,10,8,8
2016-07-10T00:00:00Z,7117,7117,7117,7259,7259,4742,7146,6915,7447,12,12,12,12,12,6,12,12,13
2016-07-11T00:00:00Z,4011,4011,4011,5050,5050,3276,5551,3697,5221,4,4,4,7,7,2,8,3,7
2016-07-12T00:00:00Z,5327,5327,5327,5718,5718,3514,4629,4972,5137,8,8,8,9,9,3,6,7,7
2016-07-13T00:00:00Z,3628,3628,3628,3822,3822,2392,4301,3686,2153,3,3,3,4,4,0,5,3,0
2016-07-14T00:00:00Z,4016,4016,4016,4859,4859,3206,5087,5494,3958,4,4,4,6,6,2,7,8,4
2016-07-15T00:00:00Z,4167,4167,4167,4510,4510,2706,4765,4619,5240,5,5,5,6,6,1,6,6,7
2016-07-16T00:00:00Z,3291,3291,3291,3633,3633,1939,3807,2939,3318,3,3,3,3,3,0,4,2,3
2016-07-17T00:00:00Z,3758,3758,3758,4246,4246,2858,5376,4179,4709,4,4,4,5,5,1,8,5,6
2016-07-18T00:00:00Z,6652,6652,6652,6813,6813,3900,7104,7401,7399,11,11,11,11,12,4,12,13,13
2016-07-19T00:00:00Z,7301,7301,7301,7523,7523,4554,7682,7570,7620,13,13,13,13,13,6,14,13,14
2016-07-20T00:00:00Z,7321,7321,7321,7501,7501,4777,7369,7264,7697,13,13,13,13,13,6,13,13,14
2016-07-21T00:00:00Z,3620,3620,3620,3505,3505,2178,4316,3116,3437,3,3,3,3,3,0,5,2,3
2016-07-22T00:00:00Z,5064,5064,5064,5612,5612,3428,5726,5681,6072,7,7,7,9,9,3,9,9,10
2016-07-23T00:00:00Z,2249,2249,2249,2538,2538,1307,2892,2059,2173,0,0,0,1,1,0,2,0,0
2016-07-24T00:00:00Z,4172,4172,4172,5316,5316,3491,5078,5553,4954,5,5,5,8,8,3,7,9,7
2016-07-25T00:00:00Z,4585,4585,4585,5064,5064,3017,5970,5628,5811,6,6,6,7,7,2,10,9,9
2016-07-26T00:00:00Z,2941,2941,2941,3149,3149,1505,3903,3232,3144,2,2,2,2,2,0,4,3,2
2016-07-27T00:00:00Z,5085,5085,5085,4877,4877,3595,5517,4832,5353,7,7,7,7,7,4,9,7,8
2016-07-28T00:00:00Z,3289,3289,3289,3438,3438,2019,3111,2778,3798,3,3,3,3,3,0,2,2,4
2016-07-29T00:00:00Z,3647,3647,3647,4009,4009,2571,5002,2898,3193,4,4,4,5,5,1,7,2,3
2016-07-30T00:00:00Z,4964,4964,4964,4911,4911,3543,4838,4009,4373,7,7,7,7,7,4,7,5,6
2016-07-31T00:00:00Z,2568,2568,2568,3133,3133,2141,4616,3756,3969,1,1,1,3,3,0,6,4,5
2016-08-01T00:00:00Z,5806,5806,5806,5797,5797,3330,6096,5088,5900,10,10,10,10,10,3,11,8,10
2016-08-02T00:00:00Z,1132,1132,1132,1633,1633,1297,1010,1148,1466,0,0,0,0,0,0,0,0,0
2016-08-03T00:00:00Z,1566,1566,1566,1849,1849,1066,2292,1308,1651,0,0,0,0,0,0,0,0,0
2016-08-04T00:00:00Z,1292,1292,1292,1758,1758,1302,1233,1953,2057,0,0,0,0,0,0,0,0,0
2016-08-05T00:00:00Z,3574,3574,3574,3547,3547,2778,4159,4373,4313,4,4,4,4,4,2,6,6,6
2016-08-06T00:00:00Z,4165,4165,4165,5171,5171,3234,5949,5697,5744,6,6,6,8,8,3,11,10,10
2016-08-07T00:00:00Z,6641,6641,6641,7042,7042,4245,6923,6616,7175,13,13,13,14,14,6,13,12,14
2016-08-08T00:00:00Z,5941,5941,5941,6162,6162,4114,6837,5850,5881,11,11,11,11,11,6,13,10,11
2016-08-09T00:00:00Z,3659,3659,3659,4263,4263,3214,4196,5205,5507,4,4,4,6,6,3,6,9,10
2016-08-10T00:00:00Z,3522,3522,3522,3718,3718,2163,4057,4216,4553,4,4,4,5,5,0,6,6,7
2016-08-11T00:00:00Z,3636,3636,3636,4158,4158,2259,4986,3070,3846,4,4,5,6,6,1,8,3,5
2016-08-12T00:00:00Z,2294,2294,2294,2764,2764,1868,2584,2454,2611,1,1,1,2,2,0,2,1,2
2016-08-13T00:00:00Z,6454,6454,6454,6506,6506,4119,6695,6663,6928,12,12,12,13,13,6,13,13,14
2016-08-14T00:00:00Z,5232,5232,5232,5140,5140,3005,6174,5632,5020,9,9,9,9,9,3,12,10,9
2016-08-15T00:00:00Z,5973,5973,5973,6215,6215,3923,6362,6494,6601,11,11,11,12,12,6,12,13,13
2016-08-16T00:00:00Z,6313,6313,6313,6569,6569,3924,6686,6559,6850,12,12,12,13,13,6,13,13,14
2016-08-17T00:00:00Z,6533,6533,6533,6685,6685,4032,6812,6597,6960,13,13,13,13,13,6,14,13,14
2016-08-18T00:00:00Z,3590,3590,3590,3718,3718,2718,3765,4544,5322,5,5,5,5,5,2,5,7,10
2016-08-19T00:00:00Z,4070,4070,4070,4542,4542,3097,4346,4222,4526,6,6,6,8,8,3,7,7,8
2016-08-20T00:00:00Z,2049,2049,2049,2651,2651,1529,2229,2520,2513,0,0,0,2,2,0,1,2,2
2016-08-21T00:00:00Z,3438,3438,3438,3983,3983,2514,3798,2590,2761,5,5,5,6,6,2,6,2,3
2016-08-22T00:00:00Z,2447,2447,2447,3478,3478,2129,3263,2483,2918,2,2,2,5,5,1,4,2,3
2016-08-23T00:00:00Z,6212,6212,6212,6350,6350,3819,6459,6246,6508,13,13,13,13,13,6,13,13,14
2016-08-24T00:00:00Z,6230,6230,6230,6287,6287,3824,6440,6247,6493,13,13,13,13,13,6,13,13,14
2016-08-25T00:00:00Z,6160,6160,6160,6272,6272,3815,6431,6266,6525,13,13,13,13,13,6,13,13,14
2016-08-26T00:00:00Z,5813,5813,5813,5705,5705,3520,6206,5936,6211,12,12,12,11,12,5,13,12,13
2016-08-27T00:00:00Z,5263,5263,5263,5237,5237,3077,5997,5552,5963,10,10,10,10,10,4,12,11,12
2016-08-28T00:00:00Z,5006,5006,5006,5240,5240,3302,5155,4270,4584,10,10,10,10,10,5,10,7,8
2016-08-29T00:00:00Z,2283,2283,2283,2675,2675,1850,4014,2260,2855,2,2,2,3,3,0,7,2,3
2016-08-30T00:00:00Z,5610,5610,5610,5406,5406,3513,5389,5459,5574,12,12,12,11,11,5,11,11,12
2016-08-31T00:00:00Z,4923,4923,4923,4828,4828,3060,4787,4337,5109,10,10,10,9,9,4,9,8,10
2016-09-01T00:00:00Z,4530,4530,4530,4462,4462,2939,5430,5163,5563,9,9,9,8,8,4,11,11,12
2016-09-02T00:00:00Z,5178,5178,5178,5099,5099,3237,5384,5056,5407,11,11,11,10,10,5,11,10,11
2016-09-03T00:00:00Z,4531,4531,4531,4704,4704,2591,4468,4383,4703,9,9,9,9,9,3,9,8,9
2016-09-04T00:00:00Z,2607,2607,2607,2816,2816,1925,2258,2166,2287,3,3,3,4,4,1,2,2,2
2016-09-05T00:00:00Z,2178,2178,2178,2784,2784,1678,2598,2450,3061,2,2,2,4,4,0,3,3,5
2016-09-06T00:00:00Z,5027,5027,5027,5715,5715,3228,5709,5053,5613,11,11,11,13,13,5,13,11,13
2016-09-07T00:00:00Z,5428,5428,5428,5514,5514,3196,5546,5361,5655,12,12,12,12,12,5,12,12,13
2016-09-08T00:00:00Z,5327,5327,5327,5269,5269,3119,5458,4971,5418,12,12,12,12,12,5,12,11,12
2016-09-09T00:00:00Z,4829,4829,4829,4975,4975,2832,4e3,4899,5157,10,10,10,11,11,4,8,11,11
2016-09-10T00:00:00Z,4549,4549,4549,4809,4809,2631,4519,4618,4901,10,10,10,10,10,4,10,10,11
2016-09-11T00:00:00Z,3660,3660,3660,3883,3883,2056,4271,3959,4477,7,7,7,8,8,2,9,8,10
2016-09-12T00:00:00Z,4949,4949,4949,4842,4842,2816,4970,4776,5118,11,11,11,11,11,4,11,11,12
2016-09-13T00:00:00Z,4946,4946,4946,4689,4689,2750,4920,4764,5044,11,11,11,10,10,4,11,11,12
2016-09-14T00:00:00Z,4875,4875,4875,4734,4734,2800,4922,4801,5031,11,11,11,11,11,5,11,11,12
2016-09-15T00:00:00Z,3852,3852,3852,4021,4021,2723,3918,4153,4587,8,8,8,9,9,4,8,9,10
2016-09-16T00:00:00Z,2142,2142,2142,2392,2392,1468,1835,2275,2661,3,3,3,3,3,0,2,3,4
2016-09-17T00:00:00Z,2896,2896,2896,3108,3108,2231,3014,3030,3201,5,5,5,6,6,3,5,6,6
2016-09-18T00:00:00Z,1093,1093,1093,1838,1838,1390,1380,2418,2614,0,0,0,2,2,0,0,4,4
2016-09-19T00:00:00Z,1319,1319,1319,1723,1723,1128,1640,1608,2046,0,0,0,1,1,0,1,1,2
2016-09-20T00:00:00Z,1030,1030,1030,1149,1149,644,1274,1324,1496,0,0,0,0,0,0,0,0,1
2016-09-21T00:00:00Z,4731,4731,4731,4525,4525,2564,4633,4498,4819,12,12,12,11,11,4,11,11,12
2016-09-22T00:00:00Z,3982,3982,3982,3822,3822,2487,4081,3935,4296,9,9,9,9,9,4,10,9,10
2016-09-23T00:00:00Z,2990,2990,2990,2856,2856,1687,3502,3611,3950,6,6,6,5,6,2,8,8,9
2016-09-24T00:00:00Z,4344,4344,4344,4221,4221,2424,4409,3808,4482,11,11,11,10,10,4,11,9,11
2016-09-25T00:00:00Z,4391,4391,4391,4219,4219,2430,4354,4256,4507,11,11,11,10,10,4,11,11,12
2016-09-26T00:00:00Z,4202,4202,4202,4086,4086,2468,2693,3785,3671,10,10,11,10,10,4,5,9,9
2016-09-27T00:00:00Z,4103,4103,4103,4046,4046,2376,3796,3643,4470,10,10,10,10,10,4,9,9,12
2016-09-28T00:00:00Z,2573,2573,2573,2641,2641,1546,2635,2331,2652,5,5,5,5,5,1,5,4,5
2016-09-29T00:00:00Z,3560,3560,3560,3423,3423,1725,4114,3035,3114,9,9,9,8,8,2,11,7,7
2016-09-30T00:00:00Z,804,804,804,1032,1032,694,975,1222,1457,0,0,0,0,0,0,0,0,1
2016-10-01T00:00:00Z,1040,1040,1040,1201,1201,726,1021,867,784,0,0,0,1,1,0,0,0,0
2016-10-02T00:00:00Z,2475,2475,2475,2568,2568,1628,2108,2272,1936,5,5,5,6,6,2,4,5,3
2016-10-03T00:00:00Z,667,667,667,1220,1220,982,1090,1576,1290,0,0,0,1,1,0,0,2,1
2016-10-04T00:00:00Z,1233,1233,1233,1208,1208,648,1059,1497,1772,1,1,1,1,1,0,0,2,3
2016-10-05T00:00:00Z,4020,4020,4020,3618,3618,2002,3614,3733,4227,11,11,11,10,10,4,10,10,12
2016-10-06T00:00:00Z,1276,1276,1276,1417,1417,941,1044,1292,1331,1,1,1,2,2,0,0,1,2
2016-10-07T00:00:00Z,807,807,807,975,975,644,1191,813,1191,0,0,0,0,0,0,1,0,1
2016-10-08T00:00:00Z,1432,1432,1432,1510,1510,972,1249,1590,1713,2,2,2,2,2,0,1,3,3
2016-10-09T00:00:00Z,2121,2121,2121,2179,2179,1277,1372,1510,1748,5,5,5,5,5,1,2,2,3
2016-10-10T00:00:00Z,1049,1049,1049,1568,1568,1292,1067,1194,1485,1,1,1,3,3,2,1,1,2
2016-10-11T00:00:00Z,2331,2331,2331,2486,2486,1887,2542,2568,2581,6,6,6,6,6,4,6,7,7
2016-10-12T00:00:00Z,708,708,708,936,936,396,765,966,1140,0,0,0,0,0,0,0,0,1
2016-10-13T00:00:00Z,1837,1837,1837,2173,2173,1390,1532,2074,2233,4,4,4,5,5,2,3,5,6
2016-10-14T00:00:00Z,1458,1458,1458,1629,1629,921,1497,1592,1807,3,3,3,3,3,0,3,3,4
2016-10-15T00:00:00Z,933,933,933,1179,1179,796,1001,1040,1351,0,0,0,1,1,0,1,1,2
2016-10-16T00:00:00Z,2951,2951,2951,3171,3171,1737,3215,2553,3370,9,9,9,10,10,4,10,7,11
2016-10-17T00:00:00Z,699,699,699,901,901,603,1281,927,1295,0,0,0,0,0,0,2,1,2
2016-10-18T00:00:00Z,1666,1666,1666,1931,1931,1391,1634,2204,1821,4,4,4,5,5,3,4,6,4
2016-10-19T00:00:00Z,1428,1428,1428,1515,1515,1054,949,1070,648,3,3,3,3,3,1,1,1,0
2016-10-20T00:00:00Z,494,494,494,649,649,398,628,641,717,0,0,0,0,0,0,0,0,0
2016-10-21T00:00:00Z,742,742,742,879,879,818,818,1235,1168,0,0,0,1,1,0,0,2,2
2016-10-22T00:00:00Z,1266,1266,1266,1302,1302,842,1007,1071,1042,2,2,2,3,3,1,1,2,1
2016-10-23T00:00:00Z,656,656,656,714,714,362,1588,662,1199,0,0,0,0,0,0,4,0,2
2016-10-24T00:00:00Z,358,358,358,445,445,234,395,381,512,0,0,0,0,0,0,0,0,0
2016-10-25T00:00:00Z,766,766,766,912,912,498,1009,908,927,0,0,0,1,1,0,1,1,1
2016-10-26T00:00:00Z,1873,1873,1873,1883,1883,1205,1197,1597,1638,5,5,5,5,6,2,2,4,4
2016-10-27T00:00:00Z,2080,2080,2080,2166,2166,1096,1960,1722,2077,6,6,7,7,7,2,6,5,7
2016-10-28T00:00:00Z,1037,1037,1037,1122,1122,696,788,677,896,2,2,2,2,2,0,1,0,1
2016-10-29T00:00:00Z,1534,1534,1534,1565,1565,873,1170,1406,1466,4,4,4,4,4,1,2,4,4
2016-10-30T00:00:00Z,2057,2057,2057,2019,2019,1229,2467,1488,2370,7,7,7,7,7,3,9,4,8
2016-10-31T00:00:00Z,2118,2118,2118,2184,2184,1228,2400,1649,2514,7,7,7,8,8,3,9,5,9
2016-11-01T00:00:00Z,1920,1920,1920,1863,1863,1060,2129,1047,2059,6,6,6,6,6,2,7,2,7
2016-11-02T00:00:00Z,1096,1096,1096,1499,1499,985,978,1433,1342,3,3,3,5,5,2,2,4,4
2016-11-03T00:00:00Z,1805,1805,1805,1734,1734,1112,1446,1226,1243,6,6,6,6,6,3,4,3,3
2016-11-04T00:00:00Z,675,675,675,735,735,363,763,652,927,1,1,1,1,1,0,1,1,2
2016-11-05T00:00:00Z,392,392,392,518,518,301,332,355,419,0,0,0,0,0,0,0,0,0
2016-11-06T00:00:00Z,1033,1033,1033,1100,1100,652,1027,885,826,3,3,3,3,3,1,3,2,2
2016-11-07T00:00:00Z,591,591,591,677,677,358,471,224,387,0,0,0,1,1,0,0,0,0
2016-11-08T00:00:00Z,1005,1005,1005,1028,1028,732,760,1204,1017,3,3,3,3,3,1,1,4,3
2016-11-09T00:00:00Z,380,380,380,451,451,216,476,307,490,0,0,0,0,0,0,0,0,0
2016-11-10T00:00:00Z,886,886,886,1101,1101,827,844,439,496,2,2,2,3,3,2,2,0,0
2016-11-11T00:00:00Z,148,148,148,202,202,174,256,213,324,0,0,0,0,0,0,0,0,0
2016-11-12T00:00:00Z,1221,1221,1221,1131,1131,576,1608,1354,1482,4,4,4,4,4,1,6,5,6
2016-11-13T00:00:00Z,1036,1036,1036,950,950,487,1101,984,1166,3,3,3,3,3,0,3,3,4
2016-11-14T00:00:00Z,1694,1694,1694,1644,1644,1151,2204,1905,1957,7,7,7,7,7,4,10,8,8
2016-11-15T00:00:00Z,163,163,163,359,359,234,326,172,291,0,0,0,0,0,0,0,0,0
2016-11-16T00:00:00Z,286,286,286,442,442,303,224,97,240,0,0,0,0,0,0,0,0,0
2016-11-17T00:00:00Z,335,335,335,449,449,311,266,468,272,0,0,0,0,0,0,0,0,0
2016-11-18T00:00:00Z,782,782,782,739,739,443,700,970,1008,2,2,2,2,2,0,2,3,3
2016-11-19T00:00:00Z,567,567,567,694,694,491,1100,313,537,1,1,1,2,2,0,4,0,1
2016-11-20T00:00:00Z,644,644,644,722,722,434,1006,880,442,1,1,1,2,2,0,3,3,0
2016-11-21T00:00:00Z,185,185,185,257,257,184,334,187,282,0,0,0,0,0,0,0,0,0
2016-11-22T00:00:00Z,802,802,802,800,800,402,835,611,789,2,2,2,2,2,0,3,1,2
2016-11-23T00:00:00Z,931,931,931,1040,1040,658,917,899,1113,3,3,3,4,4,2,3,3,4
2016-11-24T00:00:00Z,1210,1210,1210,1033,1033,760,1249,1278,1506,5,5,5,4,4,2,5,6,7
2016-11-25T00:00:00Z,309,309,309,354,354,204,371,606,868,0,0,0,0,0,0,0,1,3
2016-11-26T00:00:00Z,127,127,127,190,190,112,168,333,467,0,0,0,0,0,0,0,0,1
2016-11-27T00:00:00Z,411,411,411,657,657,473,447,631,614,0,0,0,2,2,1,0,2,2
2016-11-28T00:00:00Z,1498,1498,1498,1190,1190,985,2040,1669,2095,7,7,7,5,5,4,11,8,11
2016-11-29T00:00:00Z,2073,2073,2073,1703,1703,1042,1550,1792,1782,11,11,11,9,9,4,8,9,9
2016-11-30T00:00:00Z,1972,1972,1972,1615,1615,998,1796,1648,1766,10,10,10,8,8,4,9,8,9
2016-12-01T00:00:00Z,283,283,283,401,401,192,489,122,222,0,0,0,0,0,0,1,0,0
2016-12-02T00:00:00Z,149,149,149,222,222,371,212,192,253,0,0,0,0,0,0,0,0,0
2016-12-03T00:00:00Z,449,449,449,479,479,610,1903,399,2138,1,1,1,1,1,2,11,0,12
2016-12-04T00:00:00Z,1331,1331,1331,1292,1292,981,2015,848,1811,7,7,7,6,6,4,11,3,10
2016-12-05T00:00:00Z,1680,1680,1680,1324,1324,905,949,1642,1518,9,9,9,7,7,4,4,9,8
2016-12-06T00:00:00Z,1694,1694,1694,1225,1225,652,1647,1584,2018,9,9,9,6,6,2,9,9,12
2016-12-07T00:00:00Z,755,755,755,781,781,561,582,831,971,3,3,3,3,3,1,2,3,4
2016-12-08T00:00:00Z,1022,1022,1022,952,952,641,1301,913,1063,5,5,5,4,4,2,7,4,5
2016-12-09T00:00:00Z,375,375,375,420,420,262,438,253,382,0,0,0,1,1,0,1,0,0
2016-12-10T00:00:00Z,1260,1260,1260,1110,1110,805,1310,1091,1312,7,7,7,6,6,3,7,5,7
2016-12-11T00:00:00Z,433,433,433,499,499,277,420,325,447,1,1,1,1,1,0,1,0,1
2016-12-12T00:00:00Z,424,424,424,508,508,291,306,357,387,1,1,1,1,1,0,0,0,0
2016-12-13T00:00:00Z,130,130,130,188,188,129,328,99,234,0,0,0,0,0,0,0,0,0
2016-12-14T00:00:00Z,310,310,310,406,406,264,336,316,369,0,0,0,1,1,0,0,0,0
2016-12-15T00:00:00Z,165,165,165,191,191,88,246,153,273,0,0,0,0,0,0,0,0,0
2016-12-16T00:00:00Z,206,206,206,277,277,128,397,193,329,0,0,0,0,0,0,0,0,0
2016-12-17T00:00:00Z,663,663,663,691,691,292,614,552,659,2,2,2,3,3,0,2,2,2
2016-12-18T00:00:00Z,284,284,284,384,384,201,207,251,269,0,0,0,0,0,0,0,0,0
2016-12-19T00:00:00Z,274,274,274,282,282,170,191,269,439,0,0,0,0,0,0,0,0,1
2016-12-20T00:00:00Z,1109,1109,1109,858,858,580,1122,1135,1312,6,6,6,4,4,2,6,6,7
2016-12-21T00:00:00Z,272,272,272,347,347,397,320,226,342,0,0,0,0,0,1,0,0,0
2016-12-22T00:00:00Z,128,128,128,225,225,96,330,122,241,0,0,0,0,0,0,0,0,0
2016-12-23T00:00:00Z,230,230,230,285,285,250,432,219,319,0,0,0,0,0,0,1,0,0
2016-12-24T00:00:00Z,620,620,620,680,680,461,586,642,682,2,2,2,3,3,1,2,2,3
2016-12-25T00:00:00Z,142,142,142,434,434,437,147,70,158,0,0,0,1,1,1,0,0,0
2016-12-26T00:00:00Z,375,375,375,442,442,354,312,341,459,0,0,0,1,1,0,0,0,1
2016-12-27T00:00:00Z,645,645,645,740,740,572,973,648,523,2,2,2,3,3,2,5,2,1
2016-12-28T00:00:00Z,340,340,340,412,412,290,433,339,433,0,0,0,1,1,0,1,0,1
2016-12-29T00:00:00Z,834,834,834,1240,1240,928,1431,371,1458,4,4,4,7,7,4,8,0,8
2016-12-30T00:00:00Z,1328,1328,1328,525,525,869,1590,197,1755,7,7,7,1,1,4,9,0,10
2016-12-31T00:00:00Z,1943,1943,1943,1093,1093,1103,1730,572,2044,11,11,12,5,5,6,10,2,12
2017-01-01T00:00:00Z,284,284,284,250,250,988,366,269,332,0,0,0,0,0,5,0,0,0
2017-01-02T00:00:00Z,563,563,563,654,654,501,286,245,239,1,1,1,2,2,1,0,0,0
2017-01-03T00:00:00Z,775,775,775,822,822,625,477,928,794,3,3,3,3,3,2,1,4,3
2017-01-04T00:00:00Z,500,500,500,661,661,424,336,466,535,1,1,1,2,2,0,0,1,1
2017-01-05T00:00:00Z,949,949,949,945,945,751,1150,1198,1356,4,4,4,4,4,3,6,6,7
2017-01-06T00:00:00Z,2012,2012,2012,1545,1545,970,1858,1747,2099,12,12,12,8,8,4,10,10,12
2017-01-07T00:00:00Z,298,298,298,361,361,169,576,305,513,0,0,0,0,0,0,1,0,1
2017-01-08T00:00:00Z,301,301,301,439,439,292,431,208,363,0,0,0,0,0,0,0,0,0
2017-01-09T00:00:00Z,358,358,358,488,488,335,551,356,464,0,0,0,1,1,0,1,0,1
2017-01-10T00:00:00Z,379,379,379,607,607,229,194,391,379,0,0,0,1,1,0,0,0,0
2017-01-11T00:00:00Z,252,252,252,427,427,227,417,46,202,0,0,0,0,0,0,0,0,0
2017-01-12T00:00:00Z,555,555,555,649,649,382,476,460,610,1,1,1,2,2,0,0,0,1
2017-01-13T00:00:00Z,722,722,722,830,830,532,715,454,455,2,2,2,3,3,1,2,0,0
2017-01-14T00:00:00Z,759,759,759,851,851,651,770,690,620,2,2,2,3,3,2,2,2,1
2017-01-15T00:00:00Z,1191,1191,1191,1153,1153,849,1260,823,949,5,5,5,5,5,3,6,3,4
2017-01-16T00:00:00Z,1190,1190,1190,1616,1616,133,932,1250,1869,5,5,5,8,8,0,3,5,10
2017-01-17T00:00:00Z,1535,1535,1535,1471,1471,329,1446,1176,1371,7,7,7,7,7,0,7,5,6
2017-01-18T00:00:00Z,2099,2099,2099,1775,1775,649,2032,2017,2687,11,11,11,9,9,1,10,10,15
2017-01-19T00:00:00Z,2308,2308,2308,1851,1851,1298,2160,2161,2209,12,12,12,9,9,5,11,11,11
2017-01-20T00:00:00Z,2493,2493,2493,1802,1802,1378,1830,2289,2054,13,13,13,9,9,6,9,12,10
2017-01-21T00:00:00Z,2332,2332,2332,1761,1761,1151,1800,2179,1924,12,12,12,8,8,4,8,11,9
2017-01-22T00:00:00Z,2379,2379,2379,1788,1788,1081,1513,2109,2284,12,12,12,8,8,4,6,10,11
2017-01-23T00:00:00Z,216,216,216,415,415,644,586,276,461,0,0,0,0,0,1,1,0,0
2017-01-24T00:00:00Z,374,374,374,503,503,330,419,399,420,0,0,0,0,0,0,0,0,0
2017-01-25T00:00:00Z,343,343,343,484,484,254,490,426,615,0,0,0,0,0,0,0,0,1
2017-01-26T00:00:00Z,1651,1651,1651,1594,1594,901,1436,1683,1806,7,7,7,6,6,2,5,7,8
2017-01-27T00:00:00Z,1236,1236,1236,1147,1147,587,1453,1072,1381,4,4,4,4,4,0,5,3,5
2017-01-28T00:00:00Z,1292,1292,1292,1244,1244,754,1337,1116,1263,4,4,4,4,4,1,5,3,4
2017-01-29T00:00:00Z,1112,1112,1112,1067,1067,631,1485,550,854,3,3,3,3,3,1,5,0,2
2017-01-30T00:00:00Z,213,213,213,390,390,343,410,99,254,0,0,0,0,0,0,0,0,0
2017-01-31T00:00:00Z,351,351,351,447,447,198,448,194,411,0,0,0,0,0,0,0,0,0
