datum,r_valwig,r_pommern,r_hatzenport,r_muenstermaifeld,r_winningen,r_mayen,r_gondershausen,r_muelheimkaerlich,r_grenzau
2010-10-01T00:00:00Z,0.2,0.2,0,0.1,0.4,0,0.1,0,0.4
2010-10-02T00:00:00Z,6.2,5,5,5.1,9,7.6,5.1,7.8,18
2010-10-03T00:00:00Z,0.2,0,0,0,0,0.2,0,0.4,0.5
2010-10-04T00:00:00Z,0,0,0,0,0,0,0,0,0
2010-10-05T00:00:00Z,1.2,1.4,1.2,1.3,0.4,1.6,3.1,0.4,0.3
2010-10-06T00:00:00Z,0,0,0,0,0,0,0,0,0.1
2010-10-07T00:00:00Z,0,0,0,0,0,0,0,0,0
2010-10-08T00:00:00Z,0,0,0,0,0,0,0,0,0
2010-10-09T00:00:00Z,0,0.2,0.2,0.1,0.2,0,0,0,0
2010-10-10T00:00:00Z,0,0,0,0,0,0,0,0,0
2010-10-11T00:00:00Z,0,0,0,0,0,0,0,0,0.1
2010-10-12T00:00:00Z,0,0,0,0,0,0,0,0,0
2010-10-13T00:00:00Z,0,0,0,0,0,0,0,0,0
2010-10-14T00:00:00Z,0,0,0,0,0,0,0,0,0
2010-10-15T00:00:00Z,2.6,2.6,3,2.8,2.4,2,4.4,3.2,3.4
2010-10-16T00:00:00Z,5.2,4.2,3.6,3.7,5.6,9,7.2,4.8,6.5
2010-10-17T00:00:00Z,0,0,0,0.1,0,0.2,0,0,0.2
2010-10-18T00:00:00Z,0,0,0,0,0,0,0,0,0
2010-10-19T00:00:00Z,3.2,2.6,1,0.9,1.8,2.2,2,1,3.6
2010-10-20T00:00:00Z,1.2,1.2,4.4,1.8,2.8,2.8,3.4,3.6,4.2
2010-10-21T00:00:00Z,0,0,0,0.1,0,0.2,0,0,0
2010-10-22T00:00:00Z,0,0,0.2,0,0,0,0,0,0
2010-10-23T00:00:00Z,0.2,0,0,0,0,0,0.3,0,0
2010-10-24T00:00:00Z,0.6,0.4,0.2,0.1,1.4,0.6,0,1.4,1.5
2010-10-25T00:00:00Z,0,0.2,0,0,0,0,0,0,0
2010-10-26T00:00:00Z,0,0,0,0,0,0,0,0.2,0
2010-10-27T00:00:00Z,0.4,0.2,0.2,0.2,0,0,0.2,0,0
2010-10-28T00:00:00Z,0,0,0,0,0,0,0,1.8,1.2
2010-10-29T00:00:00Z,0,0,0,0,0,0,0,0,0
2010-10-30T00:00:00Z,0,0,0,0,0,0,0.4,0,0
2010-10-31T00:00:00Z,5.2,5.2,5.2,5.1,5.6,5.6,6.6,6,9.3
2010-11-01T00:00:00Z,0.2,0,0,0.1,0,0.2,0.1,0.2,0
2010-11-02T00:00:00Z,0,0,0,0,0,0,0,0,0
2010-11-03T00:00:00Z,0,0,0,0,0,0,0,0,0.5
2010-11-04T00:00:00Z,0,0,0,0,0,0,0,0,0
2010-11-05T00:00:00Z,0,0,0,0,0,0,0,0,1.6
2010-11-06T00:00:00Z,6.6,7.6,7.6,6.7,7.8,6.2,12.1,6.6,7.1
2010-11-07T00:00:00Z,2.6,2,0.6,1.1,1.4,1.4,0.5,0.8,0.5
2010-11-08T00:00:00Z,1.8,1.4,0.8,1.3,1.4,1.8,1,2.4,2.6
2010-11-09T00:00:00Z,6,4,1.6,2.9,2,5.6,3.2,1.8,2.3
2010-11-10T00:00:00Z,2.2,1.4,1.6,1.3,2,2.2,2,4.2,5
2010-11-11T00:00:00Z,11.2,8.2,5.4,8.8,4.4,7.2,5.6,3.8,5.6
2010-11-12T00:00:00Z,7.2,6.2,5.2,4.6,2.4,3.2,4.3,1.4,4.2
2010-11-13T00:00:00Z,12,11.2,3.4,4.2,1,5.4,3.6,1,2.6
2010-11-14T00:00:00Z,0,0,0,0.1,0,0,0.9,0,0.1
2010-11-15T00:00:00Z,0,0,0,0,0,0,0,0,0
2010-11-16T00:00:00Z,0,0,0,0,0,0,0,0,0
2010-11-17T00:00:00Z,0,0,0,0,0,0,0.1,0,0
2010-11-18T00:00:00Z,1,0.6,0.4,0.6,1,0.6,0.6,0.6,1.4
2010-11-19T00:00:00Z,0,0,0,0.3,0.2,0,0.2,0,0.2
2010-11-20T00:00:00Z,0,0,0,0,0,0,0,0,0
2010-11-21T00:00:00Z,0,0,0,0,0,0,0,0,0
2010-11-22T00:00:00Z,0.6,0.4,0.6,0.3,0.4,0.8,0.8,0.8,0.7
2010-11-23T00:00:00Z,0,0,0,0,0,0.2,0,0.2,0.6
2010-11-24T00:00:00Z,3,3.6,0,0,1.6,2.6,2.6,1.6,4.3
2010-11-25T00:00:00Z,0,0,0.2,0,0,0,0.2,0.2,0.1
2010-11-26T00:00:00Z,0.8,0.4,1,0.5,2.4,0.2,0.5,1.8,6.6
2010-11-27T00:00:00Z,0.8,0.4,0.2,0.5,0.2,0.2,0.9,0.2,0
2010-11-28T00:00:00Z,0,0,0,0,0,0,0,0,0
2010-11-29T00:00:00Z,0,0,0,3.3,0,0,3.8,0,0.3
2010-11-30T00:00:00Z,0,0,0,0.2,0,0,0.2,0,0
2010-12-01T00:00:00Z,0,0,0,0.1,0,0,0,0,0
2010-12-02T00:00:00Z,0,0,0,0,0,0,0.2,0,0
2010-12-03T00:00:00Z,0,0,0,0,0,0,0.1,0,0.1
2010-12-04T00:00:00Z,0,0,0,0,0,0,0,0,0
2010-12-05T00:00:00Z,1.6,1.6,1.8,0.7,0.4,0,0.4,0.4,0
2010-12-06T00:00:00Z,1,1,0.8,0.1,1.4,0,0.1,1.4,0.1
2010-12-07T00:00:00Z,0,0,0.2,4.9,0,0,4.5,0,2.9
2010-12-08T00:00:00Z,4.6,4.6,0,8.2,0.6,0,11.4,0.6,4.6
2010-12-09T00:00:00Z,2.4,2.4,4.6,0.6,19.6,4,2.3,19.6,3.8
2010-12-10T00:00:00Z,5,5,9.8,0.8,5.2,10.2,0.7,5.2,4
2010-12-11T00:00:00Z,0.4,0.4,0.4,0.4,3.4,1,0.7,3.4,3.2
2010-12-12T00:00:00Z,1.6,1.6,4.2,2.2,3,1.6,5,3,1.6
2010-12-13T00:00:00Z,0,0,0,1.4,0,0,0.2,0,0.3
2010-12-14T00:00:00Z,0,0,0,0,0,0.2,0.1,0,0
2010-12-15T00:00:00Z,0,0,0,0,0,0,0.1,0,0.1
2010-12-16T00:00:00Z,0,0,0,0.5,0,0,0.3,0,0
2010-12-17T00:00:00Z,0.2,0.2,0.4,0.1,0,0,1,0,0.2
2010-12-18T00:00:00Z,0.2,0.2,0.2,0.1,0,0,0,0,0
2010-12-19T00:00:00Z,7,7,7.4,14.3,1,0.2,5.1,1,2.7
2010-12-20T00:00:00Z,5.4,5.4,3.8,0.2,26.6,0,0.6,26.6,0.9
2010-12-21T00:00:00Z,0.2,0.2,3,4.6,0.2,0,3.1,0.2,4.7
2010-12-22T00:00:00Z,7,7,9.8,7,6.2,8.8,9.4,6.2,5.1
2010-12-23T00:00:00Z,4.8,4.8,5,4.1,4.2,9.4,5.2,4.2,5
2010-12-24T00:00:00Z,0,0,0,0.1,0,0,9,0,0.2
2010-12-25T00:00:00Z,0,0,0,0,0,0,1.1,0,0
2010-12-26T00:00:00Z,0,0,0,0,0,0.2,0.1,0,0
2010-12-27T00:00:00Z,0,0,0,0,0.2,0,0,0.2,0
2010-12-28T00:00:00Z,0.2,0.2,0,0,0,0,0.1,0,0
2010-12-29T00:00:00Z,0,0,0,0.1,0,0,0,0,0.1
2010-12-30T00:00:00Z,0.4,0.4,0,0.3,0,0,0,0,0
2010-12-31T00:00:00Z,0,0,0.2,0,0,0,0,0,0
2011-01-01T00:00:00Z,1.8,1.4,3.2,0.3,0,7.6,0.6,1,1.5
2011-01-02T00:00:00Z,1.6,0.4,1.4,0.4,0,0.8,1.5,0.8,2.3
2011-01-03T00:00:00Z,0,0.2,1.8,1,0,1.2,0.6,1.2,0.2
2011-01-04T00:00:00Z,0,0,0.2,0,0,0,0,0,0.4
2011-01-05T00:00:00Z,0,0,0,0,0,0,0,0,0
2011-01-06T00:00:00Z,9.8,9,5.4,8.3,0,4.6,7.4,4.6,7.5
2011-01-07T00:00:00Z,5.6,5.2,2.4,2.6,0.2,4.2,4.4,4.2,4.8
2011-01-08T00:00:00Z,1.6,1.6,0.6,1.8,0.8,0.2,0.7,0.4,0
2011-01-09T00:00:00Z,12.2,11.6,10.8,11.5,0,9.6,10.1,15.8,14.6
2011-01-10T00:00:00Z,0,0,0,0,0,0.2,0,0,0
2011-01-11T00:00:00Z,0.6,0.2,0,0,0,0,0.1,0.4,3.9
2011-01-12T00:00:00Z,3,2,2,2,3.8,3,3.1,11,20.2
2011-01-13T00:00:00Z,4,2.4,1.8,2.3,4,4,1.9,11.4,39.4
2011-01-14T00:00:00Z,2.2,1.6,0.8,0.8,1,1.4,1.2,1.6,5
2011-01-15T00:00:00Z,0,0,0,0,0,0.2,0.2,0,0.5
2011-01-16T00:00:00Z,0,0,0,0,0,0,0,0,0
2011-01-17T00:00:00Z,0,0,0,0,0.2,0,0,0,0
2011-01-18T00:00:00Z,0.4,0.8,0.6,0.5,2.4,0.2,1.9,0.4,0.6
2011-01-19T00:00:00Z,0.6,2,1.8,1,1.4,4.6,1.7,1.6,5.2
2011-01-20T00:00:00Z,3.4,0.6,1,0.2,2.8,2,2.5,1.6,0.3
2011-01-21T00:00:00Z,0,0,0,0,0,0,0,0,0
2011-01-22T00:00:00Z,0,0,0.2,0,0,0.2,0.3,0,0
2011-01-23T00:00:00Z,1,1.4,1.6,2,1.8,0.8,1,1.2,0.6
2011-01-24T00:00:00Z,0.4,0.2,0.2,0.1,0.2,0,0.4,0.2,0.4
2011-01-25T00:00:00Z,3,3.6,2.8,2.6,4.4,5,4.4,2.6,5.6
2011-01-26T00:00:00Z,0,0,0,0,0,0,0,0,0
2011-01-27T00:00:00Z,0,0.2,0,0,0,0,0,0,0
2011-01-28T00:00:00Z,0,0,0,0,0,0,0,0,0
2011-01-29T00:00:00Z,0,0,0,0,0,0,0,0,0
2011-01-30T00:00:00Z,0,0,0,0,0,0,0,0,0
2011-01-31T00:00:00Z,0,0,0,0,0,0,0,0,0
2011-02-01T00:00:00Z,0,0,0,0.1,0,0,0,0,0
2011-02-02T00:00:00Z,0.2,0.2,0.4,0.1,1.2,0.4,0,0.6,0.2
2011-02-03T00:00:00Z,1,0.8,2.8,0.9,9.4,1.4,3.3,7,2.2
2011-02-04T00:00:00Z,0,0,0,0.1,0,0,0,0,0
2011-02-05T00:00:00Z,0,0,0,0,0,0,0,0,0
2011-02-06T00:00:00Z,0,0,0,0,0,0,0,0,0
2011-02-07T00:00:00Z,0,0,0,0,0,0,0,0,0
2011-02-08T00:00:00Z,0,0,0,0,0,0,0,0,0
2011-02-09T00:00:00Z,0,0,0,0,0,0,0,0,0
2011-02-10T00:00:00Z,0,0,0,0,0,0,0,0.2,4.3
2011-02-11T00:00:00Z,4.4,3.2,1.2,2.3,1.6,3.8,1.9,1.2,11.4
2011-02-12T00:00:00Z,0.4,0.2,0.2,0.2,0.4,0.6,0.4,1,2.6
2011-02-13T00:00:00Z,2.8,2.6,3.4,3.2,6,2.6,2.7,3.4,4.4
2011-02-14T00:00:00Z,5.2,5,2.6,4.1,2.8,3.8,2,2.4,2.5
2011-02-15T00:00:00Z,2.2,1.8,0.8,1,1.2,2.4,1.4,1.2,2.3
2011-02-16T00:00:00Z,0.2,0.2,0,0.1,0,0,0,0,0
2011-02-17T00:00:00Z,0,0,0,0,0.2,0,0,0.2,0
2011-02-18T00:00:00Z,0,0,0,0,0,0,0,0,0
2011-02-19T00:00:00Z,0,0,0,0,0,0,0,0,0
2011-02-20T00:00:00Z,1,0.4,0,0,0,0,0.1,0,0
2011-02-21T00:00:00Z,0,0,0,0,0,0,0.4,0,0
2011-02-22T00:00:00Z,0,0,0,0,0,0,0,0,0
2011-02-23T00:00:00Z,0,0,0,0,0,0,0,0,0
2011-02-24T00:00:00Z,3.2,2.8,1.4,1.9,2.6,3,0.7,0.6,1.6
2011-02-25T00:00:00Z,0,0,0.4,0.4,0,0.2,0,0.2,0.2
2011-02-26T00:00:00Z,5.2,4,2.4,2.8,3,3,2.2,3.6,4.5
2011-02-27T00:00:00Z,0.2,0.2,1.2,0.2,1.8,1,2.4,2.8,5.5
2011-02-28T00:00:00Z,0,0,0,0,0,0,0.1,0,0.1
2011-03-01T00:00:00Z,0,0,0,0,0,0,0,0,0
2011-03-02T00:00:00Z,0,0,0,0,0,0,0,0,0
2011-03-03T00:00:00Z,0,0,0,0,0,0,0,0,0
2011-03-04T00:00:00Z,0,0,0,0,0,0,0,0,0
2011-03-05T00:00:00Z,0,0,0,0,0,0,0,0,0
2011-03-06T00:00:00Z,0,0,0,0,0,0,0,0,0
2011-03-07T00:00:00Z,0,0,0,0,0,0,0,0,0
2011-03-08T00:00:00Z,0,0,0,0,0,0,0,0,0
2011-03-09T00:00:00Z,0.2,0,0,0,0,0,0,0,0
2011-03-10T00:00:00Z,0,0,0,0,0,0,0,0,0
2011-03-11T00:00:00Z,0,0,0,0,0,0,0,0,0.1
2011-03-12T00:00:00Z,0,0,0,0,0,0,0,0,0
2011-03-13T00:00:00Z,0.2,0.8,1.6,0.7,1.6,0.8,2.2,1.2,3
2011-03-14T00:00:00Z,1.8,1.6,1.6,1.3,2.4,1.6,0.8,1.2,1.9
2011-03-15T00:00:00Z,0,0,0,0,0,0,0,0,0
2011-03-16T00:00:00Z,0,0,0,0,0,0,0,0,0
2011-03-17T00:00:00Z,0,0,0,0,0,0,0.1,0,0
2011-03-18T00:00:00Z,2,1.6,1.6,1.7,1.6,1.6,1.7,1.4,1.5
2011-03-19T00:00:00Z,5.2,5.4,4.2,6.3,8,7.2,6.8,5.4,6.2
2011-03-20T00:00:00Z,0,0,0,0,0,0,0,0,0
2011-03-21T00:00:00Z,0,0,0,0,0,0,0,0,0
2011-03-22T00:00:00Z,0,0,0,0,0,0,0,0,0
2011-03-23T00:00:00Z,0,0,0,0,0,0,0,0,0
2011-03-24T00:00:00Z,0,0,0,0,0,0,0,0,0
2011-03-25T00:00:00Z,0,0,0,0,0,0,0,0,0
2011-03-26T00:00:00Z,0,0,0,0,0,0,0,0,0
2011-03-27T00:00:00Z,0,0,0,0,0,0,0,0,0
2011-03-28T00:00:00Z,0,0,0,0,0,0,0,0,0
2011-03-29T00:00:00Z,0,0,0,0,0,0,0,0,0
2011-03-30T00:00:00Z,1.8,0.8,0.6,0.4,0.2,0,2,0,0.2
2011-03-31T00:00:00Z,1.2,1.4,1.4,1.3,2.4,1.2,2.8,2.8,10.5
2011-04-01T00:00:00Z,0,0.2,0,0,0,0,0.1,0,0.3
2011-04-02T00:00:00Z,0,0,0.2,0.1,0,0,0,0,0
2011-04-03T00:00:00Z,6.2,6.4,5.2,5.5,4.8,5.4,6.4,6.2,5.6
2011-04-04T00:00:00Z,3.2,3.4,3,3.5,2.8,2.6,2.6,2.8,3
2011-04-05T00:00:00Z,1.4,1.6,2.2,2.1,1,1.2,2.1,0.6,0.8
2011-04-06T00:00:00Z,0,0,0,0,0,0,0,0,0
2011-04-07T00:00:00Z,0,0,0,0,0,0,0,0,0
2011-04-08T00:00:00Z,0,0,0,0,0,0,0,0,0
2011-04-09T00:00:00Z,0,0,0,0,0,0,0,0,0
2011-04-10T00:00:00Z,0,0,0,0,0,0,0,0,0
2011-04-11T00:00:00Z,0,0,0,0,0,0,0,0,0
2011-04-12T00:00:00Z,1.6,1.8,2.2,1.7,2.6,5.4,6.8,3.8,5.4
2011-04-13T00:00:00Z,0,0,0,0,0,0,0,0,0
2011-04-14T00:00:00Z,0,0,0,0,0,0,0,0,0
2011-04-15T00:00:00Z,0,0,0,0,0,0,0,0,0
2011-04-16T00:00:00Z,0,0,0,0,0,0,0,0,0
2011-04-17T00:00:00Z,0,0,0,0,0,0,0,0,0
2011-04-18T00:00:00Z,0,0,0,0,0,0,0,0,0
2011-04-19T00:00:00Z,0,0,0,0,0,0,0,0,0
2011-04-20T00:00:00Z,0,0,0,0,0,0,0,0,0
2011-04-21T00:00:00Z,0,0,0,0,0,0,0,0,0
2011-04-22T00:00:00Z,0,0,0.8,0.8,5,0,0,0.2,0
2011-04-23T00:00:00Z,0,0,0,0,0.4,0,0,0.2,1.2
2011-04-24T00:00:00Z,1.6,1.6,0,0,0,0,0,0,0
2011-04-25T00:00:00Z,0,0,0,0,0,0,0,0,0
2011-04-26T00:00:00Z,0,0,0,0,0,0,0,0.2,0.6
2011-04-27T00:00:00Z,0,0.2,1.6,0.5,2.8,2.2,2.6,6,6.6
2011-04-28T00:00:00Z,1.2,1.2,0.8,1.2,1.6,1.4,0.9,1.4,0.5
2011-04-29T00:00:00Z,1.2,0,0,0,4.2,0.6,0,1,0.1
2011-04-30T00:00:00Z,0.2,0,0,0,0.4,0,0.2,0,0
2011-05-01T00:00:00Z,0,0,0,0,0,0,0,0,0
2011-05-02T00:00:00Z,0,0,0,0,0,0,0,0,0
2011-05-03T00:00:00Z,0.4,0,0,0,0,0,0,0,0
2011-05-04T00:00:00Z,0,0,0,0,0,0,0,0,0
2011-05-05T00:00:00Z,0,0,0,0,0,0,0,0,0
2011-05-06T00:00:00Z,0,0,0,0,0,0,0,0,0
2011-05-07T00:00:00Z,0,0,0,0,0,0,0,0,0
2011-05-08T00:00:00Z,0,0,0,0,0,0,0,0,0
2011-05-09T00:00:00Z,0,0,0,0,0,0,0,0,0
2011-05-10T00:00:00Z,4.4,2.4,3,3.7,1.6,2.4,2.7,1.8,0.3
2011-05-11T00:00:00Z,0.2,0,0.2,0.1,0,0,0.3,0.6,0.1
2011-05-12T00:00:00Z,0,0,0,0,0,0,0,0,0
2011-05-13T00:00:00Z,0,0,0,0,0,0,0,0,0
2011-05-14T00:00:00Z,0.4,0.2,5.2,3.5,0,0.2,3.4,0.4,0.6
2011-05-15T00:00:00Z,2.2,2.2,1,0.7,2.8,2.4,2.9,4.2,4.9
2011-05-16T00:00:00Z,0,0,0.2,0.4,0,0.2,0.1,0.2,0.3
2011-05-17T00:00:00Z,0.2,0.2,0.2,0.3,0.2,0.2,0.3,0,0.1
2011-05-18T00:00:00Z,0,0,0,0,0,0,0,0,0
2011-05-19T00:00:00Z,0,0.4,0,0.7,2.2,0,0,0,0
2011-05-20T00:00:00Z,5.4,1.6,4.6,6.5,2.6,15,5.1,1.4,7.9
2011-05-21T00:00:00Z,0,0,0,0,0,0.2,0,0,0
2011-05-22T00:00:00Z,0.2,0,0,1.4,8.2,3.2,1.5,1.4,0.4
2011-05-23T00:00:00Z,0,0,0,0,0,0,0,0,0
2011-05-24T00:00:00Z,0,0,0,0,0,0,0,0,0
2011-05-25T00:00:00Z,0,0,0,0,0,0,0,0,0
2011-05-26T00:00:00Z,0,0,0,0,0,0,0,0,0
2011-05-27T00:00:00Z,0,0,0,0,0,0,0.4,0,0
2011-05-28T00:00:00Z,0,0,0,0,0,0,0,0,0
2011-05-29T00:00:00Z,0,0,0,0,0,0,0,0,0
2011-05-30T00:00:00Z,0,0,0,0,0,0,0,0,0
2011-05-31T00:00:00Z,11,10.2,11.6,13.1,13.4,11.6,18.6,12.6,14.9
2011-06-01T00:00:00Z,0,0,0,0,0,0,0,0,0
2011-06-02T00:00:00Z,0,0,0,0,0,0,0,0,0
2011-06-03T00:00:00Z,0,0,0,0,0,0,0,0,0
2011-06-04T00:00:00Z,8.4,4.4,3.8,3.7,9.2,15.4,1.3,3,9.8
2011-06-05T00:00:00Z,16.2,7,4.4,3.9,42,4.4,14.1,5.8,5.2
2011-06-06T00:00:00Z,6.2,3.8,3,2,3.2,3,6.6,1.2,0.4
2011-06-07T00:00:00Z,21.6,5.6,3.4,2.4,1.2,3.4,3.7,4,0
2011-06-08T00:00:00Z,18.4,13.6,18.2,17.3,20,18.2,19.6,27.4,33.5
2011-06-09T00:00:00Z,1.4,2.6,0.4,0.6,0.4,0.4,0,0,0
2011-06-10T00:00:00Z,1.6,0.8,1.8,1.9,1.8,1.8,1.8,1.4,4
2011-06-11T00:00:00Z,0.2,0.2,0.6,0,0.4,0.6,0.7,0.2,1.4
2011-06-12T00:00:00Z,0,0,0,0,0,0,0,0,0
2011-06-13T00:00:00Z,0.4,0.4,0,0.2,0,0,0.4,0,0
2011-06-14T00:00:00Z,0.4,0.6,1.2,1.2,0.6,1.2,0.1,0.2,2.4
2011-06-15T00:00:00Z,0,0,0,0,0,0,0,0,0
2011-06-16T00:00:00Z,0,0,0,0.2,0,0,7.7,2.2,1.5
2011-06-17T00:00:00Z,3.4,2.6,0.6,2.3,0.8,0.6,2.3,4.4,1.4
2011-06-18T00:00:00Z,2.2,0.8,1.4,0.8,0.6,1.4,4.2,1,8.9
2011-06-19T00:00:00Z,0.8,1.2,0.4,0.5,0.6,0.4,0,0.6,3
2011-06-20T00:00:00Z,5.6,3.2,2,2.3,4.8,2,3,4.2,10.2
2011-06-21T00:00:00Z,3.4,2.6,2,1.3,1.6,2,2.7,1.4,8.2
2011-06-22T00:00:00Z,15.8,12.4,18.8,11.6,20.2,18.8,9.1,24,33.4
2011-06-23T00:00:00Z,0.8,0.4,0.4,0,0,0.4,1.4,0.6,4.6
2011-06-24T00:00:00Z,15.2,15.8,7,1.9,0,7,11.2,0.4,3.7
2011-06-25T00:00:00Z,0.4,0.4,0.8,0.6,1.2,0.8,0.8,1.4,2.1
2011-06-26T00:00:00Z,0,0,0,0,0,0,0,0,0
2011-06-27T00:00:00Z,0,0,0,0,0,0,0.2,0,0
2011-06-28T00:00:00Z,0,0,0,0,0,0,0,0,0.1
2011-06-29T00:00:00Z,3.8,3.8,1.2,1,0,1.2,3.5,0,0
2011-06-30T00:00:00Z,3,4.2,1,1.1,1.2,1,1.4,0.6,0.9
2011-07-01T00:00:00Z,4.6,4.2,0.6,0.5,2.4,0.6,3.1,1.2,2.4
2011-07-02T00:00:00Z,0,0,0,0,0,0,0,0,0
2011-07-03T00:00:00Z,0,0,0,0,0,0,0,0,0
2011-07-04T00:00:00Z,0,0,0,0,0,0,0,0,0
2011-07-05T00:00:00Z,0,0,0,0,0,0,0,0,0
2011-07-06T00:00:00Z,0,0,0,0.1,0,0.4,0,0,0.1
2011-07-07T00:00:00Z,0,0,0,0.1,0,0,0.3,0,0
2011-07-08T00:00:00Z,0,0.6,0,0.5,0.8,0,0.7,0.4,2.1
2011-07-09T00:00:00Z,0,0,0,0,0,0,0,0,0
2011-07-10T00:00:00Z,0.6,0.4,0.2,0.8,0.2,1.6,1.6,0,0.3
2011-07-11T00:00:00Z,0,0,0,0,0,0,0.1,0,0
2011-07-12T00:00:00Z,3.8,2.6,2,3.9,2.6,2.8,6.2,2.6,1.8
2011-07-13T00:00:00Z,1,1,1,0.7,1,1,2,1.2,2.3
2011-07-14T00:00:00Z,0,0,0,0.1,0,0,0.1,0,0
2011-07-15T00:00:00Z,0,0,0,0,0,0,0.1,0,0
2011-07-16T00:00:00Z,4,2.2,0.6,1.4,0.2,1,1.2,0.4,0.6
2011-07-17T00:00:00Z,10.8,9.8,7.2,11.3,7.6,12.4,11.1,10.2,14.2
2011-07-18T00:00:00Z,3,2.2,0.4,0.4,0.8,1,0.1,0.8,0.4
2011-07-19T00:00:00Z,0.6,0.2,0,0.5,1.4,0.4,0.9,0,0
2011-07-20T00:00:00Z,3,4.2,4.4,6.3,2.4,2.2,15.1,3,0
2011-07-21T00:00:00Z,0.4,0.2,2.6,5.4,13,1.2,0.2,3,2.3
2011-07-22T00:00:00Z,0,0,0,0,0,0,0,0,0
2011-07-23T00:00:00Z,0.8,0,1.2,0.4,0.8,0,7.6,0.4,0.3
2011-07-24T00:00:00Z,4.6,4.8,4.8,3.7,8,3.8,7.4,7.2,9.7
2011-07-25T00:00:00Z,0,0,0,0,0,0,0.1,0,0.5
2011-07-26T00:00:00Z,4.6,3,4.2,4.5,3.2,0.4,10.1,11.2,14.3
2011-07-27T00:00:00Z,5.6,3,2.8,2.7,2.4,6,0.6,0.8,2.1
2011-07-28T00:00:00Z,4,3,1.6,1.2,0.2,0.8,3.5,0,0.1
2011-07-29T00:00:00Z,0,0,0,0,0,0,0,0,0
2011-07-30T00:00:00Z,0,0,0,0,0.6,0,0.3,0.4,1.1
2011-07-31T00:00:00Z,0,0,0,0,0,0,0.1,0,0
2011-08-01T00:00:00Z,0,0,0,0,0,0,0,0,0
2011-08-02T00:00:00Z,0,0,0,0,0,0,0,0,0
2011-08-03T00:00:00Z,12.4,12.4,7.4,7.4,7.2,11.2,14.2,6.6,9.2
2011-08-04T00:00:00Z,0,0.2,0.2,0.3,1,1,0.4,0.6,1.6
2011-08-05T00:00:00Z,0,0,0.4,1.5,2.8,0.6,0.1,1.8,2.9
2011-08-06T00:00:00Z,37.6,27.2,29,26.3,29.4,26,30,28.2,26.3
2011-08-07T00:00:00Z,1,0.6,0.4,1.8,0.4,0.8,1,1,1.5
2011-08-08T00:00:00Z,9.4,9,8,8.3,8.4,8.6,16.6,7.6,7.7
2011-08-09T00:00:00Z,4.8,3,4,4.4,7.4,5,11.7,3.2,6.9
2011-08-10T00:00:00Z,0,0,0,0,0,0,0,0,0
2011-08-11T00:00:00Z,0,0,0,0,0,0,0,0,0
2011-08-12T00:00:00Z,5.6,1.8,0.4,0.3,3.2,1,3.6,4.6,3.3
2011-08-13T00:00:00Z,3,2,3,3.3,2.6,4.4,4.3,0.4,0.1
2011-08-14T00:00:00Z,1.4,1,1,0.8,3.6,4.6,0.6,3.2,4.6
2011-08-15T00:00:00Z,0,0,0,0,0,0,0,0,0
2011-08-16T00:00:00Z,0,0,0,0,0.2,0,0,0,0.1
2011-08-17T00:00:00Z,0,0,0,0,0,0,0,0,0
2011-08-18T00:00:00Z,0,0,0,0,0,0,0,0.2,0
2011-08-19T00:00:00Z,8.6,12.4,14.4,9.5,14,6.2,9.2,10.4,11.3
2011-08-20T00:00:00Z,0,0,0,0,0,0,0,0,0
2011-08-21T00:00:00Z,2.8,2.2,2.4,2,2.2,0.8,3.6,2,3
2011-08-22T00:00:00Z,0,0,0,0,0,0,0.4,0,0.1
2011-08-23T00:00:00Z,0,0,0,0,0,0,0,0,0
2011-08-24T00:00:00Z,0.6,0.2,1.4,0.8,0.2,0.6,5.1,1.8,1.4
2011-08-25T00:00:00Z,0,0,0,0,0.2,10,0.7,0.2,0.5
2011-08-26T00:00:00Z,20,17.4,9.2,12.6,21.2,19.8,18,20.6,23.2
2011-08-27T00:00:00Z,6.2,5.2,4.2,5.5,8.6,9.8,11.8,9.6,17.9
2011-08-28T00:00:00Z,0,0,0,0,0,0,0.1,0,0
2011-08-29T00:00:00Z,0,0,0,0,0,0,0,0,0
2011-08-30T00:00:00Z,0,0,0,0,0,0,0,0,0
2011-08-31T00:00:00Z,0,0,0,0,0,0,0,0,0
2011-09-01T00:00:00Z,0,0,0,0,0,0,0,0,0
2011-09-02T00:00:00Z,0,0,0,0.5,0.4,0.4,0.1,0.6,2.1
2011-09-03T00:00:00Z,0,0,0,0,0.2,0,0.1,0,0
2011-09-04T00:00:00Z,0,0,0,0,0.4,0.2,2.5,0,0.1
2011-09-05T00:00:00Z,0,0,0,0,0,0,0,0,0
2011-09-06T00:00:00Z,0,0,0,0,0,0,0,0,0
2011-09-07T00:00:00Z,5.2,5.2,2.2,4.9,2.4,3.2,4.9,2.2,6.4
2011-09-08T00:00:00Z,0,0,0,0,0,0,0,0.4,5.5
2011-09-09T00:00:00Z,1,1,3.2,2.2,8.4,2.2,0.8,0.4,1.4
2011-09-10T00:00:00Z,0,0,0.2,0.1,0,0,0.1,0,0
2011-09-11T00:00:00Z,14,14,26.4,14.8,20.8,14.4,22.3,19.8,17.9
2011-09-12T00:00:00Z,0,0,0,0.1,0,0,0.2,0,0.2
2011-09-13T00:00:00Z,0,0,0.2,0.4,0.4,0,0.5,0,0.7
2011-09-14T00:00:00Z,0,0,0,0,0,0,0,0,0
2011-09-15T00:00:00Z,0,0.4,0,0,0,0,0,0,0
2011-09-16T00:00:00Z,0,0,0.2,0.3,0.4,0,0,0,0.2
2011-09-17T00:00:00Z,0,0,0,0.1,0,0,0,0,0
2011-09-18T00:00:00Z,4.6,4.6,4.8,3,3.8,1.4,4.4,2.8,8.8
2011-09-19T00:00:00Z,0.2,0.2,0,1.3,0,0,0.6,0,0.3
2011-09-20T00:00:00Z,0,0,0,0,0,0,0,0,0
2011-09-21T00:00:00Z,0,0,0,0,0,0,0,0,0
2011-09-22T00:00:00Z,0,0,0,0,0,0,0,0,0
2011-09-23T00:00:00Z,0,0,0,0,0,0,0,0,0
2011-09-24T00:00:00Z,0,0,0,0,0,0,0,0,0
2011-09-25T00:00:00Z,0,0,0,0,0,0,0,0,0
2011-09-26T00:00:00Z,0,0,0,0,0,0,0,0,0
2011-09-27T00:00:00Z,0,0,0,0,0,0,0,0,0.2
2011-09-28T00:00:00Z,0,0,0,0,0,0,0,0,0
2011-09-29T00:00:00Z,0,0,0,0,0.2,0,0,0.2,0
2011-09-30T00:00:00Z,0,0,0,0,0,0,0,0,0
2011-10-01T00:00:00Z,0,0,0,0,0,0,0,0,0
2011-10-02T00:00:00Z,0,0,0,0,0,0,0,0,0
2011-10-03T00:00:00Z,0,0,0,0,0,0,0,0,0
2011-10-04T00:00:00Z,0,0,0,0,0,0,0,0,0
2011-10-05T00:00:00Z,0,0,0,0,0,0.2,0,0.4,0.8
2011-10-06T00:00:00Z,6.4,5.4,5.4,7,8.8,3.4,8.4,6.2,8
2011-10-07T00:00:00Z,1.4,1.8,1.6,1.7,2.2,2.2,1.7,1.8,5.7
2011-10-08T00:00:00Z,4.8,3.4,5.2,7.4,3,7.6,7.1,4.4,1.1
2011-10-09T00:00:00Z,2.6,2.4,2.4,2.3,3.8,2.2,2.9,4.2,5
2011-10-10T00:00:00Z,0,0,0,0,0.2,0.2,0.2,0.4,3.1
2011-10-11T00:00:00Z,0,0,0,0,0,0,0,0,0.5
2011-10-12T00:00:00Z,0.6,0.8,1.8,1.6,2.2,1.6,3.3,3,3.9
2011-10-13T00:00:00Z,0.2,0.6,0,0.1,0,0.8,0.7,0,0
2011-10-14T00:00:00Z,0,0,0,0,0,0,0,0,0
2011-10-15T00:00:00Z,0,0,0,0,0,0,0,0,0
2011-10-16T00:00:00Z,0,0,0,0,0,0,0,0,0
2011-10-17T00:00:00Z,0,0,0,0,0,0,0,0,0
2011-10-18T00:00:00Z,2.8,3,4.4,3.2,6,1.2,6.3,4.2,4.8
2011-10-19T00:00:00Z,0.6,0.2,0,0.1,1.2,0.2,0.9,0.4,0.4
2011-10-20T00:00:00Z,4.6,2,0,1,0.2,1,0,0,1.1
2011-10-21T00:00:00Z,0,0,0,0,0.2,0,0,0.2,0
2011-10-22T00:00:00Z,0,0,0,0,0,0,0,0,0
2011-10-23T00:00:00Z,0,0,0,0,0,0,0,0,0
2011-10-24T00:00:00Z,0,0,0.2,0.1,0,0.2,0.4,0,0
2011-10-25T00:00:00Z,0.4,0.8,1.6,1.7,0.8,0.8,0.5,0.2,0.2
2011-10-26T00:00:00Z,0,0,0,0,0,0,0,0,0
2011-10-27T00:00:00Z,0,0,0,0,0,0,0,0,0
2011-10-28T00:00:00Z,0,0,0,0,0.2,0,0,0.2,0
2011-10-29T00:00:00Z,0,0,0,0,0,0.2,0,0,0
2011-10-30T00:00:00Z,0.6,0.4,1.6,2,2.2,2,1.1,2.2,2.2
2011-10-31T00:00:00Z,0,0,0,0,0,0,0,0,0
NA,NA,NA,NA,NA,NA,NA,NA,NA,NA
2016-01-01T00:00:00Z,0.2,0,0,0,0,0,0.2,0,0.2
2016-01-02T00:00:00Z,3.2,2.4,1.8,2.2,2.2,3,2.5,2.5,3.4
2016-01-03T00:00:00Z,2,1.5,0.3,0.9,0.2,3.6,0.9,0,2.4
2016-01-04T00:00:00Z,4.2,3.7,2.7,3.7,3,6.2,2.7,2.7,8
2016-01-05T00:00:00Z,3.4,2.6,0.7,0.6,0.6,0,0.9,2.3,2.5
2016-01-06T00:00:00Z,1.2,1.6,0.5,0.1,0.6,0,2.2,1.5,1.5
2016-01-07T00:00:00Z,6.2,6,3.3,6.2,4.6,6.8,3.2,1,3.5
2016-01-08T00:00:00Z,0,0.1,0,0,0,0,0,0,0
2016-01-09T00:00:00Z,0,0,0,0,0,0,0.2,0,0.2
2016-01-10T00:00:00Z,5.6,4.1,3.6,2.9,2.6,2.6,4.6,2.3,2.5
2016-01-11T00:00:00Z,7.8,4.8,3.2,4.3,2.4,4.6,5,1.8,2.3
2016-01-12T00:00:00Z,5.4,3.3,4,1.7,1.4,1.8,2.8,0.3,2.2
2016-01-13T00:00:00Z,5.4,3.9,2.9,3.6,6,6.8,2.2,5,8.3
2016-01-14T00:00:00Z,2,2.3,1.5,1.7,1,1.4,1.2,0.7,1.8
2016-01-15T00:00:00Z,1.6,2,0.8,0.8,2.4,1.2,1.3,1.7,3.4
2016-01-16T00:00:00Z,0.4,0.4,0.5,0.2,1.2,1.6,1,1.2,1.1
2016-01-17T00:00:00Z,1,1.3,0.3,0.4,0.2,0.6,1.8,1,1.5
2016-01-18T00:00:00Z,0.2,0,0,0,0,0,0,0,0
2016-01-19T00:00:00Z,0,0,0,0,0,0,0,0,0
2016-01-20T00:00:00Z,0,0.2,0,0,0,0,0,0.9,0.1
2016-01-21T00:00:00Z,0,0,0,0,1.2,0.2,0.1,0.1,0
2016-01-22T00:00:00Z,2.2,1.5,1.7,1.8,0.4,2.8,1,2,2.7
2016-01-23T00:00:00Z,0.4,0.5,0.7,0.7,0,1.4,1.6,2.4,2.6
2016-01-24T00:00:00Z,0,0.3,0.1,0,0.2,0,0.4,1,1.8
2016-01-25T00:00:00Z,0.2,0.2,0.1,0,0.2,0,0.1,0.1,0.3
2016-01-26T00:00:00Z,0,0,0,0,0,0,0,0,0
2016-01-27T00:00:00Z,0,0,0,0,0,0,0,0,0
2016-01-28T00:00:00Z,2.2,2.2,1.7,1.4,3,1.8,4.1,1.7,3.3
2016-01-29T00:00:00Z,0,0,0,0,0,0,0,0,0.1
2016-01-30T00:00:00Z,12.2,12.2,6.1,7.3,2.8,7.4,8.2,3.8,2.9
2016-01-31T00:00:00Z,0.2,0.2,0.2,0.3,0,0.8,0.7,1.3,6.7
2016-02-01T00:00:00Z,0,0,0,0.2,0.2,0.2,0.1,1.1,5.2
2016-02-02T00:00:00Z,4,4,2.5,2.4,2.4,3.6,3.7,4.1,5.8
2016-02-03T00:00:00Z,0.8,0.8,1.3,0.9,1.2,0.8,3.1,1.2,1.2
2016-02-04T00:00:00Z,3.8,3.8,2.5,2.5,5.4,3.6,3.5,4.5,10.8
2016-02-05T00:00:00Z,0,0,0,0.1,0.2,0,0.2,0,2
2016-02-06T00:00:00Z,0,0,0,0,0,0,0,0,0
2016-02-07T00:00:00Z,0.4,0.4,0.1,0,0,0.6,0,0,0
2016-02-08T00:00:00Z,15.8,15.8,10.7,11.8,9.6,15.6,6.1,12.2,10.1
2016-02-09T00:00:00Z,19.2,19.2,13.3,10.9,8.8,9.8,11,5.3,3.5
2016-02-10T00:00:00Z,1.6,1.6,0.2,0.2,0,1.6,0.3,1.3,6.6
2016-02-11T00:00:00Z,0,0,0.4,0.3,0,1.4,0,1.7,1.7
2016-02-12T00:00:00Z,0,0,0,0,0,0,0,0,0
2016-02-13T00:00:00Z,5.2,3.9,2.1,3.9,2.6,6.4,1.5,2.1,2.1
2016-02-14T00:00:00Z,2,1.2,0.6,0.9,2.2,1,2.3,2.1,5
2016-02-15T00:00:00Z,0.8,0.9,1.6,1.1,1.4,1,3.9,1.3,1.5
2016-02-16T00:00:00Z,0,0,0,0,0,0,0,0,0
2016-02-17T00:00:00Z,0,0,0,0,0,0,0,0,0
2016-02-18T00:00:00Z,0,0,0,0,0,0,0,0,0.2
2016-02-19T00:00:00Z,0.2,0.5,1.1,0.9,0.8,1.2,0.7,1,1.1
2016-02-20T00:00:00Z,8.4,6.5,3.3,3.6,2.6,3.8,4,4.3,27.8
2016-02-21T00:00:00Z,1.2,2.9,1.1,0.6,0.4,0.2,2.1,0,0.8
2016-02-22T00:00:00Z,7,5.9,9,7.6,9.4,6.6,10.2,7.2,5.8
2016-02-23T00:00:00Z,15.6,13.3,11.4,10.2,11.4,9,11.4,8.3,9.3
2016-02-24T00:00:00Z,0,0,0,0,0,0.2,0,0,0.8
2016-02-25T00:00:00Z,0,0,0,0,0,0,0,0,0.5
2016-02-26T00:00:00Z,0,0,0,0,0,0,0,0,0.1
2016-02-27T00:00:00Z,0,0,0,0,0,0,0,0,0
2016-02-28T00:00:00Z,0,0,0,0,0,0,0,0,0
2016-02-29T00:00:00Z,0,0,0,0,0,0,0,0,0
2016-03-01T00:00:00Z,0,1.1,0.7,0.8,1.6,1.4,1.2,1.7,7.3
2016-03-02T00:00:00Z,4.2,2.2,2.9,0.8,1,1.4,5.1,0.5,1.2
2016-03-03T00:00:00Z,2,1,1.2,0.5,2,1.4,0.7,0.5,0.7
2016-03-04T00:00:00Z,14.2,9.3,5.8,8.5,6.2,11,3.8,4.1,5.9
2016-03-05T00:00:00Z,3.4,3.2,2.7,2.6,2.8,2.8,3.1,2.6,2.6
2016-03-06T00:00:00Z,2,2.3,2.8,1.4,7.6,3.8,2.2,8.7,4.5
2016-03-07T00:00:00Z,3.2,2.3,1.2,1.4,0.4,1.2,3.4,3.4,1.9
2016-03-08T00:00:00Z,0.6,0.7,0,0,0,0,0,0,0
2016-03-09T00:00:00Z,0.2,0,0,0,0,0,0,0,0
2016-03-10T00:00:00Z,0,0,0,0,0,0,0,0,0
2016-03-11T00:00:00Z,0,0,0,0,0,0,0,0,0
2016-03-12T00:00:00Z,0,0,0,0,0,0,0,0,0
2016-03-13T00:00:00Z,0,0,0,0,0,0,0,0,0
2016-03-14T00:00:00Z,0,0,0,0,0,0,0,0,0
2016-03-15T00:00:00Z,0,0,0.2,0,0,0,0.2,0,0
2016-03-16T00:00:00Z,0,0.2,0,0,0.2,0,0,0,0.1
2016-03-17T00:00:00Z,0,0,0,0,0,0,0,0,0
2016-03-18T00:00:00Z,0,0,0,0,0,0,0,0,0
2016-03-19T00:00:00Z,0,0,0,0,0,0,0,0,0
2016-03-20T00:00:00Z,0,0.1,0.3,0.2,0,0,0,0.1,0
2016-03-21T00:00:00Z,0.1,0.2,1.5,1,0.9,0.4,1.4,0.1,0.3
2016-03-22T00:00:00Z,0,0,0,0,0,0,0,0.1,0
2016-03-23T00:00:00Z,0.9,0.4,1,0.8,0.3,0.2,2.3,0.1,0.2
2016-03-24T00:00:00Z,0,0.2,0.2,0,0.7,0.2,0.1,0.2,0.2
2016-03-25T00:00:00Z,5.6,4.8,5,3.8,7.3,4.8,6.7,6,8.4
2016-03-26T00:00:00Z,0,0.2,0,0,0,0,0,0,0
2016-03-27T00:00:00Z,2.3,2,1.5,1.6,1.7,2.4,1.2,1.6,2.4
2016-03-28T00:00:00Z,10,8,8.1,6.2,6.9,6.2,5.8,4.4,3.9
2016-03-29T00:00:00Z,0.4,2.9,0.1,0.2,0.1,1,0.1,0,0.1
2016-03-30T00:00:00Z,1.7,2.6,2.8,3.6,2.3,2.4,2.3,2.5,2.7
2016-03-31T00:00:00Z,12.4,13.7,12.4,11.6,13.9,NA,16.2,14.3,12.4
2016-04-01T00:00:00Z,3.4,4.4,7.2,3.8,6.7,5.3,9.1,4.3,5
2016-04-02T00:00:00Z,0,0,0,0,0,0,0,0,0
2016-04-03T00:00:00Z,1.7,2.4,0.9,1.1,0.3,0.8,1.3,0.3,0.1
2016-04-04T00:00:00Z,0.3,0.6,0.4,0.4,0.6,0.2,0.2,0.3,0.3
2016-04-05T00:00:00Z,2.3,2.8,4,3.6,6,0.9,3.9,5.8,4.5
2016-04-06T00:00:00Z,0,1.2,0,0,0.1,0.1,0.1,0.5,1
2016-04-07T00:00:00Z,0,1.2,0.7,1.8,1.2,0.4,1.5,2,0.2
2016-04-08T00:00:00Z,0,0,0,0,0,0,0,0,0
2016-04-09T00:00:00Z,0,0,0,0,0,0,0,0,0
2016-04-10T00:00:00Z,0,0,0,0,0,0,0,0,0
2016-04-11T00:00:00Z,0,0,0,0,0,0,0,0,0
2016-04-12T00:00:00Z,3.1,0.9,2.3,0.7,6.6,1.3,6.6,5.1,2.1
2016-04-13T00:00:00Z,3.4,2.2,1.7,0.8,1.3,0,2,2.3,2.2
2016-04-14T00:00:00Z,0,0,0,0,0.1,0,0.4,0,0
2016-04-15T00:00:00Z,0.4,2,0.3,0.3,0.3,1,0.2,1,1.1
2016-04-16T00:00:00Z,2.5,3.7,2.5,2.9,3.6,3.6,2.8,4.3,5.9
2016-04-17T00:00:00Z,2,1.8,2,1.5,2,1,2.9,1.5,0.9
2016-04-18T00:00:00Z,0,0,0,0,0,0,0,0,0
2016-04-19T00:00:00Z,0,0,0,2,0,0,0,0,0
2016-04-20T00:00:00Z,0,0,0,0,0,0,0,0,0
2016-04-21T00:00:00Z,0,0,0,0,0,0,0,0,0
2016-04-22T00:00:00Z,0,0,0,0,0,0,0,0,0
2016-04-23T00:00:00Z,6.5,5.7,7.1,3.6,4.3,5.6,8.6,3.8,2.2
2016-04-24T00:00:00Z,0.1,0.6,0.4,0,0.8,1.3,0.8,1,2.9
2016-04-25T00:00:00Z,7.3,5.2,3.7,3.1,4.3,7.2,5,3.3,3.4
2016-04-26T00:00:00Z,1.7,4.1,2.5,2,1.7,1.6,4.4,1,1.4
2016-04-27T00:00:00Z,0.6,1.5,0.3,0.2,0.1,0.5,0,0.1,2.3
2016-04-28T00:00:00Z,0,0.3,0.5,0,0.1,0,0,0,0
2016-04-29T00:00:00Z,0,0.4,0,0,0,0,0,0,0
2016-04-30T00:00:00Z,3.7,3.9,6.8,1.6,4.7,5.3,5.8,3,1
2016-05-01T00:00:00Z,12.7,10.5,12.3,6.4,11.9,14.5,10.8,3.5,6
2016-05-02T00:00:00Z,0,0,0,0,0,0,0.1,0,0
2016-05-03T00:00:00Z,2,2.5,5.5,2,1.9,2,3.9,3.8,1.1
2016-05-04T00:00:00Z,0,0,0,0,0,0,0,0,0
2016-05-05T00:00:00Z,0,0.2,0,0,0,0,0,0,0
2016-05-06T00:00:00Z,0,0,0,0,0,0,0,0,0
2016-05-07T00:00:00Z,0,0,0,0,0,0,0.1,0,0
2016-05-08T00:00:00Z,0,0,0,0,0,0,0,0,0
2016-05-09T00:00:00Z,0,0,0,0,0,0,0,0,0
2016-05-10T00:00:00Z,2.4,2,2.1,1.6,0.6,0.3,1.6,0.2,0.1
2016-05-11T00:00:00Z,0,0,0,0,0,0,0,0,0
2016-05-12T00:00:00Z,0.3,0.4,0.1,0,0,0,0,0,0
2016-05-13T00:00:00Z,2.7,3.5,9.4,8.5,20.8,12.9,7,10.1,7.6
2016-05-14T00:00:00Z,0,0,0,0,0,0,0,0,0
2016-05-15T00:00:00Z,0,0.2,0.1,0.1,1.1,0.2,0,0,0.1
2016-05-16T00:00:00Z,0,0,0.1,0,0,0.2,0,0,0
2016-05-17T00:00:00Z,0,0,0,0,0,0,0,0,0
2016-05-18T00:00:00Z,0.2,0.3,0.7,0.2,0,0.2,0.3,0.1,0.5
2016-05-19T00:00:00Z,0,0.1,0.4,0.3,0.4,0.1,0.1,0.4,0.2
2016-05-20T00:00:00Z,0,0.1,0,0,0,0,0,0.7,0.1
2016-05-21T00:00:00Z,0,0,0,0,0,0,0,0,0
2016-05-22T00:00:00Z,0,0.3,0.4,0.2,0.2,0.3,0.3,0.3,0.2
2016-05-23T00:00:00Z,0.4,0.3,0.1,0.1,0.2,0.4,0.9,0.8,1.4
2016-05-24T00:00:00Z,0.7,1,2.1,1.1,4.4,0.9,2.3,2.7,2.8
2016-05-25T00:00:00Z,0,0,0,0,0,0,0,0,0
2016-05-26T00:00:00Z,0.9,0.3,0.5,0.2,0.6,1.3,0.4,0.7,0.5
2016-05-27T00:00:00Z,28.7,27.2,45.3,32.7,34,25.3,13.3,16.2,12
2016-05-28T00:00:00Z,0.3,0.5,1.6,0.6,0.7,0.1,1.3,0.3,0
2016-05-29T00:00:00Z,3.5,2.5,11.3,7.6,11.6,7.5,13.5,5.4,0.3
2016-05-30T00:00:00Z,37.2,28.8,25.2,26.3,24.9,52.7,54,23.2,22
2016-05-31T00:00:00Z,0,0.3,0,0,0,0,0,0,0
2016-06-01T00:00:00Z,9.7,12.5,5.3,6.1,5.3,15.7,9.7,7.9,6.5
2016-06-02T00:00:00Z,13.4,15.4,23,8.4,19.9,16.2,22.6,16,2.7
2016-06-03T00:00:00Z,0.7,1.2,3.1,7.8,9,15.5,1.9,9.1,15.6
2016-06-04T00:00:00Z,10.7,10.4,0,14.3,2.1,13.5,13.5,1.8,3.1
2016-06-05T00:00:00Z,15.8,2.4,0.8,0,0.5,2.2,5.9,0.5,6.2
2016-06-06T00:00:00Z,0,0,0,0.5,0.9,0.1,3.7,4.2,1.3
2016-06-07T00:00:00Z,0,0.1,0,0,0,0,0,0,0
2016-06-08T00:00:00Z,7.9,3,3.2,0.7,0,3.9,0.9,0.4,1.1
2016-06-09T00:00:00Z,0,0.1,0,0,0,0,0,0,0
2016-06-10T00:00:00Z,0,0.1,0,0,0,0,0,0,0
2016-06-11T00:00:00Z,0.1,0.1,0,0,0,0,0.2,0,0
2016-06-12T00:00:00Z,9.9,4,6.1,4.5,11.5,2.6,25.4,3.8,4.5
2016-06-13T00:00:00Z,10.3,8.5,3.8,6.7,19.6,0.6,11.8,9.2,28.9
2016-06-14T00:00:00Z,6.8,3.4,1.2,0.5,0.8,0.1,2.2,1.9,3.5
2016-06-15T00:00:00Z,3,1.9,4,7.6,6.3,0.5,6.9,3.8,1.3
2016-06-16T00:00:00Z,8.2,13.1,14.9,8.4,21.9,0.5,2.7,12.5,7.8
2016-06-17T00:00:00Z,15.9,12.1,13.2,8.1,6.7,0.4,9.3,8.6,3.2
2016-06-18T00:00:00Z,0.2,0.3,0,0.2,0.2,0.2,0.4,0,0.9
2016-06-19T00:00:00Z,0,0,1.8,1,0.1,0,4.1,0.1,0.9
2016-06-20T00:00:00Z,4.2,3.4,2.8,2.1,4,0.2,4.6,2.6,8.3
2016-06-21T00:00:00Z,0.8,0.9,1.4,1.3,0.2,0.1,0.8,0.2,2.7
2016-06-22T00:00:00Z,0.2,0,0,0,0.2,0,0,0.1,0.8
2016-06-23T00:00:00Z,0,0.1,0,0,0,0,0,0,0
2016-06-24T00:00:00Z,4.4,3.6,2.1,7,3.2,0.4,5.2,5.6,2.4
2016-06-25T00:00:00Z,32.6,27,16.9,15.5,29.6,0.2,41.9,28.7,39.1
2016-06-26T00:00:00Z,2.7,1.9,2.3,0.7,0.2,0.1,0.3,0,0
2016-06-27T00:00:00Z,0.3,0,0.3,0.1,1.9,0,0.6,2.9,3.1
2016-06-28T00:00:00Z,0.1,0,0,0,0,0,0,0,0
2016-06-29T00:00:00Z,0,0.3,0,0,0,0,0.1,0,0
2016-06-30T00:00:00Z,0.1,0.1,0,0,0,0,0.3,0,0
2016-07-01T00:00:00Z,0,0,0,0,0,0,0,0,0.3
2016-07-02T00:00:00Z,0.1,0.6,0.7,0.1,0.2,0.1,0.5,1.2,2.1
2016-07-03T00:00:00Z,0.7,0.2,4.9,2.4,0.1,0.1,0,1.2,5.9
2016-07-04T00:00:00Z,0.2,0.4,0,0.3,0,0,0,0,0
2016-07-05T00:00:00Z,0,0.1,0,0.2,0.2,0,0,0.2,0.6
2016-07-06T00:00:00Z,0,0,0,0,0.1,0,0,0,0
2016-07-07T00:00:00Z,0,0,0,0,0,0,0,0,0
2016-07-08T00:00:00Z,0,0,0,0,0,0.1,0,0,0
2016-07-09T00:00:00Z,0,0,0,0,0,0,0,0,0
2016-07-10T00:00:00Z,0,0,0,0,0,0,0,0,0
2016-07-11T00:00:00Z,0,0,0,0,0,0,0,0,0
2016-07-12T00:00:00Z,0,0,0.6,2,2.5,0.1,4.9,0,0
2016-07-13T00:00:00Z,8.2,4.7,3.2,7.1,11.7,0.2,13.7,22.2,0
2016-07-14T00:00:00Z,0.5,0.7,0,0,0,0,0,0.9,1.2
2016-07-15T00:00:00Z,0,0,0,0,0,0,0,0,0.1
2016-07-16T00:00:00Z,0,0,0,0,0,0,0.1,0,0
2016-07-17T00:00:00Z,0,0,0,0,0,0,0,0,0
2016-07-18T00:00:00Z,0,0.2,0,0,0,0,0,0,0
2016-07-19T00:00:00Z,0,0.2,0,0,0,0,0.1,0,0
2016-07-20T00:00:00Z,0,0.1,0,0,0,0,0,0,0
2016-07-21T00:00:00Z,1.4,2.4,7.6,6.1,4.7,14.3,3.8,4.7,4.8
2016-07-22T00:00:00Z,18.5,10.7,0,0,0.1,0.1,0,0,0
2016-07-23T00:00:00Z,17.3,6.2,3.1,2.5,10.8,0,22.4,17.6,11.6
2016-07-24T00:00:00Z,0,0,0,0,0,0,0,0,0
2016-07-25T00:00:00Z,0,0,0,0,0,0,0,0,0
2016-07-26T00:00:00Z,0.1,0.1,0,0,0,0.1,0,0,0
2016-07-27T00:00:00Z,0,0,0,0,0,0,0,0,0
2016-07-28T00:00:00Z,3.9,2.3,1.4,0.6,0.1,0.1,2.4,2.4,1.8
2016-07-29T00:00:00Z,1.2,1.8,0,0.2,0.2,0,1.4,2.7,6
2016-07-30T00:00:00Z,0.1,0,0,0,0,0.1,0,0.7,2.3
2016-07-31T00:00:00Z,0,0,0,0.4,0.1,0.1,3.1,0,0.3
2016-08-01T00:00:00Z,0,0,0,0,0,0,0,0,0
2016-08-02T00:00:00Z,10.8,11.3,13.4,11.6,16.3,3.9,13.4,16.3,14.5
2016-08-03T00:00:00Z,4.9,4.7,6.8,4.3,1.8,4.5,4.9,7.4,10.2
2016-08-04T00:00:00Z,2.4,2.1,2.4,1.8,2.8,0.9,1.3,2.3,2.1
2016-08-05T00:00:00Z,1,1.1,0,0,0,1.4,0.8,0,0
2016-08-06T00:00:00Z,0.1,0,0,0,0,0,0,0,0
2016-08-07T00:00:00Z,0,0,0,0,0,0,0,0,0
2016-08-08T00:00:00Z,0,0.1,0,0.1,0,0,0.1,0,0.6
2016-08-09T00:00:00Z,0,0,0,0,0,0,0.2,0,0.5
2016-08-10T00:00:00Z,0,0,0,0,1.2,0.4,0,3.5,3.9
2016-08-11T00:00:00Z,1.9,1.7,3.8,2.6,4,1.7,3,2.4,4.4
2016-08-12T00:00:00Z,0.4,0,0,0,0.6,0.1,0.5,1.3,2.8
2016-08-13T00:00:00Z,0,0,0,0,0,0,0,0,0
2016-08-14T00:00:00Z,0,0,0,0,0,0,0,0,0
2016-08-15T00:00:00Z,0,0,0,0,0,0,0,0,0
2016-08-16T00:00:00Z,0,0,0,0,0,0,0.1,0,0
2016-08-17T00:00:00Z,0,0.2,0,0,0,0,0.1,0,0
2016-08-18T00:00:00Z,0,0,0,0,0,0,0,0.2,0.4
2016-08-19T00:00:00Z,0.1,0.1,0.2,0.1,0.1,0.2,0,0.1,0.1
2016-08-20T00:00:00Z,0.1,0,0,0,0,0.2,0.5,0,0.2
2016-08-21T00:00:00Z,1.5,0.8,0,0.5,0.2,0.5,0.3,0.2,2.4
2016-08-22T00:00:00Z,0.1,0.1,0.8,0.6,0.1,0,0.8,0.2,0.3
2016-08-23T00:00:00Z,0,0,0,0,0,0,0,0,0
2016-08-24T00:00:00Z,0,0,0,0,0,0,0,0,0.1
2016-08-25T00:00:00Z,0,0,0,0,0,0,0,0,0.1
2016-08-26T00:00:00Z,0,0,0,0,0,0,0.1,0,0
2016-08-27T00:00:00Z,0,0,0,0,0,0,0,0,0
2016-08-28T00:00:00Z,0,0.1,0,0,0,0,0,0,0
2016-08-29T00:00:00Z,0,0,0,0,0,0,0,0,0
2016-08-30T00:00:00Z,0,0,0,0,0,0,0,0,0.1
2016-08-31T00:00:00Z,0,0,0,0,0,0,0,0,0
2016-09-01T00:00:00Z,0,0,0,0,0,0,0,0,0
2016-09-02T00:00:00Z,0,0,0,0,0,0,0,0,0
2016-09-03T00:00:00Z,0,0.2,0,0,0,0,0,0,0
2016-09-04T00:00:00Z,4.2,3.2,2.6,2.3,3.7,7.6,3.3,6.9,12.8
2016-09-05T00:00:00Z,0,0,0,0,0.3,0,0,0,0.8
2016-09-06T00:00:00Z,0,0,0,0,0,0,0,0,0
2016-09-07T00:00:00Z,0,0,0,0,0,0,0,0,0
2016-09-08T00:00:00Z,0,0,0.1,0,0,0,0,0,0
2016-09-09T00:00:00Z,0,0,0,0,0,0,0.1,0,0
2016-09-10T00:00:00Z,0,0,0,0,0,0,0,0,0
2016-09-11T00:00:00Z,0,0,0,0,0,0,0,0,0
2016-09-12T00:00:00Z,0,0.1,0,0,0,0,0,0,0
2016-09-13T00:00:00Z,0,0,0,0,0,0,0,0,0
2016-09-14T00:00:00Z,0,0,0,0,0,0,0.1,0,0
2016-09-15T00:00:00Z,0.2,0.1,0,0,0.4,0.2,0.1,0.1,0
2016-09-16T00:00:00Z,0.2,0.5,0.5,0.2,0.3,0.4,0,1.2,0
2016-09-17T00:00:00Z,2.6,2.7,4.6,2.8,7.2,4,5.6,6.5,5.3
2016-09-18T00:00:00Z,1.6,1.2,1.5,1.2,1.6,0.8,4.4,0.7,0.2
2016-09-19T00:00:00Z,0,0,0,0,0,0,0,0,0
2016-09-20T00:00:00Z,0,0,0,0,0.2,0,0.1,0,0.1
2016-09-21T00:00:00Z,0.1,0,0,0,0,0,0.1,0,0
2016-09-22T00:00:00Z,0,0,0,0,0,0,0,0,0
2016-09-23T00:00:00Z,0,0,0,0,0,0,0,0,0
2016-09-24T00:00:00Z,0,0,0,0,0,0,0.1,0,0
2016-09-25T00:00:00Z,3.3,4,2.8,4.5,2,0.8,0,5.2,2.1
2016-09-26T00:00:00Z,3.4,1.2,1.2,0.6,2.2,0.8,0,0,0.1
2016-09-27T00:00:00Z,0.2,0.4,1.3,0.5,2.9,0.9,0.1,2,1.9
2016-09-28T00:00:00Z,0,0,0,0,0,0,0,0,0
2016-09-29T00:00:00Z,0,0.2,0,0.1,0,0,0,0,0
2016-09-30T00:00:00Z,1.6,1.1,1.3,1.5,2.9,0,1.2,0.5,0.3
2016-10-01T00:00:00Z,17.2,13.5,11.7,7.4,11.2,7.8,4.9,9.9,9
2016-10-02T00:00:00Z,1,0.8,0.1,1,0.6,5.8,0.5,2.5,4.8
2016-10-03T00:00:00Z,0.4,0.5,5.1,4,1.9,2.9,3.8,3.8,2.7
2016-10-04T00:00:00Z,0,0,0,0.1,0,0,0,0,0
2016-10-05T00:00:00Z,0.1,0,0,0,0,0.1,0,0,0
2016-10-06T00:00:00Z,0,0,0,0.1,0,0,0.1,0,0
2016-10-07T00:00:00Z,0.7,0.9,1.1,3.5,3.7,1.6,0.6,0.7,0.9
2016-10-08T00:00:00Z,0.4,0,0.5,0.2,0.1,0.6,0.8,0.4,0.2
2016-10-09T00:00:00Z,0,0,0,0.2,0,0,0.4,0,0
2016-10-10T00:00:00Z,0,0,0,0.1,0,0,0,0,0
2016-10-11T00:00:00Z,0,0,0.2,0.1,0,0,0.4,0,0
2016-10-12T00:00:00Z,0,0,0,0,0,0.1,0.2,0,0
2016-10-13T00:00:00Z,0,0,0,0.1,0,0,0,0,0
2016-10-14T00:00:00Z,0.9,0.5,0.3,0.2,0.3,0.5,0.1,0.1,0.1
2016-10-15T00:00:00Z,1.5,1,0.1,0.5,0,0.2,0.1,0.2,0.7
2016-10-16T00:00:00Z,0,0,0,0.1,0.1,0,0,0,0.1
2016-10-17T00:00:00Z,0.4,0.5,1.5,0.6,0.8,0.2,3.5,0.7,0.6
2016-10-18T00:00:00Z,1.8,1.1,0.3,0.2,0,0.6,1.5,0.2,0.5
2016-10-19T00:00:00Z,1.9,0.9,3.1,4.5,7.1,5.9,0.4,7,7.8
2016-10-20T00:00:00Z,24.4,21.5,20.7,13.3,24,21.5,18.8,17.8,8.5
2016-10-21T00:00:00Z,2.4,2.9,4,2.8,3.1,4.4,3,4.1,1.7
2016-10-22T00:00:00Z,2.3,2.7,3.8,2,3.2,0.8,5.8,2,1.4
2016-10-23T00:00:00Z,0.3,0.4,0.1,0.1,0,0,0.1,0,0
2016-10-24T00:00:00Z,12.7,10.2,9.6,6.1,8.3,8,9.2,6.3,4.4
2016-10-25T00:00:00Z,2.9,2.8,2.8,2.3,2.9,2.7,2.1,2.7,2.1
2016-10-26T00:00:00Z,0,0,0,0,0,0,0,0,0
2016-10-27T00:00:00Z,0,0,0,0,0,0,0,0,0
2016-10-28T00:00:00Z,0,0,0,0,0,0,0,0,0
2016-10-29T00:00:00Z,0,0,0,0,0,0,0,0,0.1
2016-10-30T00:00:00Z,0,0,0,0,0,0,0,0,0
2016-10-31T00:00:00Z,0,0,0,0,0.1,0,0,0,0
2016-11-01T00:00:00Z,0,0.1,0.1,0.1,0.2,0,0.1,0,0
2016-11-02T00:00:00Z,0.7,0,0.5,0.5,0.9,2.5,1,0.5,0.6
2016-11-03T00:00:00Z,0,0,0,0,0,0.1,0,0.6,0.1
2016-11-04T00:00:00Z,1.1,1,1,0.9,1.3,0.9,0.4,0.8,0.3
2016-11-05T00:00:00Z,4,3.7,3.5,2.3,3.6,2.4,3.4,2.4,1.7
2016-11-06T00:00:00Z,0.2,0,0,0,0,0.2,0,0.3,0.5
2016-11-07T00:00:00Z,0.5,0.5,1.2,1.4,3.4,4.9,0.3,5.3,7.8
2016-11-08T00:00:00Z,0.3,1.1,2.5,1,3.8,0.8,1.3,2.8,2
2016-11-09T00:00:00Z,9.4,6.5,4.6,3.8,6.4,6.6,3.9,4.5,4.2
2016-11-10T00:00:00Z,5.3,3.2,2.3,1.3,5.2,2.7,3.4,5.8,3.4
2016-11-11T00:00:00Z,3,3.7,4.9,1.1,5.7,2,7,5.5,5.6
2016-11-12T00:00:00Z,0.1,0,0,0,0,0,0,0,0
2016-11-13T00:00:00Z,0.4,0.2,0,0,0,0.7,0,0,0
2016-11-14T00:00:00Z,0.2,0.1,0,0,0.1,0,0,0,0
2016-11-15T00:00:00Z,3,3.5,9.3,7.9,6.2,2.2,6.3,4.1,3.1
2016-11-16T00:00:00Z,0.4,0.3,0.9,0.7,4.6,1.6,0.6,9.5,9.9
2016-11-17T00:00:00Z,3.1,1.9,1.2,1.5,3.6,3.5,1,1.9,1.8
2016-11-18T00:00:00Z,15.7,13.4,12.1,8.9,10.6,9.7,5.7,6.4,3.4
2016-11-19T00:00:00Z,0.2,0.1,0.1,0,0,0.4,0,0.5,0.1
2016-11-20T00:00:00Z,0.1,1,0.1,0,0.1,0.2,0,0,0
2016-11-21T00:00:00Z,9.6,8.2,5.7,5.2,6.3,6.5,2.2,4.9,3.7
2016-11-22T00:00:00Z,2.1,1.9,2.6,1.7,2.2,1.4,1.6,1.6,1.2
2016-11-23T00:00:00Z,0.1,0,0,0,0.2,0.1,0.1,0,0
2016-11-24T00:00:00Z,0,0,0,0,0,0,0,0,0
2016-11-25T00:00:00Z,0,0,0,0,0,0,0,0,0
2016-11-26T00:00:00Z,0,0,0,0,0,0,0,0,0
2016-11-27T00:00:00Z,0,0,0,0,0,0,0.1,0,0.1
2016-11-28T00:00:00Z,0,0,0,0,0,0.1,0,0,0
2016-11-29T00:00:00Z,0.1,0,0,0,0,0,0,0,0.1
2016-11-30T00:00:00Z,0.1,0,0,0,0.1,0.1,0,0,0
2016-12-01T00:00:00Z,0,0,0,0,0,0,0,0,0.1
2016-12-02T00:00:00Z,1.1,0.3,0.8,0.1,0.5,1,1.8,0.6,0.7
2016-12-03T00:00:00Z,0,0,0,0,0.1,0.1,0,0,0
2016-12-04T00:00:00Z,0,0,0,0,0,0.1,0,0,0
2016-12-05T00:00:00Z,0.1,0,0,0,0.1,0,0,0,0
2016-12-06T00:00:00Z,0.1,0,0,0,0,0.1,0,0,0
2016-12-07T00:00:00Z,0,0,0,0,0,0,0,0,0
2016-12-08T00:00:00Z,0.1,0,0,0,0,0,0,0,0
2016-12-09T00:00:00Z,0,0,0,0,0,0.1,0,0,0
2016-12-10T00:00:00Z,0.1,0,0,0,0,0,0,0,0
2016-12-11T00:00:00Z,0.1,1.1,0.2,0,0.1,0.6,0.2,0.2,0.7
2016-12-12T00:00:00Z,0,0.1,0.1,0,0.7,0,0.2,0.5,1.1
2016-12-13T00:00:00Z,1.4,1.6,3.9,2.8,8.3,2.7,2.1,5.5,3.2
2016-12-14T00:00:00Z,0,0,0,0,0,0.3,0,0,0
2016-12-15T00:00:00Z,0,0,0,0,0,0.3,0,0,0
2016-12-16T00:00:00Z,0,0,0,0,0,0,0,0,0
2016-12-17T00:00:00Z,0,0,0,0,0,0.1,0.1,0,0
2016-12-18T00:00:00Z,0,0,0,0,0,0.1,0,0.1,0
2016-12-19T00:00:00Z,0,0.1,0,0.1,0.1,0,0,0,0
2016-12-20T00:00:00Z,0,0,0,0,0,0,0,0,0
2016-12-21T00:00:00Z,0,0,0,0,0,0.1,0,0,0
2016-12-22T00:00:00Z,5.3,4.4,5.5,4.8,8.7,5.4,3.1,7.5,7.4
2016-12-23T00:00:00Z,0,0,0,0,0.1,0.1,0,0,0
2016-12-24T00:00:00Z,0.4,0.6,0.2,0,0,0.2,0.2,0.5,2.4
2016-12-25T00:00:00Z,0.3,1,0.2,0.1,0.2,0.2,0.1,0.2,0.7
2016-12-26T00:00:00Z,1.6,1.8,2,2.3,1.8,1.3,2.9,1.7,0.6
2016-12-27T00:00:00Z,0.1,0,0,0,0,0.1,0,0,0
2016-12-28T00:00:00Z,0.1,0,0,0,0,0,0,0,0
2016-12-29T00:00:00Z,0,0,0,0,0,0,0,0,0
2016-12-30T00:00:00Z,0,0,0,0,0.1,0,0,0,0
2016-12-31T00:00:00Z,0,0,0,0,0,0,0,0,0
2017-01-01T00:00:00Z,0,0,0,0,0,0.1,0,0,0
2017-01-02T00:00:00Z,0.4,0.5,0.9,0.4,0.8,0.1,0.9,1.5,1.2
2017-01-03T00:00:00Z,0.1,0.1,0,0,0.2,0.1,0.1,0.3,1.2
2017-01-04T00:00:00Z,3,2.5,1.9,1.5,3,3.8,2.4,3.7,6.8
2017-01-05T00:00:00Z,0.2,0.2,0,0,0.1,0.2,0.1,0,0.1
2017-01-06T00:00:00Z,0,0,0,0,0,0,0,0,0
2017-01-07T00:00:00Z,0,0.2,0.3,0.1,0,0,0.1,0.1,0.3
2017-01-08T00:00:00Z,0.6,0.7,0.6,0.5,0.5,1.1,0.8,1,1
2017-01-09T00:00:00Z,0,0,0,0,0,0,0,0,0.6
2017-01-10T00:00:00Z,5.5,4.2,3.8,3,5.9,3.6,2.5,3.2,6.1
2017-01-11T00:00:00Z,1.1,1.5,1.5,1.3,2.6,3.1,0.7,1,4.8
2017-01-12T00:00:00Z,7.7,6,3.3,2.6,2.9,4.5,2.7,1.2,0.9
2017-01-13T00:00:00Z,10.1,10.6,5.8,5.3,12.4,8.4,3.1,8.6,6.1
2017-01-14T00:00:00Z,2.6,1.3,0.3,0.1,4.5,4,0.5,1.3,1.7
2017-01-15T00:00:00Z,2.8,0.3,0.4,0.2,0.3,1.5,1.1,3.3,0.3
2017-01-16T00:00:00Z,2.1,2.2,1.3,0.5,2,0.5,0.2,0.6,0
2017-01-17T00:00:00Z,0.1,0,0,0,0,0.1,0,0,0
2017-01-18T00:00:00Z,0.1,0,0,0,0,0.1,0,0,0
2017-01-19T00:00:00Z,0.1,0,0,0,0,0.3,0,0,0
2017-01-20T00:00:00Z,0.1,0,0,0,0,0.4,0,0,0
2017-01-21T00:00:00Z,0.1,0,0,0,0,0.8,0,0,0
2017-01-22T00:00:00Z,0,0,0,0,0,0.1,0,0,0
2017-01-23T00:00:00Z,0,0,0,0,0,0,0,0,0
2017-01-24T00:00:00Z,9.6,0,0,0,0,0.3,0,0,0
2017-01-25T00:00:00Z,0,0,0,0,0,0,0,0,0
2017-01-26T00:00:00Z,0,0,0,0,0,0,0,0,0
2017-01-27T00:00:00Z,0,0,0,0,0,0.2,0,0,0
2017-01-28T00:00:00Z,0.1,0,0,0,0,0.3,0,0,0
2017-01-29T00:00:00Z,0.8,0.6,0.3,0.2,0.2,0.5,0.1,0.4,0.3
2017-01-30T00:00:00Z,1.5,1.1,0.6,0.5,0.4,0.6,0.3,1.2,1.9
2017-01-31T00:00:00Z,0,0,0,0,0,0,0,0.1,0
