datum,q_freising
2008-01-01,20.1
2008-01-02,19.8
2008-01-03,19.5
2008-01-04,19.4
2008-01-05,19.6
2008-01-06,20.8
2008-01-07,21
2008-01-08,21.2
2008-01-09,20.3
2008-01-10,20.3
2008-01-11,20.1
2008-01-12,20.1
2008-01-13,20
2008-01-14,20
2008-01-15,20
2008-01-16,20
2008-01-17,20
2008-01-18,20.9
2008-01-19,20.3
2008-01-20,20.1
2008-01-21,19.9
2008-01-22,20.2
2008-01-23,20.3
2008-01-24,20.2
2008-01-25,20.6
2008-01-26,20.2
2008-01-27,19.8
2008-01-28,19.8
2008-01-29,19.8
2008-01-30,19.9
2008-01-31,19.9
2008-02-01,19.7
2008-02-02,19.9
2008-02-03,19.7
2008-02-04,19.5
2008-02-05,19.7
2008-02-06,19.6
2008-02-07,20.2
2008-02-08,19.6
2008-02-09,19.4
2008-02-10,19.2
2008-02-11,19.2
2008-02-12,19.1
2008-02-13,19.1
2008-02-14,19
2008-02-15,19
2008-02-16,18.8
2008-02-17,18.5
2008-02-18,17.8
2008-02-19,17.8
2008-02-20,18.4
2008-02-21,18.3
2008-02-22,18.1
2008-02-23,18.1
2008-02-24,17.8
2008-02-25,17.6
2008-02-26,17.6
2008-02-27,18.6
2008-02-28,18.8
2008-02-29,18.8
2008-03-01,21.1
2008-03-02,23.4
2008-03-03,23
2008-03-04,23.6
2008-03-05,23.6
2008-03-06,23.6
2008-03-07,23.4
2008-03-08,23.2
2008-03-09,23.2
2008-03-10,23.2
2008-03-11,23.5
2008-03-12,23.2
2008-03-13,24.7
2008-03-14,24.4
2008-03-15,23.2
2008-03-16,22.4
2008-03-17,22.5
2008-03-18,23.6
2008-03-19,23.3
2008-03-20,22.9
2008-03-21,23.1
2008-03-22,23.5
2008-03-23,23.2
2008-03-24,23.3
2008-03-25,23.3
2008-03-26,23.2
2008-03-27,23.3
2008-03-28,23.8
2008-03-29,23
2008-03-30,22.9
2008-03-31,23
2008-04-01,23.5
2008-04-02,24.4
2008-04-03,24.8
2008-04-04,25.2
2008-04-05,24.3
2008-04-06,24.9
2008-04-07,24.8
2008-04-08,24.8
2008-04-09,25
2008-04-10,25.2
2008-04-11,25.3
2008-04-12,25.4
2008-04-13,25.7
2008-04-14,26
2008-04-15,26.3
2008-04-16,26.4
2008-04-17,26.2
2008-04-18,27.1
2008-04-19,28.1
2008-04-20,29.2
2008-04-21,30.4
2008-04-22,38.1
2008-04-23,152
2008-04-24,107
2008-04-25,69.3
2008-04-26,85.4
2008-04-27,47.3
2008-04-28,36.1
2008-04-29,66.5
2008-04-30,91.9
2008-05-01,54.4
2008-05-02,37.2
2008-05-03,33.1
2008-05-04,32.2
2008-05-05,32.1
2008-05-06,32.1
2008-05-07,31.6
2008-05-08,31.6
2008-05-09,31.3
2008-05-10,30.6
2008-05-11,29.8
2008-05-12,30.2
2008-05-13,30.2
2008-05-14,31.3
2008-05-15,33.5
2008-05-16,34.8
2008-05-17,34.8
2008-05-18,32.2
2008-05-19,33.5
2008-05-20,35.8
2008-05-21,33.5
2008-05-22,30.9
2008-05-23,30.8
2008-05-24,30.8
2008-05-25,30.7
2008-05-26,30.9
2008-05-27,30.7
2008-05-28,31.3
2008-05-29,30.9
2008-05-30,31.3
2008-05-31,31.1
2008-06-01,33.5
2008-06-02,34.6
2008-06-03,33.5
2008-06-04,34.5
2008-06-05,35.5
2008-06-06,35.9
2008-06-07,38.8
2008-06-08,37.8
2008-06-09,37.1
2008-06-10,37.1
2008-06-11,37
2008-06-12,36.6
2008-06-13,38.5
2008-06-14,38.1
2008-06-15,37.5
2008-06-16,37.4
2008-06-17,37.8
2008-06-18,37.3
2008-06-19,37.4
2008-06-20,37.4
2008-06-21,37
2008-06-22,37
2008-06-23,37.2
2008-06-24,37.5
2008-06-25,36.7
2008-06-26,37
2008-06-27,37
2008-06-28,37.4
2008-06-29,37.9
2008-06-30,39.4
2008-07-01,36.9
2008-07-02,35.9
2008-07-03,36.3
2008-07-04,35.9
2008-07-05,36.2
2008-07-06,35.6
2008-07-07,36.1
2008-07-08,36.1
2008-07-09,36.2
2008-07-10,36.2
2008-07-11,37.5
2008-07-12,39.1
2008-07-13,39.5
2008-07-14,73.9
2008-07-15,180
2008-07-16,156
2008-07-17,125
2008-07-18,89.5
2008-07-19,42.8
2008-07-20,39
2008-07-21,38.1
2008-07-22,51.9
2008-07-23,48
2008-07-24,46.2
2008-07-25,35.3
2008-07-26,33.8
2008-07-27,33.3
2008-07-28,33.2
2008-07-29,33.1
2008-07-30,32.7
2008-07-31,33.6
2008-08-01,31.4
2008-08-02,30.9
2008-08-03,30.5
2008-08-04,30.4
2008-08-05,30.7
2008-08-06,30.5
2008-08-07,30.3
2008-08-08,30.7
2008-08-09,30.9
2008-08-10,30.7
2008-08-11,30.6
2008-08-12,32.1
2008-08-13,31.1
2008-08-14,30.7
2008-08-15,45.8
2008-08-16,144
2008-08-17,112
2008-08-18,65
2008-08-19,43.9
2008-08-20,34.9
2008-08-21,31.8
2008-08-22,30.2
2008-08-23,31.4
2008-08-24,30.1
2008-08-25,28.9
2008-08-26,29.4
2008-08-27,28.8
2008-08-28,29
2008-08-29,28.9
2008-08-30,29
2008-08-31,28.9
2008-09-01,26.9
2008-09-02,26.4
2008-09-03,25.9
2008-09-04,26.2
2008-09-05,25.9
2008-09-06,25.5
2008-09-07,25.6
2008-09-08,25.8
2008-09-09,26
2008-09-10,25.7
2008-09-11,25.7
2008-09-12,26.2
2008-09-13,25.5
2008-09-14,25.7
2008-09-15,26
2008-09-16,26.2
2008-09-17,26.4
2008-09-18,25.9
2008-09-19,25.7
2008-09-20,25.6
2008-09-21,25.5
2008-09-22,25.9
2008-09-23,25.6
2008-09-24,25.5
2008-09-25,25.5
2008-09-26,26
2008-09-27,25.3
2008-09-28,25.3
2008-09-29,25.1
2008-09-30,25.6
2008-10-01,24.9
2008-10-02,23.6
2008-10-03,23.8
2008-10-04,23.8
2008-10-05,23.2
2008-10-06,23
2008-10-07,21.8
2008-10-08,21.4
2008-10-09,21.3
2008-10-10,21.3
2008-10-11,20.3
2008-10-12,18.7
2008-10-13,18.9
2008-10-14,19.4
2008-10-15,19.9
2008-10-16,20.4
2008-10-17,21.7
2008-10-18,20.7
2008-10-19,20.9
2008-10-20,21
2008-10-21,20.8
2008-10-22,20.8
2008-10-23,22.8
2008-10-24,21.6
2008-10-25,20.7
2008-10-26,20.6
2008-10-27,20.7
2008-10-28,21.3
2008-10-29,21.2
2008-10-30,21.3
2008-10-31,20.3
2008-11-01,22.2
2008-11-02,22
2008-11-03,21.7
2008-11-04,21.3
2008-11-05,21.1
2008-11-06,20.8
2008-11-07,20.6
2008-11-08,21
2008-11-09,21
2008-11-10,20.2
2008-11-11,20.6
2008-11-12,20.9
2008-11-13,21.6
2008-11-14,21.3
2008-11-15,20.9
2008-11-16,20.8
2008-11-17,21.3
2008-11-18,20.7
2008-11-19,20.8
2008-11-20,20.6
2008-11-21,21.3
2008-11-22,22.2
2008-11-23,20.5
2008-11-24,21.1
2008-11-25,21.3
2008-11-26,21
2008-11-27,21.4
2008-11-28,21.1
2008-11-29,21.1
2008-11-30,20.8
2008-12-01,20.2
2008-12-02,21
2008-12-03,20.8
2008-12-04,20.8
2008-12-05,20.8
2008-12-06,20.8
2008-12-07,21.3
2008-12-08,21.1
2008-12-09,21.2
2008-12-10,20.8
2008-12-11,22.4
2008-12-12,23.1
2008-12-13,22.6
2008-12-14,22.7
2008-12-15,22.6
2008-12-16,22.7
2008-12-17,22.9
2008-12-18,22.6
2008-12-19,23.1
2008-12-20,23.5
2008-12-21,25.7
2008-12-22,50.4
2008-12-23,24.7
2008-12-24,23.2
2008-12-25,23
2008-12-26,22.6
2008-12-27,22.5
2008-12-28,22.4
2008-12-29,22.4
2008-12-30,22.4
2008-12-31,22.4
2009-01-01,22.4
2009-01-02,22.2
2009-01-03,22.2
2009-01-04,21.9
2009-01-05,21.8
2009-01-06,21.8
2009-01-07,22.1
2009-01-08,23
2009-01-09,23.5
2009-01-10,23.4
2009-01-11,22.9
2009-01-12,23.2
2009-01-13,23.5
2009-01-14,23.3
2009-01-15,22.5
2009-01-16,22.3
2009-01-17,23.3
2009-01-18,22.4
2009-01-19,22.2
2009-01-20,22.9
2009-01-21,23.8
2009-01-22,22.6
2009-01-23,22
2009-01-24,22.8
2009-01-25,22.3
2009-01-26,22.3
2009-01-27,22.1
2009-01-28,22.2
2009-01-29,22.5
2009-01-30,22.3
2009-01-31,21.9
2009-02-01,21.3
2009-02-02,21.3
2009-02-03,21.3
2009-02-04,21.6
2009-02-05,21.6
2009-02-06,22.1
2009-02-07,22
2009-02-08,22.4
2009-02-09,22.3
2009-02-10,22.5
2009-02-11,22.3
2009-02-12,22.6
2009-02-13,22.4
2009-02-14,22
2009-02-15,21.8
2009-02-16,21.4
2009-02-17,21.6
2009-02-18,21.5
2009-02-19,20.9
2009-02-20,20.5
2009-02-21,21.5
2009-02-22,21.4
2009-02-23,22.3
2009-02-24,23.3
2009-02-25,22.5
2009-02-26,22.4
2009-02-27,23.1
2009-02-28,23.1
2009-03-01,25.6
2009-03-02,26.8
2009-03-03,27.3
2009-03-04,27.5
2009-03-05,28
2009-03-06,27.8
2009-03-07,27.5
2009-03-08,27.4
2009-03-09,28.2
2009-03-10,27.7
2009-03-11,28.3
2009-03-12,27.9
2009-03-13,28.9
2009-03-14,28.6
2009-03-15,28.3
2009-03-16,28.2
2009-03-17,27.9
2009-03-18,28
2009-03-19,27.8
2009-03-20,27.8
2009-03-21,27.6
2009-03-22,27.4
2009-03-23,27.3
2009-03-24,27.8
2009-03-25,27.6
2009-03-26,27.8
2009-03-27,28
2009-03-28,27
2009-03-29,27.3
2009-03-30,27.6
2009-03-31,27.5
2009-04-01,27.9
2009-04-02,28.3
2009-04-03,32.3
2009-04-04,47.5
2009-04-05,54.6
2009-04-06,92.8
2009-04-07,108
2009-04-08,128
2009-04-09,110
2009-04-10,75.7
2009-04-11,61.2
2009-04-12,56.8
2009-04-13,48.2
2009-04-14,42.3
2009-04-15,42.5
2009-04-16,37
2009-04-17,48.4
2009-04-18,45.4
2009-04-19,35.1
2009-04-20,27.2
2009-04-21,26.5
2009-04-22,27.9
2009-04-23,27.5
2009-04-24,26.2
2009-04-25,26
2009-04-26,25.7
2009-04-27,25.9
2009-04-28,25.6
2009-04-29,26.3
2009-04-30,25.9
2009-05-01,26.5
2009-05-02,26.5
2009-05-03,25.8
2009-05-04,26.2
2009-05-05,25.7
2009-05-06,25.6
2009-05-07,25.5
2009-05-08,25.4
2009-05-09,25.5
2009-05-10,25.2
2009-05-11,25.2
2009-05-12,26.1
2009-05-13,59.8
2009-05-14,86.1
2009-05-15,122
2009-05-16,159
2009-05-17,142
2009-05-18,147
2009-05-19,142
2009-05-20,102
2009-05-21,93.2
2009-05-22,98.9
2009-05-23,88.6
2009-05-24,86.3
2009-05-25,91.4
2009-05-26,89.5
2009-05-27,108
2009-05-28,110
2009-05-29,99.3
2009-05-30,112
2009-05-31,109
2009-06-01,85.3
2009-06-02,82.8
2009-06-03,63.5
2009-06-04,78.9
2009-06-05,78.8
2009-06-06,75.3
2009-06-07,74.6
2009-06-08,91.5
2009-06-09,71.5
2009-06-10,67.5
2009-06-11,66.2
2009-06-12,57
2009-06-13,57
2009-06-14,55.5
2009-06-15,53.7
2009-06-16,75.1
2009-06-17,101
2009-06-18,82.4
2009-06-19,83
2009-06-20,91
2009-06-21,82.8
2009-06-22,81.3
2009-06-23,232
2009-06-24,432
2009-06-25,382
2009-06-26,316
2009-06-27,284
2009-06-28,395
2009-06-29,275
2009-06-30,240
2009-07-01,207
2009-07-02,175
2009-07-03,177
2009-07-04,167
2009-07-05,144
2009-07-06,162
2009-07-07,198
2009-07-08,197
2009-07-09,181
2009-07-10,173
2009-07-11,158
2009-07-12,133
2009-07-13,124
2009-07-14,115
2009-07-15,105
2009-07-16,105
2009-07-17,93.9
2009-07-18,110
2009-07-19,243
2009-07-20,168
2009-07-21,125
2009-07-22,134
2009-07-23,123
2009-07-24,152
2009-07-25,170
2009-07-26,143
2009-07-27,125
2009-07-28,133
2009-07-29,130
2009-07-30,113
2009-07-31,108
2009-08-01,93.3
2009-08-02,84
2009-08-03,105
2009-08-04,169
2009-08-05,222
2009-08-06,172
2009-08-07,153
2009-08-08,125
2009-08-09,111
2009-08-10,105
2009-08-11,133
2009-08-12,116
2009-08-13,98.2
2009-08-14,117
2009-08-15,98.9
2009-08-16,83.8
2009-08-17,81.8
2009-08-18,77
2009-08-19,93
2009-08-20,93.2
2009-08-21,82.8
2009-08-22,82.5
2009-08-23,83.8
2009-08-24,71.5
2009-08-25,69.9
2009-08-26,80.7
2009-08-27,78.2
2009-08-28,73.8
2009-08-29,76
2009-08-30,79.6
2009-08-31,70.1
2009-09-01,73
2009-09-02,79.2
2009-09-03,101
2009-09-04,115
2009-09-05,143
2009-09-06,107
2009-09-07,94.6
2009-09-08,105
2009-09-09,103
2009-09-10,92.1
2009-09-11,85.3
2009-09-12,93.8
2009-09-13,85.5
2009-09-14,78.4
2009-09-15,92.4
2009-09-16,96.5
2009-09-17,87.1
2009-09-18,85.9
2009-09-19,83
2009-09-20,73.8
2009-09-21,72.1
2009-09-22,72.4
2009-09-23,76.4
2009-09-24,75
2009-09-25,72.3
2009-09-26,71.9
2009-09-27,71.3
2009-09-28,71.3
2009-09-29,73.7
2009-09-30,81.1
2009-10-01,76
2009-10-02,72.7
2009-10-03,71.4
2009-10-04,62.7
2009-10-05,61.4
2009-10-06,62.5
2009-10-07,64.3
2009-10-08,63.1
2009-10-09,65.9
2009-10-10,73.3
2009-10-11,73.5
2009-10-12,77.5
2009-10-13,112
2009-10-14,142
2009-10-15,127
2009-10-16,114
2009-10-17,113
2009-10-18,120
2009-10-19,121
2009-10-20,113
2009-10-21,106
2009-10-22,101
2009-10-23,116
2009-10-24,147
2009-10-25,150
2009-10-26,133
2009-10-27,127
2009-10-28,130
2009-10-29,123
2009-10-30,115
2009-10-31,104
2009-11-01,98.6
2009-11-02,95.2
2009-11-03,124
2009-11-04,125
2009-11-05,130
2009-11-06,119
2009-11-07,109
2009-11-08,96.1
2009-11-09,93.8
2009-11-10,95.2
2009-11-11,89.6
2009-11-12,79.6
2009-11-13,78.6
2009-11-14,74.6
2009-11-15,65.4
2009-11-16,66.6
2009-11-17,73.7
2009-11-18,80.3
2009-11-19,83.6
2009-11-20,78
2009-11-21,77.4
2009-11-22,72.8
2009-11-23,50.5
2009-11-24,31.9
2009-11-25,30.2
2009-11-26,29.5
2009-11-27,29.2
2009-11-28,29
2009-11-29,28.6
2009-11-30,28.5
2009-12-01,29
2009-12-02,29.5
2009-12-03,29.2
2009-12-04,29.4
2009-12-05,29
2009-12-06,28.4
2009-12-07,28.1
2009-12-08,26.9
2009-12-09,26
2009-12-10,26.1
2009-12-11,26.3
2009-12-12,26.4
2009-12-13,25
2009-12-14,24.8
2009-12-15,24.9
2009-12-16,25
2009-12-17,24.7
2009-12-18,24.7
2009-12-19,25.1
2009-12-20,25
2009-12-21,25.3
2009-12-22,24.7
2009-12-23,26.1
2009-12-24,24.8
2009-12-25,24.8
2009-12-26,24.8
2009-12-27,24.9
2009-12-28,25.3
2009-12-29,25.7
2009-12-30,26.4
2009-12-31,26.4
2010-01-01,22.9
2010-01-02,23
2010-01-03,22.2
2010-01-04,22.2
2010-01-05,22.7
2010-01-06,23
2010-01-07,23
2010-01-08,23.1
2010-01-09,23.1
2010-01-10,23.2
2010-01-11,23.6
2010-01-12,23.3
2010-01-13,23.1
2010-01-14,22.4
2010-01-15,22.8
2010-01-16,21.7
2010-01-17,21.8
2010-01-18,23.3
2010-01-19,21.1
2010-01-20,20.9
2010-01-21,21.1
2010-01-22,21
2010-01-23,21.1
2010-01-24,21.2
2010-01-25,21.3
2010-01-26,21.5
2010-01-27,21.9
2010-01-28,22.4
2010-01-29,21.8
2010-01-30,21.6
2010-01-31,20.7
2010-02-01,20.5
2010-02-02,20.4
2010-02-03,21.3
2010-02-04,22.9
2010-02-05,21.5
2010-02-06,21.8
2010-02-07,22.6
2010-02-08,22.1
2010-02-09,22
2010-02-10,22.2
2010-02-11,22.4
2010-02-12,22.3
2010-02-13,22
2010-02-14,21.6
2010-02-15,21.5
2010-02-16,21.3
2010-02-17,21.3
2010-02-18,21.6
2010-02-19,21.9
2010-02-20,22
2010-02-21,21.8
2010-02-22,21.5
2010-02-23,21
2010-02-24,21.1
2010-02-25,21
2010-02-26,21.3
2010-02-27,21.2
2010-02-28,21.2
2010-03-01,26
2010-03-02,27.4
2010-03-03,28.5
2010-03-04,27.4
2010-03-05,27.5
2010-03-06,26.9
2010-03-07,24.6
2010-03-08,25
2010-03-09,25
2010-03-10,25.1
2010-03-11,25.9
2010-03-12,26
2010-03-13,25.8
2010-03-14,25.5
2010-03-15,25.4
2010-03-16,27
2010-03-17,25.7
2010-03-18,25.5
2010-03-19,25.6
2010-03-20,25.4
2010-03-21,26
2010-03-22,26.5
2010-03-23,26.7
2010-03-24,26.2
2010-03-25,26.6
2010-03-26,26.8
2010-03-27,26.6
2010-03-28,27
2010-03-29,26.6
2010-03-30,25.7
2010-03-31,28
2010-04-01,29.3
2010-04-02,29.6
2010-04-03,29.3
2010-04-04,29.2
2010-04-05,29.2
2010-04-06,29.7
2010-04-07,29.5
2010-04-08,29.7
2010-04-09,29.9
2010-04-10,29.9
2010-04-11,30
2010-04-12,30.7
2010-04-13,30.7
2010-04-14,31.3
2010-04-15,32.3
2010-04-16,31.6
2010-04-17,30.7
2010-04-18,30.4
2010-04-19,30.5
2010-04-20,30.2
2010-04-21,30
2010-04-22,30.2
2010-04-23,30.3
2010-04-24,30.6
2010-04-25,30.1
2010-04-26,30
2010-04-27,31.1
2010-04-28,31.9
2010-04-29,31.3
2010-04-30,30.8
2010-05-01,32.9
2010-05-02,34.5
2010-05-03,34.8
2010-05-04,32.4
2010-05-05,31.4
2010-05-06,31.9
2010-05-07,32
2010-05-08,31.4
2010-05-09,31
2010-05-10,31
2010-05-11,32
2010-05-12,30.8
2010-05-13,30.7
2010-05-14,32.2
2010-05-15,31.2
2010-05-16,30.9
2010-05-17,30.9
2010-05-18,30.6
2010-05-19,30.9
2010-05-20,31.9
2010-05-21,31.7
2010-05-22,31.5
2010-05-23,30.5
2010-05-24,29.8
2010-05-25,29.8
2010-05-26,29.9
2010-05-27,31.6
2010-05-28,30.4
2010-05-29,30.9
2010-05-30,31
2010-05-31,41.5
2010-06-01,106
2010-06-02,161
2010-06-03,357
2010-06-04,383
2010-06-05,337
2010-06-06,156
2010-06-07,173
2010-06-08,119
2010-06-09,98.9
2010-06-10,59.5
2010-06-11,55.8
2010-06-12,53.8
2010-06-13,53.7
2010-06-14,71
2010-06-15,63.6
2010-06-16,54.6
2010-06-17,54.4
2010-06-18,55.1
2010-06-19,54.5
2010-06-20,103
2010-06-21,124
2010-06-22,109
2010-06-23,86.4
2010-06-24,55.8
2010-06-25,51.6
2010-06-26,50.8
2010-06-27,49.8
2010-06-28,49.2
2010-06-29,49.2
2010-06-30,49.2
2010-07-01,48.6
2010-07-02,47.4
2010-07-03,45.8
2010-07-04,45.3
2010-07-05,45.9
2010-07-06,45.4
2010-07-07,45.4
2010-07-08,45.4
2010-07-09,45.4
2010-07-10,44.8
2010-07-11,44.7
2010-07-12,44.7
2010-07-13,45.2
2010-07-14,45.1
2010-07-15,45.7
2010-07-16,45.1
2010-07-17,45.6
2010-07-18,109
2010-07-19,64.8
2010-07-20,47
2010-07-21,45.8
2010-07-22,45.7
2010-07-23,58.1
2010-07-24,199
2010-07-25,282
2010-07-26,187
2010-07-27,153
2010-07-28,152
2010-07-29,92.6
2010-07-30,88.3
2010-07-31,53.8
2010-08-01,46.2
2010-08-02,44.7
2010-08-03,46.3
2010-08-04,52.7
2010-08-05,44.3
2010-08-06,153
2010-08-07,267
2010-08-08,174
2010-08-09,120
2010-08-10,88
2010-08-11,84.2
2010-08-12,55.8
2010-08-13,56
2010-08-14,47.6
2010-08-15,42.4
2010-08-16,41.9
2010-08-17,42.2
2010-08-18,40.7
2010-08-19,40.8
2010-08-20,40.2
2010-08-21,39.7
2010-08-22,39.2
2010-08-23,38.9
2010-08-24,40
2010-08-25,39.7
2010-08-26,38.3
2010-08-27,38.4
2010-08-28,39.4
2010-08-29,69.6
2010-08-30,61.8
2010-08-31,173
2010-09-01,216
2010-09-02,171
2010-09-03,146
2010-09-04,124
2010-09-05,104
2010-09-06,91.1
2010-09-07,45.2
2010-09-08,35.8
2010-09-09,35
2010-09-10,33.9
2010-09-11,33.5
2010-09-12,32.6
2010-09-13,32.6
2010-09-14,32.6
2010-09-15,32.2
2010-09-16,31.9
2010-09-17,32
2010-09-18,31.6
2010-09-19,31.1
2010-09-20,31.2
2010-09-21,31.2
2010-09-22,31.1
2010-09-23,31.2
2010-09-24,31
2010-09-25,32.1
2010-09-26,32.5
2010-09-27,31.6
2010-09-28,31.2
2010-09-29,30.9
2010-09-30,31
2010-10-01,29.5
2010-10-02,28.3
2010-10-03,27.9
2010-10-04,27.8
2010-10-05,27.6
2010-10-06,28.2
2010-10-07,27.6
2010-10-08,27.1
2010-10-09,26.8
2010-10-10,25.7
2010-10-11,25.5
2010-10-12,26.1
2010-10-13,26.2
2010-10-14,26.5
2010-10-15,26.4
2010-10-16,26.2
2010-10-17,26.4
2010-10-18,26.9
2010-10-19,26.5
2010-10-20,27.3
2010-10-21,27.4
2010-10-22,27.7
2010-10-23,26.7
2010-10-24,26.5
2010-10-25,26.4
2010-10-26,27.2
2010-10-27,27
2010-10-28,26.6
2010-10-29,26.5
2010-10-30,26.2
2010-10-31,26.2
2010-11-01,26.1
2010-11-02,24.8
2010-11-03,24.6
2010-11-04,24.4
2010-11-05,24.2
2010-11-06,24.7
2010-11-07,24.2
2010-11-08,25.1
2010-11-09,24.1
2010-11-10,24.7
2010-11-11,24.6
2010-11-12,24.9
2010-11-13,24.6
2010-11-14,23.9
2010-11-15,24
2010-11-16,24.9
2010-11-17,25
2010-11-18,24.5
2010-11-19,24.3
2010-11-20,24.3
2010-11-21,24
2010-11-22,24.2
2010-11-23,24.5
2010-11-24,24.6
2010-11-25,24.4
2010-11-26,24.2
2010-11-27,24.3
2010-11-28,24.2
2010-11-29,24.6
2010-11-30,24.3
2010-12-01,24.3
2010-12-02,24.1
2010-12-03,23.8
2010-12-04,23.6
2010-12-05,23.6
2010-12-06,24.4
2010-12-07,26
2010-12-08,26.6
2010-12-09,27.4
2010-12-10,27.9
2010-12-11,28.1
2010-12-12,27.8
2010-12-13,27.5
2010-12-14,26.8
2010-12-15,27
2010-12-16,27.1
2010-12-17,26.9
2010-12-18,26.4
2010-12-19,26.2
2010-12-20,26.2
2010-12-21,28.1
2010-12-22,26.6
2010-12-23,25.8
2010-12-24,25.7
2010-12-25,25.5
2010-12-26,25.4
2010-12-27,25.4
2010-12-28,25.4
2010-12-29,25.4
2010-12-30,25.4
2010-12-31,25.2
2011-01-01,24.7
2011-01-02,24.6
2011-01-03,24.5
2011-01-04,24.4
2011-01-05,24.5
2011-01-06,24.7
2011-01-07,25.6
2011-01-08,25.2
2011-01-09,24.9
2011-01-10,25.7
2011-01-11,25.8
2011-01-12,25.5
2011-01-13,32.2
2011-01-14,159
2011-01-15,121
2011-01-16,45.2
2011-01-17,31
2011-01-18,27.6
2011-01-19,28
2011-01-20,27.7
2011-01-21,27.5
2011-01-22,27.1
2011-01-23,26.8
2011-01-24,27
2011-01-25,27
2011-01-26,27.1
2011-01-27,27.1
2011-01-28,26.7
2011-01-29,26.5
2011-01-30,26.3
2011-01-31,26.2
2011-02-01,26
2011-02-02,26.1
2011-02-03,25.7
2011-02-04,25.5
2011-02-05,25.4
2011-02-06,24.8
2011-02-07,24.2
2011-02-08,24
2011-02-09,24.1
2011-02-10,24.2
2011-02-11,24.1
2011-02-12,23.7
2011-02-13,23.6
2011-02-14,23.6
2011-02-15,23.6
2011-02-16,23.6
2011-02-17,23.7
2011-02-18,23.5
2011-02-19,23.4
2011-02-20,23.5
2011-02-21,23.9
2011-02-22,24.2
2011-02-23,24
2011-02-24,24.1
2011-02-25,23.9
2011-02-26,23.7
2011-02-27,24
2011-02-28,23.9
2011-03-01,27
2011-03-02,28.4
2011-03-03,28.6
2011-03-04,28.7
2011-03-05,28.8
2011-03-06,28.7
2011-03-07,28.9
2011-03-08,28.9
2011-03-09,29.1
2011-03-10,28.8
2011-03-11,28.5
2011-03-12,28.3
2011-03-13,28.2
2011-03-14,28.4
2011-03-15,28.4
2011-03-16,28.6
2011-03-17,29.6
2011-03-18,44.6
2011-03-19,42.7
2011-03-20,30.6
2011-03-21,29.8
2011-03-22,29.6
2011-03-23,29.6
2011-03-24,30.3
2011-03-25,30.1
2011-03-26,29.1
2011-03-27,27.8
2011-03-28,28.5
2011-03-29,28.4
2011-03-30,27.4
2011-03-31,27
2011-04-01,27.6
2011-04-02,27.6
2011-04-03,26.9
2011-04-04,27.9
2011-04-05,29.5
2011-04-06,29
2011-04-07,29
2011-04-08,27.9
2011-04-09,27.6
2011-04-10,27.6
2011-04-11,27.9
2011-04-12,27.8
2011-04-13,28.5
2011-04-14,28.8
2011-04-15,27.1
2011-04-16,28.6
2011-04-17,29.5
2011-04-18,29.5
2011-04-19,29.3
2011-04-20,29.2
2011-04-21,29.5
2011-04-22,29.5
2011-04-23,29.1
2011-04-24,28.9
2011-04-25,29
2011-04-26,29.3
2011-04-27,30.1
2011-04-28,29.8
2011-04-29,29.7
2011-04-30,29.2
2011-05-01,30
2011-05-02,30.3
2011-05-03,31
2011-05-04,31.7
2011-05-05,30.3
2011-05-06,30.2
2011-05-07,29.7
2011-05-08,29.9
2011-05-09,29.6
2011-05-10,29.4
2011-05-11,29.3
2011-05-12,29
2011-05-13,29.9
2011-05-14,30.9
2011-05-15,31.8
2011-05-16,31.2
2011-05-17,30.3
2011-05-18,29.9
2011-05-19,29.7
2011-05-20,31.5
2011-05-21,30.5
2011-05-22,29.7
2011-05-23,29.6
2011-05-24,29.3
2011-05-25,29.2
2011-05-26,29.1
2011-05-27,31.2
2011-05-28,32.3
2011-05-29,30.8
2011-05-30,30.3
2011-05-31,30.7
2011-06-01,48.3
2011-06-02,34.6
2011-06-03,33.2
2011-06-04,33.4
2011-06-05,33
2011-06-06,34.8
2011-06-07,35.6
2011-06-08,33.9
2011-06-09,34.2
2011-06-10,34.6
2011-06-11,34.4
2011-06-12,35.2
2011-06-13,35
2011-06-14,34.8
2011-06-15,35.3
2011-06-16,36.3
2011-06-17,36.9
2011-06-18,37.5
2011-06-19,64.5
2011-06-20,42.8
2011-06-21,35.9
2011-06-22,35.9
2011-06-23,37
2011-06-24,36.6
2011-06-25,35.6
2011-06-26,36
2011-06-27,36.3
2011-06-28,37.3
2011-06-29,37.3
2011-06-30,65.3
2011-07-01,85
2011-07-02,36.7
2011-07-03,35.1
2011-07-04,34
2011-07-05,33.4
2011-07-06,33.1
2011-07-07,33.1
2011-07-08,34.3
2011-07-09,34.5
2011-07-10,34.9
2011-07-11,35.4
2011-07-12,34.1
2011-07-13,35.1
2011-07-14,36
2011-07-15,35.5
2011-07-16,35.4
2011-07-17,35.1
2011-07-18,36
2011-07-19,35.6
2011-07-20,39
2011-07-21,111
2011-07-22,76.2
2011-07-23,51.9
2011-07-24,43.7
2011-07-25,38.9
2011-07-26,38.7
2011-07-27,38.5
2011-07-28,37.8
2011-07-29,38
2011-07-30,38.4
2011-07-31,37.5
2011-08-01,35.3
2011-08-02,34.2
2011-08-03,34.2
2011-08-04,34.7
2011-08-05,34
2011-08-06,34.8
2011-08-07,34.4
2011-08-08,66.3
2011-08-09,76.3
2011-08-10,66.9
2011-08-11,76.8
2011-08-12,42.6
2011-08-13,33.9
2011-08-14,32.8
2011-08-15,34
2011-08-16,39.5
2011-08-17,33.8
2011-08-18,32.4
2011-08-19,32.5
2011-08-20,32.5
2011-08-21,31.6
2011-08-22,31.7
2011-08-23,32.6
2011-08-24,32.4
2011-08-25,32.3
2011-08-26,31.4
2011-08-27,31.3
2011-08-28,31.3
2011-08-29,32
2011-08-30,32.7
2011-08-31,32.5
2011-09-01,29.6
2011-09-02,28.7
2011-09-03,28.4
2011-09-04,27.6
2011-09-05,29.2
2011-09-06,30.2
2011-09-07,28.5
2011-09-08,28.2
2011-09-09,28.4
2011-09-10,28
2011-09-11,27.7
2011-09-12,27.6
2011-09-13,27.6
2011-09-14,28.3
2011-09-15,29
2011-09-16,28.1
2011-09-17,27.7
2011-09-18,29.1
2011-09-19,30.6
2011-09-20,31.8
2011-09-21,29.6
2011-09-22,29.6
2011-09-23,29
2011-09-24,28.8
2011-09-25,28.4
2011-09-26,28
2011-09-27,28
2011-09-28,27.8
2011-09-29,27.3
2011-09-30,27.4
2011-10-01,25.6
2011-10-02,25
2011-10-03,24.7
2011-10-04,24.5
2011-10-05,24.5
2011-10-06,24.3
2011-10-07,24.8
2011-10-08,25.3
2011-10-09,26.2
2011-10-10,31.6
2011-10-11,141
2011-10-12,120
2011-10-13,103
2011-10-14,64.3
2011-10-15,27.4
2011-10-16,25
2011-10-17,24.4
2011-10-18,24
2011-10-19,23.9
2011-10-20,24.1
2011-10-21,24.2
2011-10-22,24
2011-10-23,23.6
2011-10-24,23.6
2011-10-25,23.4
2011-10-26,23.4
2011-10-27,23.5
2011-10-28,23.4
2011-10-29,23.3
2011-10-30,23.5
2011-10-31,23.2
2011-11-01,22.8
2011-11-02,22.2
2011-11-03,22.2
2011-11-04,22.2
2011-11-05,22
2011-11-06,21.6
2011-11-07,21.6
2011-11-08,21.6
2011-11-09,21.6
2011-11-10,21.9
2011-11-11,22.4
2011-11-12,22.3
2011-11-13,21.9
2011-11-14,21.7
2011-11-15,22
2011-11-16,22.2
2011-11-17,22.3
2011-11-18,21.5
2011-11-19,21
2011-11-20,20.6
2011-11-21,20.8
2011-11-22,21.3
2011-11-23,22.5
2011-11-24,23
2011-11-25,22.7
2011-11-26,22
2011-11-27,21.6
2011-11-28,21.6
2011-11-29,20.9
2011-11-30,20.8
2011-12-01,20.7
2011-12-02,20.5
2011-12-03,21.1
2011-12-04,20.9
2011-12-05,21.2
2011-12-06,21.6
2011-12-07,21.7
2011-12-08,22.2
2011-12-09,22.1
2011-12-10,23.3
2011-12-11,23.6
2011-12-12,22.5
2011-12-13,23.1
2011-12-14,22.4
2011-12-15,22.3
2011-12-16,22.2
2011-12-17,23
2011-12-18,22.3
2011-12-19,22.4
2011-12-20,21.9
2011-12-21,22.5
2011-12-22,23.3
2011-12-23,24.1
2011-12-24,23.7
2011-12-25,22.4
2011-12-26,22.2
2011-12-27,22.2
2011-12-28,22.3
2011-12-29,22.5
2011-12-30,22.6
2011-12-31,22.7
2012-01-01,29.2
2012-01-02,25.5
2012-01-03,22.7
2012-01-04,23.5
2012-01-05,23.3
2012-01-06,23.9
2012-01-07,23
2012-01-08,23.9
2012-01-09,24.5
2012-01-10,23.9
2012-01-11,23.2
2012-01-12,23.1
2012-01-13,23.3
2012-01-14,23.1
2012-01-15,23
2012-01-16,23.2
2012-01-17,23.2
2012-01-18,23.1
2012-01-19,23.3
2012-01-20,24.4
2012-01-21,24.6
2012-01-22,29
2012-01-23,34.7
2012-01-24,35.8
2012-01-25,26
2012-01-26,25
2012-01-27,24.8
2012-01-28,24.4
2012-01-29,24.3
2012-01-30,24
2012-01-31,23.9
2012-02-01,23.4
2012-02-02,24
2012-02-03,23
2012-02-04,22.7
2012-02-05,22.4
2012-02-06,22
2012-02-07,22.1
2012-02-08,21.9
2012-02-09,22
2012-02-10,21.9
2012-02-11,21.7
2012-02-12,21.4
2012-02-13,20.8
2012-02-14,20.5
2012-02-15,20.2
2012-02-16,20
2012-02-17,19.8
2012-02-18,20.1
2012-02-19,20.5
2012-02-20,20.8
2012-02-21,20.1
2012-02-22,20
2012-02-23,19.7
2012-02-24,20.6
2012-02-25,20.6
2012-02-26,20.7
2012-02-27,20.8
2012-02-28,20.7
2012-02-29,20.7
2012-03-01,23.7
2012-03-02,25
2012-03-03,25.1
2012-03-04,25
2012-03-05,25.5
2012-03-06,25.8
2012-03-07,25
2012-03-08,25
2012-03-09,25.4
2012-03-10,24.5
2012-03-11,24.4
2012-03-12,24.8
2012-03-13,24.3
2012-03-14,24.3
2012-03-15,24.6
2012-03-16,24.7
2012-03-17,24.7
2012-03-18,24.5
2012-03-19,25.5
2012-03-20,25.8
2012-03-21,25.3
2012-03-22,25.3
2012-03-23,25.4
2012-03-24,25.4
2012-03-25,26.3
2012-03-26,25.6
2012-03-27,26
2012-03-28,26.1
2012-03-29,25.6
2012-03-30,26.2
2012-03-31,26.6
2012-04-01,26.6
2012-04-02,26.6
2012-04-03,26.5
2012-04-04,26.4
2012-04-05,26.4
2012-04-06,28.3
2012-04-07,38.1
2012-04-08,32.8
2012-04-09,28.1
2012-04-10,26.8
2012-04-11,26.3
2012-04-12,26.7
2012-04-13,26.3
2012-04-14,26.2
2012-04-15,26.1
2012-04-16,28.1
2012-04-17,43.5
2012-04-18,31.8
2012-04-19,28.3
2012-04-20,27.8
2012-04-21,28.1
2012-04-22,27.8
2012-04-23,28.1
2012-04-24,28
2012-04-25,28.7
2012-04-26,27.2
2012-04-27,27.4
2012-04-28,26.9
2012-04-29,26.6
2012-04-30,27
2012-05-01,34
2012-05-02,27.9
2012-05-03,27.8
2012-05-04,27.9
2012-05-05,27.5
2012-05-06,27.5
2012-05-07,28.1
2012-05-08,27.8
2012-05-09,27.7
2012-05-10,27.7
2012-05-11,27.6
2012-05-12,28.7
2012-05-13,29.3
2012-05-14,28.3
2012-05-15,28.5
2012-05-16,29.1
2012-05-17,29.5
2012-05-18,29.1
2012-05-19,29.1
2012-05-20,29.7
2012-05-21,30
2012-05-22,30.4
2012-05-23,30.9
2012-05-24,31.6
2012-05-25,31.8
2012-05-26,31.7
2012-05-27,31.9
2012-05-28,32.1
2012-05-29,33.1
2012-05-30,35.3
2012-05-31,34.8
2012-06-01,40.7
2012-06-02,64.7
2012-06-03,38.8
2012-06-04,58.9
2012-06-05,147
2012-06-06,121
2012-06-07,50.3
2012-06-08,43.8
2012-06-09,54.1
2012-06-10,107
2012-06-11,167
2012-06-12,105
2012-06-13,169
2012-06-14,189
2012-06-15,110
2012-06-16,60.4
2012-06-17,45.8
2012-06-18,43.9
2012-06-19,46.7
2012-06-20,53.9
2012-06-21,135
2012-06-22,95.8
2012-06-23,49.8
2012-06-24,44.6
2012-06-25,44.3
2012-06-26,43.9
2012-06-27,42.4
2012-06-28,42.1
2012-06-29,41.8
2012-06-30,41.5
2012-07-01,40.6
2012-07-02,39.5
2012-07-03,39.3
2012-07-04,39.3
2012-07-05,38.5
2012-07-06,48.5
2012-07-07,47.4
2012-07-08,38.8
2012-07-09,47.4
2012-07-10,41.2
2012-07-11,36.5
2012-07-12,35.9
2012-07-13,35.6
2012-07-14,36.4
2012-07-15,36.6
2012-07-16,36.9
2012-07-17,36.2
2012-07-18,36.8
2012-07-19,36.5
2012-07-20,36.7
2012-07-21,37
2012-07-22,35.9
2012-07-23,36
2012-07-24,35.7
2012-07-25,35.7
2012-07-26,35.5
2012-07-27,35.1
2012-07-28,35
2012-07-29,35
2012-07-30,35.1
2012-07-31,34.9
2012-08-01,33.5
2012-08-02,31.7
2012-08-03,40.8
2012-08-04,33.7
2012-08-05,32.8
2012-08-06,33.6
2012-08-07,56.5
2012-08-08,38.3
2012-08-09,32.5
2012-08-10,32.4
2012-08-11,31.8
2012-08-12,31.6
2012-08-13,31.5
2012-08-14,31.3
2012-08-15,30.8
2012-08-16,31.6
2012-08-17,32.5
2012-08-18,30.8
2012-08-19,30.5
2012-08-20,30.6
2012-08-21,32.3
2012-08-22,32.1
2012-08-23,31.2
2012-08-24,30.7
2012-08-25,31.1
2012-08-26,38.6
2012-08-27,45.7
2012-08-28,31.4
2012-08-29,30.8
2012-08-30,30.3
2012-08-31,78.4
2012-09-01,99.7
2012-09-02,44.7
2012-09-03,32
2012-09-04,31.1
2012-09-05,30.1
2012-09-06,30.1
2012-09-07,29.9
2012-09-08,29.2
2012-09-09,28.8
2012-09-10,28.5
2012-09-11,28.4
2012-09-12,29.2
2012-09-13,30.4
2012-09-14,29.5
2012-09-15,28.7
2012-09-16,28.3
2012-09-17,28.2
2012-09-18,28.1
2012-09-19,28.7
2012-09-20,29.1
2012-09-21,28.4
2012-09-22,29.2
2012-09-23,29.6
2012-09-24,28.1
2012-09-25,28.1
2012-09-26,27.9
2012-09-27,27.8
2012-09-28,27.8
2012-09-29,27.8
2012-09-30,27.8
2012-10-01,27
2012-10-02,25.5
2012-10-03,24.8
2012-10-04,24.5
2012-10-05,24.5
2012-10-06,24.7
2012-10-07,24.9
2012-10-08,24.8
2012-10-09,25.1
2012-10-10,103
2012-10-11,129
2012-10-12,94.2
2012-10-13,53.8
2012-10-14,33.5
2012-10-15,24.3
2012-10-16,24.3
2012-10-17,25.2
2012-10-18,24.5
2012-10-19,23.8
2012-10-20,23.2
2012-10-21,23.7
2012-10-22,23.5
2012-10-23,23.1
2012-10-24,23.6
2012-10-25,23.4
2012-10-26,23
2012-10-27,23.6
2012-10-28,25
2012-10-29,23.4
2012-10-30,23.7
2012-10-31,23.8
2012-11-01,23.7
2012-11-02,23.6
2012-11-03,23.1
2012-11-04,22.9
2012-11-05,24.9
2012-11-06,25.2
2012-11-07,24.1
2012-11-08,23.3
2012-11-09,22.9
2012-11-10,22.7
2012-11-11,22.9
2012-11-12,23.7
2012-11-13,22.7
2012-11-14,23.1
2012-11-15,23.4
2012-11-16,23.5
2012-11-17,23.4
2012-11-18,23.2
2012-11-19,23.3
2012-11-20,23.3
2012-11-21,23.1
2012-11-22,23.2
2012-11-23,23.1
2012-11-24,23.1
2012-11-25,23
2012-11-26,23.1
2012-11-27,23.1
2012-11-28,23
2012-11-29,24.4
2012-11-30,25.1
2012-12-01,23.7
2012-12-02,23.4
2012-12-03,23.6
2012-12-04,23.9
2012-12-05,24
2012-12-06,23.7
2012-12-07,24
2012-12-08,24.1
2012-12-09,24.3
2012-12-10,24.5
2012-12-11,24.9
2012-12-12,25.2
2012-12-13,25.2
2012-12-14,25.4
2012-12-15,25.9
2012-12-16,27.1
2012-12-17,26.9
2012-12-18,27.4
2012-12-19,26.9
2012-12-20,27.2
2012-12-21,27.8
2012-12-22,28.4
2012-12-23,36.1
2012-12-24,72.5
2012-12-25,33.2
2012-12-26,28.3
2012-12-27,27.7
2012-12-28,29
2012-12-29,27.9
2012-12-30,27.3
2012-12-31,27.3
2013-01-01,27.4
2013-01-02,26.8
2013-01-03,26
2013-01-04,26.4
2013-01-05,94.3
2013-01-06,211
2013-01-07,116
2013-01-08,47.9
2013-01-09,28.7
2013-01-10,27.4
2013-01-11,26.7
2013-01-12,26
2013-01-13,25.6
2013-01-14,25.2
2013-01-15,25
2013-01-16,24.6
2013-01-17,24.7
2013-01-18,24.3
2013-01-19,24
2013-01-20,23.6
2013-01-21,23.6
2013-01-22,23.7
2013-01-23,23.4
2013-01-24,23.4
2013-01-25,23.1
2013-01-26,23.1
2013-01-27,23.1
2013-01-28,23.3
2013-01-29,24.1
2013-01-30,24.5
2013-01-31,38.1
2013-02-01,34.8
2013-02-02,67.1
2013-02-03,61.7
2013-02-04,31.9
2013-02-05,27.9
2013-02-06,27.8
2013-02-07,27.2
2013-02-08,27.2
2013-02-09,27
2013-02-10,26
2013-02-11,25.4
2013-02-12,25.9
2013-02-13,25.4
2013-02-14,24.9
2013-02-15,24.4
2013-02-16,24.2
2013-02-17,24.3
2013-02-18,24
2013-02-19,23.4
2013-02-20,24.1
2013-02-21,23.8
2013-02-22,23.8
2013-02-23,23.5
2013-02-24,23.4
2013-02-25,23.6
2013-02-26,22.9
2013-02-27,22.7
2013-02-28,23.2
2013-03-01,26.5
2013-03-02,27.5
2013-03-03,27.5
2013-03-04,27.2
2013-03-05,27.8
2013-03-06,27.9
2013-03-07,27.9
2013-03-08,27.7
2013-03-09,27.7
2013-03-10,28
2013-03-11,28.5
2013-03-12,34
2013-03-13,33.5
2013-03-14,30.1
2013-03-15,32.7
2013-03-16,31.9
2013-03-17,32
2013-03-18,32.5
2013-03-19,33.8
2013-03-20,30.5
2013-03-21,27.8
2013-03-22,28.1
2013-03-23,28
2013-03-24,28
2013-03-25,28.2
2013-03-26,28.7
2013-03-27,28.8
2013-03-28,29.1
2013-03-29,30.5
2013-03-30,29.4
2013-03-31,30.5
2013-04-01,29.9
2013-04-02,29.9
2013-04-03,29.7
2013-04-04,29.9
2013-04-05,29.8
2013-04-06,30.1
2013-04-07,29.8
2013-04-08,29.7
2013-04-09,29.7
2013-04-10,29.4
2013-04-11,29.5
2013-04-12,29.8
2013-04-13,28.9
2013-04-14,28.8
2013-04-15,29
2013-04-16,29.4
2013-04-17,29.7
2013-04-18,29.8
2013-04-19,39.3
2013-04-20,39.7
2013-04-21,32.3
2013-04-22,30.5
2013-04-23,30.2
2013-04-24,29.9
2013-04-25,29.5
2013-04-26,29.5
2013-04-27,29.4
2013-04-28,29.4
2013-04-29,29.5
2013-04-30,29.4
2013-05-01,30
2013-05-02,30.6
2013-05-03,30.8
2013-05-04,31
2013-05-05,30.7
2013-05-06,31
2013-05-07,31.3
2013-05-08,31.3
2013-05-09,31.4
2013-05-10,33.1
2013-05-11,42.5
2013-05-12,39.2
2013-05-13,34.7
2013-05-14,33.6
2013-05-15,32.8
2013-05-16,32.1
2013-05-17,32.6
2013-05-18,32.7
2013-05-19,32.2
2013-05-20,31.4
2013-05-21,31.9
2013-05-22,33.2
2013-05-23,32.5
2013-05-24,30.5
2013-05-25,30.2
2013-05-26,30
2013-05-27,31.9
2013-05-28,30.3
2013-05-29,30.4
2013-05-30,30.4
2013-05-31,73.2
2013-06-01,323
2013-06-02,458
2013-06-03,639
2013-06-04,517
2013-06-05,412
2013-06-06,322
2013-06-07,217
2013-06-08,174
2013-06-09,166
2013-06-10,159
2013-06-11,107
2013-06-12,89
2013-06-13,82.7
2013-06-14,78.9
2013-06-15,59.9
2013-06-16,51.3
2013-06-17,87.8
2013-06-18,96
2013-06-19,106
2013-06-20,98.7
2013-06-21,88.2
2013-06-22,68.4
2013-06-23,63.1
2013-06-24,97.8
2013-06-25,124
2013-06-26,183
2013-06-27,187
2013-06-28,101
2013-06-29,50.8
2013-06-30,48.9
2013-07-01,78.9
2013-07-02,92
2013-07-03,103
2013-07-04,105
2013-07-05,110
2013-07-06,89
2013-07-07,52.7
2013-07-08,58.3
2013-07-09,67.6
2013-07-10,80.4
2013-07-11,66
2013-07-12,56.4
2013-07-13,39.7
2013-07-14,38.8
2013-07-15,48.4
2013-07-16,54.2
2013-07-17,56.9
2013-07-18,63.8
2013-07-19,59
2013-07-20,46.8
2013-07-21,40
2013-07-22,39.3
2013-07-23,36.6
2013-07-24,36
2013-07-25,36.4
2013-07-26,37.6
2013-07-27,39.8
2013-07-28,35.6
2013-07-29,35.3
2013-07-30,36.1
2013-07-31,35.4
2013-08-01,34
2013-08-02,33.3
2013-08-03,32
2013-08-04,31.5
2013-08-05,31
2013-08-06,30.6
2013-08-07,31.3
2013-08-08,37.1
2013-08-09,45
2013-08-10,44
2013-08-11,34.9
2013-08-12,32.6
2013-08-13,31.5
2013-08-14,32
2013-08-15,31.9
2013-08-16,31.8
2013-08-17,31.6
2013-08-18,31.6
2013-08-19,32.9
2013-08-20,41.3
2013-08-21,43.5
2013-08-22,38.6
2013-08-23,38.5
2013-08-24,35.1
2013-08-25,39.7
2013-08-26,74.4
2013-08-27,66.7
2013-08-28,103
2013-08-29,110
2013-08-30,76.9
2013-08-31,33.1
2013-09-01,29.8
2013-09-02,46.6
2013-09-03,39
2013-09-04,43.6
2013-09-05,46.5
2013-09-06,47.1
2013-09-07,38
2013-09-08,32.7
2013-09-09,40.4
2013-09-10,47.2
2013-09-11,62
2013-09-12,62.6
2013-09-13,139
2013-09-14,149
2013-09-15,83
2013-09-16,79.7
2013-09-17,103
2013-09-18,127
2013-09-19,200
2013-09-20,223
2013-09-21,165
2013-09-22,112
2013-09-23,85.5
2013-09-24,82.5
2013-09-25,82.5
2013-09-26,81.2
2013-09-27,88.8
2013-09-28,92.1
2013-09-29,65.6
2013-09-30,45.4
2013-10-01,45.3
2013-10-02,58.4
2013-10-03,66.1
2013-10-04,54.6
2013-10-05,41.4
2013-10-06,36.1
2013-10-07,35.2
2013-10-08,43
2013-10-09,48.6
2013-10-10,47.6
2013-10-11,86.2
2013-10-12,108
2013-10-13,74.9
2013-10-14,79.2
2013-10-15,82.1
2013-10-16,144
2013-10-17,143
2013-10-18,117
2013-10-19,113
2013-10-20,95.5
2013-10-21,85.8
2013-10-22,82.3
2013-10-23,88.9
2013-10-24,88.7
2013-10-25,79.3
2013-10-26,68.3
2013-10-27,64
2013-10-28,60.2
2013-10-29,59
2013-10-30,54.9
2013-10-31,60.2
2013-11-01,57
2013-11-02,51
2013-11-03,48.9
2013-11-04,57.4
2013-11-05,56.6
2013-11-06,57.4
2013-11-07,72.8
2013-11-08,73.7
2013-11-09,78.2
2013-11-10,86.8
2013-11-11,80.3
2013-11-12,70.5
2013-11-13,56
2013-11-14,49.8
2013-11-15,40.7
2013-11-16,31.1
2013-11-17,24.1
2013-11-18,23.1
2013-11-19,22.6
2013-11-20,22.4
2013-11-21,22
2013-11-22,21.7
2013-11-23,21.8
2013-11-24,22.3
2013-11-25,21.8
2013-11-26,21.7
2013-11-27,21.5
2013-11-28,21.6
2013-11-29,21.6
2013-11-30,21.7
2013-12-01,21.3
2013-12-02,21.3
2013-12-03,20.9
2013-12-04,21.3
2013-12-05,21
2013-12-06,20.9
2013-12-07,20.6
2013-12-08,20.5
2013-12-09,20.6
2013-12-10,20.2
2013-12-11,20.5
2013-12-12,20.4
2013-12-13,20.4
2013-12-14,20.2
2013-12-15,20.2
2013-12-16,20
2013-12-17,20.3
2013-12-18,20.5
2013-12-19,20.5
2013-12-20,20.5
2013-12-21,20.4
2013-12-22,20.4
2013-12-23,20.2
2013-12-24,20.3
2013-12-25,20.2
2013-12-26,20.2
2013-12-27,20.4
2013-12-28,20.3
2013-12-29,20.2
2013-12-30,20.4
2013-12-31,20.5
2014-01-01,20.6
2014-01-02,20.6
2014-01-03,20.5
2014-01-04,20.5
2014-01-05,20.7
2014-01-06,20.6
2014-01-07,20.6
2014-01-08,20.7
2014-01-09,20.7
2014-01-10,21.5
2014-01-11,21.4
2014-01-12,20.9
2014-01-13,21.1
2014-01-14,21.3
2014-01-15,22.2
2014-01-16,21.4
2014-01-17,21.5
2014-01-18,21.9
2014-01-19,21.5
2014-01-20,21.5
2014-01-21,22.2
2014-01-22,22.1
2014-01-23,21.7
2014-01-24,22.1
2014-01-25,21.9
2014-01-26,22.1
2014-01-27,22.8
2014-01-28,22.8
2014-01-29,22.5
2014-01-30,22.5
2014-01-31,22.4
2014-02-01,22.3
2014-02-02,22.3
2014-02-03,22.6
2014-02-04,22.6
2014-02-05,22.6
2014-02-06,22.3
2014-02-07,22.3
2014-02-08,22.2
2014-02-09,22.2
2014-02-10,22.3
2014-02-11,22.4
2014-02-12,22.4
2014-02-13,22.5
2014-02-14,22.2
2014-02-15,21.5
2014-02-16,21
2014-02-17,21.2
2014-02-18,21.1
2014-02-19,21.3
2014-02-20,21.1
2014-02-21,21.2
2014-02-22,21.3
2014-02-23,21.1
2014-02-24,21.1
2014-02-25,21.2
2014-02-26,20.9
2014-02-27,20.8
2014-02-28,21.2
2014-03-01,23.5
2014-03-02,24.8
2014-03-03,24.9
2014-03-04,25
2014-03-05,24.8
2014-03-06,25.1
2014-03-07,25.1
2014-03-08,25.3
2014-03-09,25.3
2014-03-10,25.6
2014-03-11,26.8
2014-03-12,27.1
2014-03-13,27.3
2014-03-14,27.5
2014-03-15,27.4
2014-03-16,27.9
2014-03-17,28.4
2014-03-18,28.5
2014-03-19,28.2
2014-03-20,28.4
2014-03-21,28.6
2014-03-22,28.9
2014-03-23,29.8
2014-03-24,32.8
2014-03-25,31.4
2014-03-26,31.1
2014-03-27,31
2014-03-28,30.4
2014-03-29,30.2
2014-03-30,29.9
2014-03-31,29.8
2014-04-01,30.7
2014-04-02,30.3
2014-04-03,30
2014-04-04,29.9
2014-04-05,29.5
2014-04-06,29.3
2014-04-07,29.3
2014-04-08,29.1
2014-04-09,29.1
2014-04-10,29.1
2014-04-11,29.4
2014-04-12,29.1
2014-04-13,28.6
2014-04-14,28.5
2014-04-15,28.5
2014-04-16,28.6
2014-04-17,28.7
2014-04-18,28.5
2014-04-19,29
2014-04-20,28.5
2014-04-21,28.3
2014-04-22,29.2
2014-04-23,28.2
2014-04-24,27.1
2014-04-25,28
2014-04-26,28
2014-04-27,28.5
2014-04-28,28.8
2014-04-29,28.5
2014-04-30,29.1
2014-05-01,28.7
2014-05-02,30
2014-05-03,34.2
2014-05-04,37.4
2014-05-05,28.7
2014-05-06,27.7
2014-05-07,27.6
2014-05-08,27.8
2014-05-09,27.9
2014-05-10,27.9
2014-05-11,27.8
2014-05-12,27.4
2014-05-13,27.9
2014-05-14,28
2014-05-15,28
2014-05-16,32.3
2014-05-17,29.4
2014-05-18,28.1
2014-05-19,27.7
2014-05-20,27.9
2014-05-21,28
2014-05-22,27.9
2014-05-23,27.7
2014-05-24,27.8
2014-05-25,27.8
2014-05-26,28.3
2014-05-27,28.9
2014-05-28,29
2014-05-29,28.9
2014-05-30,29
2014-05-31,29.7
2014-06-01,31
2014-06-02,30.9
2014-06-03,30.3
2014-06-04,30.5
2014-06-05,30.4
2014-06-06,30.8
2014-06-07,30.2
2014-06-08,30.1
2014-06-09,30.3
2014-06-10,30.3
2014-06-11,30.2
2014-06-12,29.9
2014-06-13,30
2014-06-14,29.9
2014-06-15,29.9
2014-06-16,30.1
2014-06-17,29.9
2014-06-18,29.9
2014-06-19,29.8
2014-06-20,29.9
2014-06-21,30
2014-06-22,29.9
2014-06-23,30.1
2014-06-24,30.4
2014-06-25,30.7
2014-06-26,30.3
2014-06-27,30.5
2014-06-28,30.7
2014-06-29,31.2
2014-06-30,31.4
2014-07-01,30.5
2014-07-02,29.6
2014-07-03,29.7
2014-07-04,29.7
2014-07-05,29.1
2014-07-06,29.4
2014-07-07,29.7
2014-07-08,30.4
2014-07-09,31.4
2014-07-10,34.7
2014-07-11,30.7
2014-07-12,42
2014-07-13,35.7
2014-07-14,30.3
2014-07-15,29.8
2014-07-16,29.5
2014-07-17,29.7
2014-07-18,30.1
2014-07-19,30.1
2014-07-20,30.2
2014-07-21,31.1
2014-07-22,31.9
2014-07-23,31.2
2014-07-24,30.3
2014-07-25,30.3
2014-07-26,31
2014-07-27,34.8
2014-07-28,34.3
2014-07-29,31.1
2014-07-30,30.7
2014-07-31,162
2014-08-01,224
2014-08-02,177
2014-08-03,182
2014-08-04,169
2014-08-05,175
2014-08-06,156
2014-08-07,64.2
2014-08-08,38.1
2014-08-09,30
2014-08-10,28.9
2014-08-11,29.1
2014-08-12,37.2
2014-08-13,43.2
2014-08-14,61.7
2014-08-15,49.2
2014-08-16,31.7
2014-08-17,29.5
2014-08-18,28.1
2014-08-19,27.9
2014-08-20,27.5
2014-08-21,27.7
2014-08-22,27.7
2014-08-23,27.5
2014-08-24,27.7
2014-08-25,27.7
2014-08-26,27.8
2014-08-27,27.9
2014-08-28,27.8
2014-08-29,27.6
2014-08-30,27.8
2014-08-31,28
2014-09-01,30.1
2014-09-02,46.7
2014-09-03,35.8
2014-09-04,27.6
2014-09-05,27
2014-09-06,26.6
2014-09-07,26.3
2014-09-08,26.1
2014-09-09,26
2014-09-10,26.3
2014-09-11,25.9
2014-09-12,26
2014-09-13,26.4
2014-09-14,26.1
2014-09-15,26
2014-09-16,25.6
2014-09-17,25.5
2014-09-18,25.5
2014-09-19,25.6
2014-09-20,26
2014-09-21,26.3
2014-09-22,30.1
2014-09-23,26.5
2014-09-24,26
2014-09-25,25.8
2014-09-26,25.9
2014-09-27,25.5
2014-09-28,25.3
2014-09-29,25.3
2014-09-30,25.4
2014-10-01,24.7
2014-10-02,24.5
2014-10-03,23.9
2014-10-04,23.7
2014-10-05,23.8
2014-10-06,23.6
2014-10-07,23.5
2014-10-08,23.5
2014-10-09,23.3
2014-10-10,23.4
2014-10-11,23.2
2014-10-12,23
2014-10-13,23
2014-10-14,23.2
2014-10-15,23.2
2014-10-16,23
2014-10-17,23.5
2014-10-18,23.2
2014-10-19,22.6
2014-10-20,22.7
2014-10-21,24.1
2014-10-22,24.4
2014-10-23,61.5
2014-10-24,157
2014-10-25,62.1
2014-10-26,33
2014-10-27,37.5
2014-10-28,34.1
2014-10-29,24.8
2014-10-30,24
2014-10-31,23.2
2014-11-01,22.8
2014-11-02,22.1
2014-11-03,21.9
2014-11-04,22.2
2014-11-05,22.2
2014-11-06,23.2
2014-11-07,23.4
2014-11-08,22.5
2014-11-09,22.2
2014-11-10,22.2
2014-11-11,22.4
2014-11-12,22.4
2014-11-13,22.5
2014-11-14,22.7
2014-11-15,22.7
2014-11-16,22.6
2014-11-17,22.6
2014-11-18,23.3
2014-11-19,23.7
2014-11-20,23.9
2014-11-21,23.5
2014-11-22,23.2
2014-11-23,23.1
2014-11-24,23.1
2014-11-25,22.5
2014-11-26,23.2
2014-11-27,22.8
2014-11-28,23
2014-11-29,23
2014-11-30,22.9
2014-12-01,22.7
2014-12-02,22.9
2014-12-03,22.8
2014-12-04,22.8
2014-12-05,22.7
2014-12-06,22.6
2014-12-07,22.5
2014-12-08,22.8
2014-12-09,22.7
2014-12-10,22.5
2014-12-11,22.6
2014-12-12,22.5
2014-12-13,22.1
2014-12-14,22.1
2014-12-15,21.8
2014-12-16,22.1
2014-12-17,22.5
2014-12-18,23
2014-12-19,22.5
2014-12-20,23.7
2014-12-21,22.6
2014-12-22,22.5
2014-12-23,22.5
2014-12-24,22.5
2014-12-25,22.5
2014-12-26,22.6
2014-12-27,22.7
2014-12-28,23
2014-12-29,23.1
2014-12-30,23.3
2014-12-31,23.1
2015-01-01,22.9
2015-01-02,22.7
2015-01-03,24.9
2015-01-04,28.3
2015-01-05,26
2015-01-06,25
2015-01-07,25
2015-01-08,24.9
2015-01-09,24.6
2015-01-10,24.4
2015-01-11,40.1
2015-01-12,61
2015-01-13,37.3
2015-01-14,26.7
2015-01-15,25.1
2015-01-16,24.4
2015-01-17,24.7
2015-01-18,25
2015-01-19,24.4
2015-01-20,24.3
2015-01-21,24.3
2015-01-22,24.2
2015-01-23,24.1
2015-01-24,24
2015-01-25,24
2015-01-26,24.1
2015-01-27,24.2
2015-01-28,24.1
2015-01-29,24.5
2015-01-30,24.3
2015-01-31,23.8
2015-02-01,23.6
2015-02-02,23.6
2015-02-03,23.9
2015-02-04,24.2
2015-02-05,24
2015-02-06,24
2015-02-07,23.8
2015-02-08,23.8
2015-02-09,23.5
2015-02-10,23.6
2015-02-11,23.5
2015-02-12,23.5
2015-02-13,23.6
2015-02-14,23.3
2015-02-15,23.1
2015-02-16,23.2
2015-02-17,23.1
2015-02-18,23.3
2015-02-19,23.3
2015-02-20,23.3
2015-02-21,23.3
2015-02-22,23.1
2015-02-23,23.6
2015-02-24,23.2
2015-02-25,24.2
2015-02-26,24.1
2015-02-27,24.1
2015-02-28,24.2
2015-03-01,27.3
2015-03-02,28.9
2015-03-03,29.3
2015-03-04,29.2
2015-03-05,29
2015-03-06,28.9
2015-03-07,28.6
2015-03-08,28.5
2015-03-09,28.9
2015-03-10,28.7
2015-03-11,28.9
2015-03-12,29.1
2015-03-13,29.2
2015-03-14,29.2
2015-03-15,28.8
2015-03-16,28.7
2015-03-17,28.6
2015-03-18,28.7
2015-03-19,29.2
2015-03-20,29
2015-03-21,29.2
2015-03-22,30.1
2015-03-23,30
2015-03-24,30
2015-03-25,30
2015-03-26,29.5
2015-03-27,30
2015-03-28,30
2015-03-29,29.8
2015-03-30,30.5
2015-03-31,31.3
2015-04-01,31.1
2015-04-02,31.2
2015-04-03,28.7
2015-04-04,28.8
2015-04-05,29.1
2015-04-06,28.2
2015-04-07,28.5
2015-04-08,28.8
2015-04-09,28.3
2015-04-10,28.7
2015-04-11,28.5
2015-04-12,28.5
2015-04-13,28.6
2015-04-14,28.5
2015-04-15,28.8
2015-04-16,28.9
2015-04-17,29.3
2015-04-18,29.7
2015-04-19,29.3
2015-04-20,29
2015-04-21,28.2
2015-04-22,28.2
2015-04-23,28.3
2015-04-24,28.4
2015-04-25,28.5
2015-04-26,28.6
2015-04-27,28.4
2015-04-28,28.8
2015-04-29,29.4
2015-04-30,28.8
2015-05-01,30
2015-05-02,31.8
2015-05-03,35
2015-05-04,56.3
2015-05-05,34.1
2015-05-06,30.2
2015-05-07,46.8
2015-05-08,32.2
2015-05-09,29.7
2015-05-10,29
2015-05-11,28.6
2015-05-12,28.5
2015-05-13,28
2015-05-14,28
2015-05-15,27.9
2015-05-16,27.9
2015-05-17,27.7
2015-05-18,27.6
2015-05-19,27.5
2015-05-20,101
2015-05-21,240
2015-05-22,204
2015-05-23,161
2015-05-24,133
2015-05-25,108
2015-05-26,91.6
2015-05-27,135
2015-05-28,81.9
2015-05-29,48.9
2015-05-30,30.9
2015-05-31,28.6
2015-06-01,28.7
2015-06-02,29.2
2015-06-03,28.9
2015-06-04,28.9
2015-06-05,28.8
2015-06-06,28.7
2015-06-07,29.1
2015-06-08,31.3
2015-06-09,30.4
2015-06-10,29.7
2015-06-11,29.2
2015-06-12,28.9
2015-06-13,28.9
2015-06-14,29
2015-06-15,30.9
2015-06-16,36
2015-06-17,29.3
2015-06-18,30.3
2015-06-19,30
2015-06-20,38.1
2015-06-21,98.7
2015-06-22,82.2
2015-06-23,86.1
2015-06-24,74.7
2015-06-25,33.5
2015-06-26,30.1
2015-06-27,29.1
2015-06-28,28.9
2015-06-29,28.6
2015-06-30,28
2015-07-01,26.9
2015-07-02,26.2
2015-07-03,26.5
2015-07-04,26.9
2015-07-05,28.1
2015-07-06,27.6
2015-07-07,26.9
2015-07-08,26.4
2015-07-09,27.3
2015-07-10,27.1
2015-07-11,27.1
2015-07-12,27
2015-07-13,26.6
2015-07-14,26.7
2015-07-15,26.5
2015-07-16,26.6
2015-07-17,26.6
2015-07-18,26.6
2015-07-19,26.5
2015-07-20,26.9
2015-07-21,27
2015-07-22,26.8
2015-07-23,27
2015-07-24,27.3
2015-07-25,27
2015-07-26,27.2
2015-07-27,28.1
2015-07-28,28.5
2015-07-29,28.4
2015-07-30,28.5
2015-07-31,28.3
2015-08-01,27.8
2015-08-02,27
2015-08-03,26.9
2015-08-04,26.7
2015-08-05,26.3
2015-08-06,26.2
2015-08-07,25
2015-08-08,24.3
2015-08-09,24.3
2015-08-10,24.3
2015-08-11,23.9
2015-08-12,24.6
2015-08-13,24.7
2015-08-14,24.4
2015-08-15,24.6
2015-08-16,25.1
2015-08-17,25.4
2015-08-18,25.6
2015-08-19,25.4
2015-08-20,25.3
2015-08-21,26.2
2015-08-22,25.2
2015-08-23,25.3
2015-08-24,27.2
2015-08-25,26.4
2015-08-26,25.7
2015-08-27,25.1
2015-08-28,25.2
2015-08-29,24.9
2015-08-30,24.9
2015-08-31,24.9
2015-09-01,23.3
2015-09-02,23.5
2015-09-03,23.5
2015-09-04,23.9
2015-09-05,23.6
2015-09-06,23.2
2015-09-07,23.1
2015-09-08,23.1
2015-09-09,23
2015-09-10,22.8
2015-09-11,22.9
2015-09-12,23
2015-09-13,22.9
2015-09-14,23.7
2015-09-15,23.2
2015-09-16,22.5
2015-09-17,22.5
2015-09-18,22.5
2015-09-19,22.5
2015-09-20,22.6
2015-09-21,22.4
2015-09-22,22.5
2015-09-23,22.9
2015-09-24,23.2
2015-09-25,22.6
2015-09-26,22.4
2015-09-27,22.3
2015-09-28,22.3
2015-09-29,22.1
2015-09-30,22.1
2015-10-01,22.7
2015-10-02,22
2015-10-03,22
2015-10-04,21.7
2015-10-05,21.5
2015-10-06,21.6
2015-10-07,22.4
2015-10-08,22.7
2015-10-09,22.6
2015-10-10,22.1
2015-10-11,21.2
2015-10-12,21.1
2015-10-13,21
2015-10-14,21.4
2015-10-15,21.6
2015-10-16,21.8
2015-10-17,21.5
2015-10-18,21.7
2015-10-19,21.9
2015-10-20,21.2
2015-10-21,21.1
2015-10-22,21
2015-10-23,21.3
2015-10-24,22.2
2015-10-25,22.1
2015-10-26,21.9
2015-10-27,21.9
2015-10-28,22
2015-10-29,22
2015-10-30,22
2015-10-31,21.9
2015-11-01,21.4
2015-11-02,21.1
2015-11-03,21.4
2015-11-04,21.2
2015-11-05,21.2
2015-11-06,21
2015-11-07,20.9
2015-11-08,21
2015-11-09,21.1
2015-11-10,20.7
2015-11-11,20.9
2015-11-12,20.9
2015-11-13,20.5
2015-11-14,20.7
2015-11-15,20.5
2015-11-16,20.4
2015-11-17,20.4
2015-11-18,20
2015-11-19,20.3
2015-11-20,21.5
2015-11-21,22.3
2015-11-22,22.6
2015-11-23,21.8
2015-11-24,21.5
2015-11-25,22
2015-11-26,22.3
2015-11-27,22.2
2015-11-28,22
2015-11-29,22.1
2015-11-30,21.9
2015-12-01,21.4
2015-12-02,28
2015-12-03,22.2
2015-12-04,21.5
2015-12-05,21.5
2015-12-06,21.5
2015-12-07,21.3
2015-12-08,21.7
2015-12-09,21.6
2015-12-10,22.1
2015-12-11,22
2015-12-12,21.6
2015-12-13,21.2
2015-12-14,20.9
2015-12-15,21.1
2015-12-16,21.3
2015-12-17,22
2015-12-18,22.1
2015-12-19,21.5
2015-12-20,21.6
2015-12-21,21.5
2015-12-22,21.4
2015-12-23,21.4
2015-12-24,21.2
2015-12-25,21
2015-12-26,20.9
2015-12-27,21
2015-12-28,21
2015-12-29,21.2
2015-12-30,20.9
2015-12-31,20.9
2016-01-01,21.7
2016-01-02,21.7
2016-01-03,22
2016-01-04,22.5
2016-01-05,22.2
2016-01-06,21.9
2016-01-07,22
2016-01-08,22.1
2016-01-09,22.3
2016-01-10,22.9
2016-01-11,22.8
2016-01-12,23
2016-01-13,23.1
2016-01-14,23
2016-01-15,22.9
2016-01-16,22.6
2016-01-17,22.8
2016-01-18,22.6
2016-01-19,22.7
2016-01-20,22.7
2016-01-21,22.6
2016-01-22,22.7
2016-01-23,22.7
2016-01-24,22.6
2016-01-25,22.3
2016-01-26,22.5
2016-01-27,22.6
2016-01-28,22.7
2016-01-29,22.7
2016-01-30,22.7
2016-01-31,23.2
2016-02-01,62.1
2016-02-02,114
2016-02-03,41
2016-02-04,27.3
2016-02-05,26.5
2016-02-06,26.3
2016-02-07,26
2016-02-08,25.3
2016-02-09,24.4
2016-02-10,24.5
2016-02-11,24.3
2016-02-12,24.3
2016-02-13,24.2
2016-02-14,24.2
2016-02-15,24.1
2016-02-16,24.1
2016-02-17,24.1
2016-02-18,24
2016-02-19,23.9
2016-02-20,24
2016-02-21,24.2
2016-02-22,26.2
2016-02-23,27
2016-02-24,25.5
2016-02-25,26.1
2016-02-26,25.5
2016-02-27,24.4
2016-02-28,23.7
2016-02-29,24
2016-03-01,27.2
2016-03-02,28.3
2016-03-03,29
2016-03-04,28.9
2016-03-05,28.5
2016-03-06,28.9
2016-03-07,28.9
2016-03-08,28.3
2016-03-09,28.5
2016-03-10,28.4
2016-03-11,28.4
2016-03-12,28.2
2016-03-13,27.9
2016-03-14,28.3
2016-03-15,28.6
2016-03-16,28.2
2016-03-17,28.4
2016-03-18,28.3
2016-03-19,27.9
2016-03-20,27.9
2016-03-21,28
2016-03-22,28.1
2016-03-23,27.6
2016-03-24,28
2016-03-25,27.6
2016-03-26,28
2016-03-27,27.9
2016-03-28,27.5
2016-03-29,27.6
2016-03-30,27.5
2016-03-31,27.5
2016-04-01,27.6
2016-04-02,27.4
2016-04-03,27.4
2016-04-04,27.3
2016-04-05,27.4
2016-04-06,28
2016-04-07,28
2016-04-08,27.7
2016-04-09,27.8
2016-04-10,27.6
2016-04-11,27.7
2016-04-12,27.9
2016-04-13,28.3
2016-04-14,28
2016-04-15,28.4
2016-04-16,28.1
2016-04-17,28.4
2016-04-18,28.9
2016-04-19,29.2
2016-04-20,28.6
2016-04-21,28.7
2016-04-22,28.8
2016-04-23,29.1
2016-04-24,29.8
2016-04-25,29.8
2016-04-26,29.7
2016-04-27,29.9
2016-04-28,30.4
2016-04-29,30
2016-04-30,29.8
2016-05-01,29.9
2016-05-02,30.5
2016-05-03,30.8
2016-05-04,31.3
2016-05-05,31.8
2016-05-06,32.8
2016-05-07,32.6
2016-05-08,32.2
2016-05-09,32.1
2016-05-10,32.2
2016-05-11,32.1
2016-05-12,31.9
2016-05-13,32.1
2016-05-14,39.4
2016-05-15,63.9
2016-05-16,36.9
2016-05-17,33.5
2016-05-18,36.5
2016-05-19,29.2
2016-05-20,29.5
2016-05-21,29.2
2016-05-22,29.1
2016-05-23,28.9
2016-05-24,44.4
2016-05-25,82.5
2016-05-26,33.4
2016-05-27,29
2016-05-28,28.7
2016-05-29,28.2
2016-05-30,29.1
2016-05-31,28.6
2016-06-01,29.5
2016-06-02,32
2016-06-03,31.3
2016-06-04,31.1
2016-06-05,44.7
2016-06-06,51.9
2016-06-07,34.6
2016-06-08,32.4
2016-06-09,46.9
2016-06-10,149
2016-06-11,87
2016-06-12,66
2016-06-13,35.1
2016-06-14,33.7
2016-06-15,33.1
2016-06-16,33.6
2016-06-17,42.2
2016-06-18,76
2016-06-19,80.9
2016-06-20,142
2016-06-21,108
2016-06-22,74.2
2016-06-23,40.5
2016-06-24,33.1
2016-06-25,32.9
2016-06-26,32.6
2016-06-27,33.1
2016-06-28,40
2016-06-29,32.3
2016-06-30,32
2016-07-01,31.2
2016-07-02,31.1
2016-07-03,32.2
2016-07-04,30.6
2016-07-05,30.3
2016-07-06,29.9
2016-07-07,29.8
2016-07-08,29.8
2016-07-09,29.5
2016-07-10,30.2
2016-07-11,30.1
2016-07-12,30.9
2016-07-13,63.6
2016-07-14,107
2016-07-15,153
2016-07-16,95.9
2016-07-17,51.6
2016-07-18,31.8
2016-07-19,30.7
2016-07-20,30.2
2016-07-21,30.1
2016-07-22,29.8
2016-07-23,30.1
2016-07-24,30.2
2016-07-25,33.4
2016-07-26,34.8
2016-07-27,30.5
2016-07-28,29.8
2016-07-29,30.2
2016-07-30,29.4
2016-07-31,29.2
2016-08-01,30.2
2016-08-02,32.9
2016-08-03,28.1
2016-08-04,28
2016-08-05,39.1
2016-08-06,175
2016-08-07,101
2016-08-08,68.8
2016-08-09,66.5
2016-08-10,99.1
2016-08-11,80.4
2016-08-12,56.4
2016-08-13,33.2
2016-08-14,28.9
2016-08-15,28.2
2016-08-16,28.1
2016-08-17,27.9
2016-08-18,28.1
2016-08-19,28.6
2016-08-20,29
2016-08-21,28.7
2016-08-22,28.6
2016-08-23,28.1
2016-08-24,27.9
2016-08-25,28
2016-08-26,27.7
2016-08-27,27.2
2016-08-28,27
2016-08-29,27.4
2016-08-30,27.8
2016-08-31,27.5
2016-09-01,25.2
2016-09-02,24.9
2016-09-03,25
2016-09-04,24.5
2016-09-05,25.1
2016-09-06,25.3
2016-09-07,24.8
2016-09-08,24.3
2016-09-09,24.5
2016-09-10,24.4
2016-09-11,24.2
2016-09-12,24.1
2016-09-13,24
2016-09-14,24.4
2016-09-15,23.7
2016-09-16,23.9
2016-09-17,25.2
2016-09-18,26.9
2016-09-19,56.4
2016-09-20,155
2016-09-21,70.8
2016-09-22,44.6
2016-09-23,42
2016-09-24,31.3
2016-09-25,26.3
2016-09-26,25.6
2016-09-27,25.6
2016-09-28,25.6
2016-09-29,25.3
2016-09-30,25.5
2016-10-01,23.9
2016-10-02,23.5
2016-10-03,23.2
2016-10-04,23.3
2016-10-05,23.1
2016-10-06,23.2
2016-10-07,23.7
2016-10-08,23.3
2016-10-09,23.6
2016-10-10,23.2
2016-10-11,22.9
2016-10-12,23.1
2016-10-13,22.8
2016-10-14,22.5
2016-10-15,22.2
2016-10-16,22
2016-10-17,22.2
2016-10-18,22.6
2016-10-19,23.3
2016-10-20,23
2016-10-21,22.5
2016-10-22,22.7
2016-10-23,23
2016-10-24,22.7
2016-10-25,22.4
2016-10-26,22.9
2016-10-27,23.1
2016-10-28,23
2016-10-29,22.4
2016-10-30,21.9
2016-10-31,21.6
2016-11-01,21.6
2016-11-02,21.3
2016-11-03,21
2016-11-04,21.7
2016-11-05,21.7
2016-11-06,21.8
2016-11-07,23.1
2016-11-08,22.4
2016-11-09,22
2016-11-10,22.3
2016-11-11,22.6
2016-11-12,23.3
2016-11-13,23
2016-11-14,22.8
2016-11-15,22.6
2016-11-16,23.1
2016-11-17,23.6
2016-11-18,23.3
2016-11-19,23.5
2016-11-20,23.4
2016-11-21,23
2016-11-22,22.8
2016-11-23,23
2016-11-24,22.6
2016-11-25,22.6
2016-11-26,22.7
2016-11-27,22.6
2016-11-28,22.8
2016-11-29,22.8
2016-11-30,22.9
2016-12-01,22.5
2016-12-02,22.6
2016-12-03,22.4
2016-12-04,22.6
2016-12-05,22.4
2016-12-06,22.5
2016-12-07,22.7
2016-12-08,22.7
2016-12-09,22.6
2016-12-10,22.2
2016-12-11,22.1
2016-12-12,22.5
2016-12-13,22.5
2016-12-14,22.5
2016-12-15,22.2
2016-12-16,22.3
2016-12-17,22.3
2016-12-18,22.1
2016-12-19,22.2
2016-12-20,21.7
2016-12-21,22
2016-12-22,22.3
2016-12-23,22.4
2016-12-24,21.8
2016-12-25,22
2016-12-26,21.7
2016-12-27,21.6
2016-12-28,21.8
2016-12-29,21.7
2016-12-30,21.9
2016-12-31,22
2017-01-01,21.9
2017-01-02,21.8
2017-01-03,22
2017-01-04,22
2017-01-05,21.8
2017-01-06,21.7
2017-01-07,21.6
2017-01-08,21.6
2017-01-09,22
2017-01-10,21.1
2017-01-11,21.1
2017-01-12,21.4
2017-01-13,22
2017-01-14,21.9
2017-01-15,21.6
2017-01-16,21.6
2017-01-17,21.5
2017-01-18,21.1
2017-01-19,20.9
2017-01-20,20.6
2017-01-21,20.7
2017-01-22,20.4
2017-01-23,20.2
2017-01-24,20.4
2017-01-25,20.6
2017-01-26,20.4
2017-01-27,20.2
2017-01-28,20.2
2017-01-29,20.1
2017-01-30,20.2
2017-01-31,21
2017-02-01,22.4
2017-02-02,21.8
2017-02-03,21.6
2017-02-04,21.6
2017-02-05,21
2017-02-06,21.3
2017-02-07,21.3
2017-02-08,21.3
2017-02-09,21.8
2017-02-10,21.7
2017-02-11,21.7
2017-02-12,21.6
2017-02-13,21.7
2017-02-14,21.5
2017-02-15,21.3
2017-02-16,21.7
2017-02-17,22
2017-02-18,22.7
2017-02-19,22.2
2017-02-20,21.9
2017-02-21,22
2017-02-22,22.4
2017-02-23,21.9
2017-02-24,21.8
2017-02-25,21.8
2017-02-26,21.7
2017-02-27,21.8
2017-02-28,22
2017-03-01,24.5
2017-03-02,26.2
2017-03-03,26
2017-03-04,25.3
2017-03-05,25.4
2017-03-06,25.6
2017-03-07,25.8
2017-03-08,26.2
2017-03-09,29.2
2017-03-10,135
2017-03-11,73.4
2017-03-12,30.3
2017-03-13,27.5
2017-03-14,27
2017-03-15,26.9
2017-03-16,27
2017-03-17,26.7
2017-03-18,26.3
2017-03-19,25.8
2017-03-20,34.7
2017-03-21,26
2017-03-22,25.7
2017-03-23,25.9
2017-03-24,25.6
2017-03-25,25.5
2017-03-26,25.4
2017-03-27,25.5
2017-03-28,24.9
2017-03-29,24.9
2017-03-30,25.3
2017-03-31,25.3
2017-04-01,25.7
2017-04-02,26
2017-04-03,25.6
2017-04-04,25.8
2017-04-05,25.9
2017-04-06,25.7
2017-04-07,25.6
2017-04-08,26
2017-04-09,25.9
2017-04-10,26.5
2017-04-11,26.8
2017-04-12,27
2017-04-13,26.9
2017-04-14,27.1
2017-04-15,26.9
2017-04-16,27
2017-04-17,27.8
2017-04-18,28
2017-04-19,27.8
2017-04-20,27.6
2017-04-21,27.2
2017-04-22,27
2017-04-23,27.1
2017-04-24,27.1
2017-04-25,27.8
2017-04-26,29.5
2017-04-27,30.6
2017-04-28,30.6
2017-04-29,29.7
2017-04-30,29.2
2017-05-01,28.4
2017-05-02,29.1
2017-05-03,31.5
2017-05-04,29.2
2017-05-05,29.1
2017-05-06,29
2017-05-07,28.9
2017-05-08,46.2
2017-05-09,160
2017-05-10,89.6
2017-05-11,42.7
2017-05-12,32.5
2017-05-13,31.8
2017-05-14,31.8
2017-05-15,32.8
2017-05-16,33.5
2017-05-17,31.6
2017-05-18,31.3
2017-05-19,30.8
2017-05-20,30.9
2017-05-21,31
2017-05-22,30.8
2017-05-23,30.9
2017-05-24,30.8
2017-05-25,30.2
2017-05-26,30.3
2017-05-27,29.9
2017-05-28,30.1
2017-05-29,31
2017-05-30,31.2
2017-05-31,31.4
2017-06-01,33.3
2017-06-02,34.3
2017-06-03,34.4
2017-06-04,34
2017-06-05,33.4
2017-06-06,33.8
2017-06-07,34.1
2017-06-08,33.9
2017-06-09,33.5
2017-06-10,33.5
2017-06-11,33.2
2017-06-12,33.1
2017-06-13,33.2
2017-06-14,32.9
2017-06-15,32.8
2017-06-16,32.9
2017-06-17,32.5
2017-06-18,33.3
2017-06-19,33.6
2017-06-20,33.5
2017-06-21,33.4
2017-06-22,32.9
2017-06-23,32.8
2017-06-24,32.7
2017-06-25,33.4
2017-06-26,33.6
2017-06-27,33.2
2017-06-28,33.7
2017-06-29,34
2017-06-30,34
2017-07-01,32.8
2017-07-02,32.4
2017-07-03,32.3
2017-07-04,32.3
2017-07-05,32.3
2017-07-06,32.4
2017-07-07,32.2
2017-07-08,32.3
2017-07-09,32.6
2017-07-10,32.2
2017-07-11,31.8
2017-07-12,31.9
2017-07-13,31.9
2017-07-14,31.6
2017-07-15,32.5
2017-07-16,32.5
2017-07-17,31.8
2017-07-18,31.6
2017-07-19,31.7
2017-07-20,31.8
2017-07-21,32
2017-07-22,31.8
2017-07-23,32.3
2017-07-24,32.8
2017-07-25,34.1
2017-07-26,68.4
2017-07-27,242
2017-07-28,175
2017-07-29,149
2017-07-30,70.2
2017-07-31,51.1
2017-08-01,36.9
2017-08-02,32.7
2017-08-03,32.7
2017-08-04,31.5
2017-08-05,31.5
2017-08-06,31.3
2017-08-07,31.7
2017-08-08,31.7
2017-08-09,32.6
2017-08-10,33.2
2017-08-11,63.8
2017-08-12,108
2017-08-13,79.3
2017-08-14,58.8
2017-08-15,33.2
2017-08-16,35.7
2017-08-17,40.9
2017-08-18,34
2017-08-19,67.5
2017-08-20,54.9
2017-08-21,34.4
2017-08-22,31
2017-08-23,30.3
2017-08-24,30.5
2017-08-25,30.3
2017-08-26,29.9
2017-08-27,29.7
2017-08-28,29.7
2017-08-29,29.8
2017-08-30,30
2017-08-31,29.7
2017-09-01,31
2017-09-02,117
2017-09-03,231
2017-09-04,225
2017-09-05,162
2017-09-06,119
2017-09-07,100
2017-09-08,63.2
2017-09-09,40.3
2017-09-10,30.2
2017-09-11,29
2017-09-12,28.3
2017-09-13,28.5
2017-09-14,28.1
2017-09-15,28.2
2017-09-16,27.8
2017-09-17,27.8
2017-09-18,27.5
2017-09-19,27.6
2017-09-20,27.6
2017-09-21,28.1
2017-09-22,27.4
2017-09-23,27.4
2017-09-24,27.1
2017-09-25,27.3
2017-09-26,27.3
2017-09-27,27.1
2017-09-28,26.8
2017-09-29,26.9
2017-09-30,26.9
2017-10-01,25.7
2017-10-02,25.1
2017-10-03,25.9
2017-10-04,39.8
2017-10-05,26.3
2017-10-06,27.6
2017-10-07,91.2
2017-10-08,75.1
2017-10-09,66.8
2017-10-10,51.2
2017-10-11,36.3
2017-10-12,29.5
2017-10-13,25.3
2017-10-14,24.5
2017-10-15,24.1
2017-10-16,23.9
2017-10-17,23.7
2017-10-18,23.5
2017-10-19,23.5
2017-10-20,23.5
2017-10-21,23.6
2017-10-22,23.9
2017-10-23,23.9
2017-10-24,23.7
2017-10-25,23.7
2017-10-26,23.5
2017-10-27,23.6
2017-10-28,24.1
2017-10-29,24.1
2017-10-30,24
2017-10-31,23.6
2017-11-01,23.2
2017-11-02,22.8
2017-11-03,22.9
2017-11-04,22.9
2017-11-05,23
2017-11-06,24.4
2017-11-07,23.7
2017-11-08,23.3
2017-11-09,23.1
2017-11-10,23.1
2017-11-11,23.3
2017-11-12,25.4
2017-11-13,44.5
2017-11-14,36.6
2017-11-15,26.3
2017-11-16,24.8
2017-11-17,24.1
2017-11-18,24.3
2017-11-19,24.1
2017-11-20,24.1
2017-11-21,23.8
2017-11-22,23.8
2017-11-23,23.5
2017-11-24,23.3
2017-11-25,23.5
2017-11-26,23.4
2017-11-27,23.5
2017-11-28,23.7
2017-11-29,23.9
2017-11-30,23.7
2017-12-01,23.5
2017-12-02,23.5
2017-12-03,23.4
2017-12-04,23.7
2017-12-05,23.5
2017-12-06,23.4
2017-12-07,23.3
2017-12-08,23.5
2017-12-09,23.6
2017-12-10,23.5
2017-12-11,23.6
2017-12-12,23.9
2017-12-13,23.6
2017-12-14,23.7
2017-12-15,23.9
2017-12-16,24
2017-12-17,23.6
2017-12-18,23.7
2017-12-19,23.6
2017-12-20,23.6
2017-12-21,23.7
2017-12-22,24.4
2017-12-23,26
2017-12-24,23.8
2017-12-25,23.5
2017-12-26,23.4
2017-12-27,23.7
2017-12-28,24
2017-12-29,24.1
2017-12-30,24
2017-12-31,24.2
