datum,i_bredeney
2014-01-01T00:00:00Z,6.3
2014-01-02T00:00:00Z,0.267
2014-01-03T00:00:00Z,2.067
2014-01-04T00:00:00Z,0
2014-01-05T00:00:00Z,3.967
2014-01-06T00:00:00Z,0
2014-01-07T00:00:00Z,3.917
2014-01-08T00:00:00Z,2.4
2014-01-09T00:00:00Z,0
2014-01-10T00:00:00Z,2.65
2014-01-11T00:00:00Z,1.5
2014-01-12T00:00:00Z,5.483
2014-01-13T00:00:00Z,0.167
2014-01-14T00:00:00Z,5.3
2014-01-15T00:00:00Z,0.267
2014-01-16T00:00:00Z,0.1
2014-01-17T00:00:00Z,1.85
2014-01-18T00:00:00Z,6.083
2014-01-19T00:00:00Z,2.967
2014-01-20T00:00:00Z,0
2014-01-21T00:00:00Z,0
2014-01-22T00:00:00Z,5.2
2014-01-23T00:00:00Z,0.783
2014-01-24T00:00:00Z,0
2014-01-25T00:00:00Z,0.2
2014-01-26T00:00:00Z,0.35
2014-01-27T00:00:00Z,0.8
2014-01-28T00:00:00Z,6.967
2014-01-29T00:00:00Z,7.883
2014-01-30T00:00:00Z,2.8
2014-01-31T00:00:00Z,7.767
2014-02-01T00:00:00Z,0
2014-02-02T00:00:00Z,8
2014-02-03T00:00:00Z,7.75
2014-02-04T00:00:00Z,3.5
2014-02-05T00:00:00Z,2.217
2014-02-06T00:00:00Z,1.867
2014-02-07T00:00:00Z,0
2014-02-08T00:00:00Z,0
2014-02-09T00:00:00Z,0.9
2014-02-10T00:00:00Z,0
2014-02-11T00:00:00Z,2.817
2014-02-12T00:00:00Z,5.517
2014-02-13T00:00:00Z,0
2014-02-14T00:00:00Z,3.967
2014-02-15T00:00:00Z,0.767
2014-02-16T00:00:00Z,4.05
2014-02-17T00:00:00Z,1.583
2014-02-18T00:00:00Z,0
2014-02-19T00:00:00Z,1.7
2014-02-20T00:00:00Z,3.083
2014-02-21T00:00:00Z,1.883
2014-02-22T00:00:00Z,1.25
2014-02-23T00:00:00Z,7.317
2014-02-24T00:00:00Z,9.533
2014-02-25T00:00:00Z,3.783
2014-02-26T00:00:00Z,2.333
2014-02-27T00:00:00Z,4.483
2014-02-28T00:00:00Z,2.217
2014-03-01T00:00:00Z,2.867
2014-03-02T00:00:00Z,6.317
2014-03-03T00:00:00Z,0.55
2014-03-04T00:00:00Z,6.983
2014-03-05T00:00:00Z,3.117
2014-03-06T00:00:00Z,10.183
2014-03-07T00:00:00Z,7.133
2014-03-08T00:00:00Z,10.283
2014-03-09T00:00:00Z,11
2014-03-10T00:00:00Z,10.75
2014-03-11T00:00:00Z,6.85
2014-03-12T00:00:00Z,10.483
2014-03-13T00:00:00Z,10.817
2014-03-14T00:00:00Z,9.917
2014-03-15T00:00:00Z,1.3
2014-03-16T00:00:00Z,0.783
2014-03-17T00:00:00Z,0.183
2014-03-18T00:00:00Z,0
2014-03-19T00:00:00Z,6.267
2014-03-20T00:00:00Z,11.267
2014-03-21T00:00:00Z,0.917
2014-03-22T00:00:00Z,2.167
2014-03-23T00:00:00Z,3.15
2014-03-24T00:00:00Z,3.65
2014-03-25T00:00:00Z,8.35
2014-03-26T00:00:00Z,7.233
2014-03-27T00:00:00Z,9.8
2014-03-28T00:00:00Z,9.9
2014-03-29T00:00:00Z,11.467
2014-03-30T00:00:00Z,5.233
2014-03-31T00:00:00Z,3.8
2014-04-01T00:00:00Z,6.233
2014-04-02T00:00:00Z,8.3
2014-04-03T00:00:00Z,4.6
2014-04-04T00:00:00Z,0
2014-04-05T00:00:00Z,1.367
2014-04-06T00:00:00Z,4.417
2014-04-07T00:00:00Z,7.05
2014-04-08T00:00:00Z,3.683
2014-04-09T00:00:00Z,4.733
2014-04-10T00:00:00Z,0.167
2014-04-11T00:00:00Z,1.467
2014-04-12T00:00:00Z,7.1
2014-04-13T00:00:00Z,3.017
2014-04-14T00:00:00Z,5.283
2014-04-15T00:00:00Z,2.1
2014-04-16T00:00:00Z,12.9
2014-04-17T00:00:00Z,10.7
2014-04-18T00:00:00Z,4.567
2014-04-19T00:00:00Z,12.033
2014-04-20T00:00:00Z,9.8
2014-04-21T00:00:00Z,0.433
2014-04-22T00:00:00Z,6.867
2014-04-23T00:00:00Z,9
2014-04-24T00:00:00Z,6.85
2014-04-25T00:00:00Z,10
2014-04-26T00:00:00Z,1.3
2014-04-27T00:00:00Z,0.2
2014-04-28T00:00:00Z,0.117
2014-04-29T00:00:00Z,0
2014-04-30T00:00:00Z,1.283
2014-05-01T00:00:00Z,6.033
2014-05-02T00:00:00Z,0.017
2014-05-03T00:00:00Z,8.667
2014-05-04T00:00:00Z,11.283
2014-05-05T00:00:00Z,11.383
2014-05-06T00:00:00Z,2.133
2014-05-07T00:00:00Z,2.567
2014-05-08T00:00:00Z,0.1
2014-05-09T00:00:00Z,2.4
2014-05-10T00:00:00Z,0.45
2014-05-11T00:00:00Z,1.8
2014-05-12T00:00:00Z,0.983
2014-05-13T00:00:00Z,3.883
2014-05-14T00:00:00Z,6.033
2014-05-15T00:00:00Z,0.55
2014-05-16T00:00:00Z,12.183
2014-05-17T00:00:00Z,7.517
2014-05-18T00:00:00Z,12.1
2014-05-19T00:00:00Z,13.967
2014-05-20T00:00:00Z,6.9
2014-05-21T00:00:00Z,3.183
2014-05-22T00:00:00Z,6.15
2014-05-23T00:00:00Z,4.25
2014-05-24T00:00:00Z,2.4
2014-05-25T00:00:00Z,11.65
2014-05-26T00:00:00Z,0.1
2014-05-27T00:00:00Z,0
2014-05-28T00:00:00Z,0
2014-05-29T00:00:00Z,0
2014-05-30T00:00:00Z,4.583
2014-05-31T00:00:00Z,8.483
2014-06-01T00:00:00Z,4.833
2014-06-02T00:00:00Z,7.333
2014-06-03T00:00:00Z,7.017
2014-06-04T00:00:00Z,5.117
2014-06-05T00:00:00Z,6.183
2014-06-06T00:00:00Z,15.167
2014-06-07T00:00:00Z,11.133
2014-06-08T00:00:00Z,11.367
2014-06-09T00:00:00Z,10.683
2014-06-10T00:00:00Z,10.233
2014-06-11T00:00:00Z,8.933
2014-06-12T00:00:00Z,13.567
2014-06-13T00:00:00Z,7.9
2014-06-14T00:00:00Z,1.85
2014-06-15T00:00:00Z,7.15
2014-06-16T00:00:00Z,1.617
2014-06-17T00:00:00Z,0.783
2014-06-18T00:00:00Z,8.067
2014-06-19T00:00:00Z,0.05
2014-06-20T00:00:00Z,1.5
2014-06-21T00:00:00Z,6.117
2014-06-22T00:00:00Z,9.3
2014-06-23T00:00:00Z,7.467
2014-06-24T00:00:00Z,4.8
2014-06-25T00:00:00Z,5.217
2014-06-26T00:00:00Z,8.883
2014-06-27T00:00:00Z,4.3
2014-06-28T00:00:00Z,1.1
2014-06-29T00:00:00Z,1.567
2014-06-30T00:00:00Z,4.1
2014-07-01T00:00:00Z,9.883
2014-07-02T00:00:00Z,10.8
2014-07-03T00:00:00Z,14.75
2014-07-04T00:00:00Z,8.25
2014-07-05T00:00:00Z,0.633
2014-07-06T00:00:00Z,6.567
2014-07-07T00:00:00Z,9.667
2014-07-08T00:00:00Z,0
2014-07-09T00:00:00Z,0
2014-07-10T00:00:00Z,4.2
2014-07-11T00:00:00Z,1.617
2014-07-12T00:00:00Z,4.217
2014-07-13T00:00:00Z,1.367
2014-07-14T00:00:00Z,2.05
2014-07-15T00:00:00Z,2.617
2014-07-16T00:00:00Z,11.567
2014-07-17T00:00:00Z,11.95
2014-07-18T00:00:00Z,14.633
2014-07-19T00:00:00Z,12.9
2014-07-20T00:00:00Z,2.317
2014-07-21T00:00:00Z,0
2014-07-22T00:00:00Z,11.8
2014-07-23T00:00:00Z,13.25
2014-07-24T00:00:00Z,12.35
2014-07-25T00:00:00Z,2.467
2014-07-26T00:00:00Z,7.233
2014-07-27T00:00:00Z,5.217
2014-07-28T00:00:00Z,3.667
2014-07-29T00:00:00Z,4.8
2014-07-30T00:00:00Z,4.033
2014-07-31T00:00:00Z,12.967
2014-08-01T00:00:00Z,11.517
2014-08-02T00:00:00Z,8.767
2014-08-03T00:00:00Z,7.9
2014-08-04T00:00:00Z,4.85
2014-08-05T00:00:00Z,6.617
2014-08-06T00:00:00Z,7.7
2014-08-07T00:00:00Z,5.617
2014-08-08T00:00:00Z,3.917
2014-08-09T00:00:00Z,7.083
2014-08-10T00:00:00Z,4.333
2014-08-11T00:00:00Z,8.533
2014-08-12T00:00:00Z,6.233
2014-08-13T00:00:00Z,4.067
2014-08-14T00:00:00Z,1.983
2014-08-15T00:00:00Z,1.267
2014-08-16T00:00:00Z,2.967
2014-08-17T00:00:00Z,1.017
2014-08-18T00:00:00Z,3.883
2014-08-19T00:00:00Z,1.3
2014-08-20T00:00:00Z,8.983
2014-08-21T00:00:00Z,7
2014-08-22T00:00:00Z,1.5
2014-08-23T00:00:00Z,5.217
2014-08-24T00:00:00Z,5.917
2014-08-25T00:00:00Z,1.933
2014-08-26T00:00:00Z,0
2014-08-27T00:00:00Z,10.6
2014-08-28T00:00:00Z,6.833
2014-08-29T00:00:00Z,2.45
2014-08-30T00:00:00Z,0
2014-08-31T00:00:00Z,1.683
2014-09-01T00:00:00Z,2.117
2014-09-02T00:00:00Z,3.967
2014-09-03T00:00:00Z,7.667
2014-09-04T00:00:00Z,10.95
2014-09-05T00:00:00Z,6.733
2014-09-06T00:00:00Z,6.15
2014-09-07T00:00:00Z,2.483
2014-09-08T00:00:00Z,8.383
2014-09-09T00:00:00Z,2.233
2014-09-10T00:00:00Z,0.217
2014-09-11T00:00:00Z,6.367
2014-09-12T00:00:00Z,7.983
2014-09-13T00:00:00Z,4.367
2014-09-14T00:00:00Z,4.317
2014-09-15T00:00:00Z,1.667
2014-09-16T00:00:00Z,6.433
2014-09-17T00:00:00Z,11.033
2014-09-18T00:00:00Z,1.85
2014-09-19T00:00:00Z,6.033
2014-09-20T00:00:00Z,4.383
2014-09-21T00:00:00Z,2.483
2014-09-22T00:00:00Z,4.483
2014-09-23T00:00:00Z,6.633
2014-09-24T00:00:00Z,0.283
2014-09-25T00:00:00Z,2.45
2014-09-26T00:00:00Z,0
2014-09-27T00:00:00Z,5.567
2014-09-28T00:00:00Z,8.817
2014-09-29T00:00:00Z,4.467
2014-09-30T00:00:00Z,2.267
2014-10-01T00:00:00Z,6.067
2014-10-02T00:00:00Z,3.983
2014-10-03T00:00:00Z,10.683
2014-10-04T00:00:00Z,9.583
2014-10-05T00:00:00Z,0
2014-10-06T00:00:00Z,0.967
2014-10-07T00:00:00Z,1.583
2014-10-08T00:00:00Z,0.283
2014-10-09T00:00:00Z,0.333
2014-10-10T00:00:00Z,6.383
2014-10-11T00:00:00Z,3.217
2014-10-12T00:00:00Z,5.733
2014-10-13T00:00:00Z,1.533
2014-10-14T00:00:00Z,5.883
2014-10-15T00:00:00Z,2.083
2014-10-16T00:00:00Z,2.783
2014-10-17T00:00:00Z,3.183
2014-10-18T00:00:00Z,8.217
2014-10-19T00:00:00Z,8.95
2014-10-20T00:00:00Z,3.667
2014-10-21T00:00:00Z,0.017
2014-10-22T00:00:00Z,1.233
2014-10-23T00:00:00Z,0
2014-10-24T00:00:00Z,0.033
2014-10-25T00:00:00Z,0
2014-10-26T00:00:00Z,0.7
2014-10-27T00:00:00Z,5.9
2014-10-28T00:00:00Z,8.267
2014-10-29T00:00:00Z,0
2014-10-30T00:00:00Z,0.017
2014-10-31T00:00:00Z,2.4
2014-11-01T00:00:00Z,2.467
2014-11-02T00:00:00Z,5.65
2014-11-03T00:00:00Z,3.15
2014-11-04T00:00:00Z,0
2014-11-05T00:00:00Z,0.25
2014-11-06T00:00:00Z,1.517
2014-11-07T00:00:00Z,0.85
2014-11-08T00:00:00Z,7.9
2014-11-09T00:00:00Z,5.35
2014-11-10T00:00:00Z,2.717
2014-11-11T00:00:00Z,0.017
2014-11-12T00:00:00Z,1.217
2014-11-13T00:00:00Z,6.85
2014-11-14T00:00:00Z,1.6
2014-11-15T00:00:00Z,0.017
2014-11-16T00:00:00Z,0
2014-11-17T00:00:00Z,3.017
2014-11-18T00:00:00Z,0
2014-11-19T00:00:00Z,0
2014-11-20T00:00:00Z,0.333
2014-11-21T00:00:00Z,7.467
2014-11-22T00:00:00Z,7.333
2014-11-23T00:00:00Z,7.45
2014-11-24T00:00:00Z,6.783
2014-11-25T00:00:00Z,7.317
2014-11-26T00:00:00Z,0.167
2014-11-27T00:00:00Z,0
2014-11-28T00:00:00Z,2.917
2014-11-29T00:00:00Z,6.817
2014-11-30T00:00:00Z,0
2014-12-01T00:00:00Z,0
2014-12-02T00:00:00Z,1.1
2014-12-03T00:00:00Z,0
2014-12-04T00:00:00Z,0
2014-12-05T00:00:00Z,0
2014-12-06T00:00:00Z,0
2014-12-07T00:00:00Z,1.183
2014-12-08T00:00:00Z,4.117
2014-12-09T00:00:00Z,0.417
2014-12-10T00:00:00Z,1.4
2014-12-11T00:00:00Z,0.183
2014-12-12T00:00:00Z,0
2014-12-13T00:00:00Z,0
2014-12-14T00:00:00Z,4.767
2014-12-15T00:00:00Z,0
2014-12-16T00:00:00Z,0.6
2014-12-17T00:00:00Z,0
2014-12-18T00:00:00Z,0
2014-12-19T00:00:00Z,0
2014-12-20T00:00:00Z,0
2014-12-21T00:00:00Z,0
2014-12-22T00:00:00Z,0
2014-12-23T00:00:00Z,0
2014-12-24T00:00:00Z,0
2014-12-25T00:00:00Z,0.25
2014-12-26T00:00:00Z,0.667
2014-12-27T00:00:00Z,0
2014-12-28T00:00:00Z,5.933
2014-12-29T00:00:00Z,1.8
2014-12-30T00:00:00Z,0
2014-12-31T00:00:00Z,0
2015-01-01T00:00:00Z,6.033
2015-01-02T00:00:00Z,2.5
2015-01-03T00:00:00Z,0
2015-01-04T00:00:00Z,5.233
2015-01-05T00:00:00Z,3.533
2015-01-06T00:00:00Z,1.417
2015-01-07T00:00:00Z,2.533
2015-01-08T00:00:00Z,0
2015-01-09T00:00:00Z,0
2015-01-10T00:00:00Z,0
2015-01-11T00:00:00Z,0.05
2015-01-12T00:00:00Z,0
2015-01-13T00:00:00Z,0.083
2015-01-14T00:00:00Z,0
2015-01-15T00:00:00Z,0
2015-01-16T00:00:00Z,0.717
2015-01-17T00:00:00Z,3.8
2015-01-18T00:00:00Z,0.35
2015-01-19T00:00:00Z,0.233
2015-01-20T00:00:00Z,0.133
2015-01-21T00:00:00Z,4.117
2015-01-22T00:00:00Z,0
2015-01-23T00:00:00Z,0
2015-01-24T00:00:00Z,0.133
2015-01-25T00:00:00Z,0
2015-01-26T00:00:00Z,0
2015-01-27T00:00:00Z,0
2015-01-28T00:00:00Z,0.017
2015-01-29T00:00:00Z,0.633
2015-01-30T00:00:00Z,0
2015-01-31T00:00:00Z,0.583
2015-02-01T00:00:00Z,0
2015-02-02T00:00:00Z,0
2015-02-03T00:00:00Z,0.4
2015-02-04T00:00:00Z,0.4
2015-02-05T00:00:00Z,2.4
2015-02-06T00:00:00Z,7.183
2015-02-07T00:00:00Z,4.633
2015-02-08T00:00:00Z,1.983
2015-02-09T00:00:00Z,0
2015-02-10T00:00:00Z,0
2015-02-11T00:00:00Z,2.783
2015-02-12T00:00:00Z,6.267
2015-02-13T00:00:00Z,8.767
2015-02-14T00:00:00Z,6.35
2015-02-15T00:00:00Z,9.2
2015-02-16T00:00:00Z,9.05
2015-02-17T00:00:00Z,0
2015-02-18T00:00:00Z,0.333
2015-02-19T00:00:00Z,3.633
2015-02-20T00:00:00Z,0
2015-02-21T00:00:00Z,1.55
2015-02-22T00:00:00Z,1.9
2015-02-23T00:00:00Z,1.533
2015-02-24T00:00:00Z,0.333
2015-02-25T00:00:00Z,4.483
2015-02-26T00:00:00Z,4.233
2015-02-27T00:00:00Z,1.517
2015-02-28T00:00:00Z,9.583
2015-03-01T00:00:00Z,2.667
2015-03-02T00:00:00Z,5.533
2015-03-03T00:00:00Z,0.5
2015-03-04T00:00:00Z,2.05
2015-03-05T00:00:00Z,0.25
2015-03-06T00:00:00Z,0
2015-03-07T00:00:00Z,7.567
2015-03-08T00:00:00Z,9.817
2015-03-09T00:00:00Z,1.617
2015-03-10T00:00:00Z,3.6
2015-03-11T00:00:00Z,9.017
2015-03-12T00:00:00Z,10.983
2015-03-13T00:00:00Z,8.317
2015-03-14T00:00:00Z,0
2015-03-15T00:00:00Z,0.1
2015-03-16T00:00:00Z,10.3
2015-03-17T00:00:00Z,10.65
2015-03-18T00:00:00Z,10.183
2015-03-19T00:00:00Z,0
2015-03-20T00:00:00Z,0
2015-03-21T00:00:00Z,1.817
2015-03-22T00:00:00Z,3.483
2015-03-23T00:00:00Z,8.917
2015-03-24T00:00:00Z,2.633
2015-03-25T00:00:00Z,0
2015-03-26T00:00:00Z,1.067
2015-03-27T00:00:00Z,0.6
2015-03-28T00:00:00Z,3.983
2015-03-29T00:00:00Z,0
2015-03-30T00:00:00Z,5.167
2015-03-31T00:00:00Z,2.65
2015-04-01T00:00:00Z,2.367
2015-04-02T00:00:00Z,4.25
2015-04-03T00:00:00Z,5.617
2015-04-04T00:00:00Z,4.633
2015-04-05T00:00:00Z,7.267
2015-04-06T00:00:00Z,1.567
2015-04-07T00:00:00Z,5.167
2015-04-08T00:00:00Z,3.267
2015-04-09T00:00:00Z,12.267
2015-04-10T00:00:00Z,11.85
2015-04-11T00:00:00Z,1.2
2015-04-12T00:00:00Z,11.067
2015-04-13T00:00:00Z,9.617
2015-04-14T00:00:00Z,12.067
2015-04-15T00:00:00Z,12.167
2015-04-16T00:00:00Z,11.233
2015-04-17T00:00:00Z,5.433
2015-04-18T00:00:00Z,12.983
2015-04-19T00:00:00Z,12.017
2015-04-20T00:00:00Z,13
2015-04-21T00:00:00Z,13.1
2015-04-22T00:00:00Z,6.283
2015-04-23T00:00:00Z,13.017
2015-04-24T00:00:00Z,11.433
2015-04-25T00:00:00Z,0.267
2015-04-26T00:00:00Z,1.933
2015-04-27T00:00:00Z,0
2015-04-28T00:00:00Z,9.517
2015-04-29T00:00:00Z,7.133
2015-04-30T00:00:00Z,3.067
2015-05-01T00:00:00Z,10.55
2015-05-02T00:00:00Z,10.717
2015-05-03T00:00:00Z,1.85
2015-05-04T00:00:00Z,3.75
2015-05-05T00:00:00Z,6.05
2015-05-06T00:00:00Z,7.633
2015-05-07T00:00:00Z,3.25
2015-05-08T00:00:00Z,6.7
2015-05-09T00:00:00Z,4.15
2015-05-10T00:00:00Z,13.567
2015-05-11T00:00:00Z,10.083
2015-05-12T00:00:00Z,6.683
2015-05-13T00:00:00Z,13.4
2015-05-14T00:00:00Z,12.15
2015-05-15T00:00:00Z,11.483
2015-05-16T00:00:00Z,0.067
2015-05-17T00:00:00Z,6.05
2015-05-18T00:00:00Z,6.917
2015-05-19T00:00:00Z,5.167
2015-05-20T00:00:00Z,7.95
2015-05-21T00:00:00Z,7.8
2015-05-22T00:00:00Z,10.6
2015-05-23T00:00:00Z,1.867
2015-05-24T00:00:00Z,8.233
2015-05-25T00:00:00Z,1.333
2015-05-26T00:00:00Z,2.133
2015-05-27T00:00:00Z,4.233
2015-05-28T00:00:00Z,3.517
2015-05-29T00:00:00Z,4.833
2015-05-30T00:00:00Z,6.067
2015-05-31T00:00:00Z,2.267
2015-06-01T00:00:00Z,7.117
2015-06-02T00:00:00Z,0.2
2015-06-03T00:00:00Z,3.2
2015-06-04T00:00:00Z,13.467
2015-06-05T00:00:00Z,13.517
2015-06-06T00:00:00Z,7.633
2015-06-07T00:00:00Z,14.5
2015-06-08T00:00:00Z,12.183
2015-06-09T00:00:00Z,6.85
2015-06-10T00:00:00Z,13.583
2015-06-11T00:00:00Z,14.3
2015-06-12T00:00:00Z,12.233
2015-06-13T00:00:00Z,8.317
2015-06-14T00:00:00Z,5.667
2015-06-15T00:00:00Z,8.283
2015-06-16T00:00:00Z,5.717
2015-06-17T00:00:00Z,11.267
2015-06-18T00:00:00Z,4.917
2015-06-19T00:00:00Z,0.117
2015-06-20T00:00:00Z,0.783
2015-06-21T00:00:00Z,3.45
2015-06-22T00:00:00Z,0.067
2015-06-23T00:00:00Z,0.85
2015-06-24T00:00:00Z,3.467
2015-06-25T00:00:00Z,8.333
2015-06-26T00:00:00Z,5.3
2015-06-27T00:00:00Z,6.567
2015-06-28T00:00:00Z,9.5
2015-06-29T00:00:00Z,10.633
2015-06-30T00:00:00Z,15.15
2015-07-01T00:00:00Z,15.3
2015-07-02T00:00:00Z,13.667
2015-07-03T00:00:00Z,13.917
2015-07-04T00:00:00Z,12.267
2015-07-05T00:00:00Z,3.483
2015-07-06T00:00:00Z,12.85
2015-07-07T00:00:00Z,8.167
2015-07-08T00:00:00Z,1.417
2015-07-09T00:00:00Z,6.05
2015-07-10T00:00:00Z,14.683
2015-07-11T00:00:00Z,11.583
2015-07-12T00:00:00Z,0.433
2015-07-13T00:00:00Z,0
2015-07-14T00:00:00Z,0.183
2015-07-15T00:00:00Z,1.05
2015-07-16T00:00:00Z,9.867
2015-07-17T00:00:00Z,12.767
2015-07-18T00:00:00Z,10.217
2015-07-19T00:00:00Z,1.7
2015-07-20T00:00:00Z,3.817
2015-07-21T00:00:00Z,4.033
2015-07-22T00:00:00Z,5.917
2015-07-23T00:00:00Z,8.35
2015-07-24T00:00:00Z,5.15
2015-07-25T00:00:00Z,1.967
2015-07-26T00:00:00Z,8.783
2015-07-27T00:00:00Z,1.567
2015-07-28T00:00:00Z,1.517
2015-07-29T00:00:00Z,4.917
2015-07-30T00:00:00Z,6.4
2015-07-31T00:00:00Z,12.05
2015-08-01T00:00:00Z,12.6
2015-08-02T00:00:00Z,13.75
2015-08-03T00:00:00Z,13.417
2015-08-04T00:00:00Z,1.567
2015-08-05T00:00:00Z,12.617
2015-08-06T00:00:00Z,13.067
2015-08-07T00:00:00Z,7.75
2015-08-08T00:00:00Z,0.133
2015-08-09T00:00:00Z,5.767
2015-08-10T00:00:00Z,0
2015-08-11T00:00:00Z,9.15
2015-08-12T00:00:00Z,5.15
2015-08-13T00:00:00Z,11.383
2015-08-14T00:00:00Z,5.15
2015-08-15T00:00:00Z,4.917
2015-08-16T00:00:00Z,0
2015-08-17T00:00:00Z,0
2015-08-18T00:00:00Z,1.3
2015-08-19T00:00:00Z,8.183
2015-08-20T00:00:00Z,11.417
2015-08-21T00:00:00Z,12.867
2015-08-22T00:00:00Z,12.583
2015-08-23T00:00:00Z,9.1
2015-08-24T00:00:00Z,5.267
2015-08-25T00:00:00Z,2.1
2015-08-26T00:00:00Z,9.417
2015-08-27T00:00:00Z,0
2015-08-28T00:00:00Z,8.283
2015-08-29T00:00:00Z,10
2015-08-30T00:00:00Z,10.117
2015-08-31T00:00:00Z,11.5
2015-09-01T00:00:00Z,0.7
2015-09-02T00:00:00Z,5.017
2015-09-03T00:00:00Z,5.35
2015-09-04T00:00:00Z,3.483
2015-09-05T00:00:00Z,1.55
2015-09-06T00:00:00Z,2.017
2015-09-07T00:00:00Z,0.517
2015-09-08T00:00:00Z,1.183
2015-09-09T00:00:00Z,10.267
2015-09-10T00:00:00Z,11.5
2015-09-11T00:00:00Z,11.15
2015-09-12T00:00:00Z,1.533
2015-09-13T00:00:00Z,1.7
2015-09-14T00:00:00Z,4.783
2015-09-15T00:00:00Z,3.933
2015-09-16T00:00:00Z,0.1
2015-09-17T00:00:00Z,0.133
2015-09-18T00:00:00Z,5
2015-09-19T00:00:00Z,0.217
2015-09-20T00:00:00Z,1.617
2015-09-21T00:00:00Z,5.7
2015-09-22T00:00:00Z,1.567
2015-09-23T00:00:00Z,1.917
2015-09-24T00:00:00Z,1.183
2015-09-25T00:00:00Z,1.483
2015-09-26T00:00:00Z,8.867
2015-09-27T00:00:00Z,9.3
2015-09-28T00:00:00Z,8.65
2015-09-29T00:00:00Z,11.033
2015-09-30T00:00:00Z,11.133
2015-10-01T00:00:00Z,11.067
2015-10-02T00:00:00Z,11.117
2015-10-03T00:00:00Z,6.117
2015-10-04T00:00:00Z,5.483
2015-10-05T00:00:00Z,5.717
2015-10-06T00:00:00Z,1.233
2015-10-07T00:00:00Z,0.833
2015-10-08T00:00:00Z,0
2015-10-09T00:00:00Z,0.117
2015-10-10T00:00:00Z,4
2015-10-11T00:00:00Z,10.317
2015-10-12T00:00:00Z,7.7
2015-10-13T00:00:00Z,0
2015-10-14T00:00:00Z,0
2015-10-15T00:00:00Z,0
2015-10-16T00:00:00Z,0
2015-10-17T00:00:00Z,0.267
2015-10-18T00:00:00Z,1.067
2015-10-19T00:00:00Z,0
2015-10-20T00:00:00Z,0
2015-10-21T00:00:00Z,0
2015-10-22T00:00:00Z,0
2015-10-23T00:00:00Z,3.25
2015-10-24T00:00:00Z,0.05
2015-10-25T00:00:00Z,0.6
2015-10-26T00:00:00Z,8.383
2015-10-27T00:00:00Z,9.3
2015-10-28T00:00:00Z,2.167
2015-10-29T00:00:00Z,3.267
2015-10-30T00:00:00Z,6.083
2015-10-31T00:00:00Z,9.067
2015-11-01T00:00:00Z,8.933
2015-11-02T00:00:00Z,9.083
2015-11-03T00:00:00Z,7.917
2015-11-04T00:00:00Z,3.217
2015-11-05T00:00:00Z,2.65
2015-11-06T00:00:00Z,0.017
2015-11-07T00:00:00Z,0.283
2015-11-08T00:00:00Z,2.017
2015-11-09T00:00:00Z,0.7
2015-11-10T00:00:00Z,0
2015-11-11T00:00:00Z,0
2015-11-12T00:00:00Z,0.383
2015-11-13T00:00:00Z,0.25
2015-11-14T00:00:00Z,0.05
2015-11-15T00:00:00Z,0
2015-11-16T00:00:00Z,0
2015-11-17T00:00:00Z,0.433
2015-11-18T00:00:00Z,1.283
2015-11-19T00:00:00Z,0.317
2015-11-20T00:00:00Z,0
2015-11-21T00:00:00Z,3.717
2015-11-22T00:00:00Z,3.517
2015-11-23T00:00:00Z,7.4
2015-11-24T00:00:00Z,0
2015-11-25T00:00:00Z,0.017
2015-11-26T00:00:00Z,6.467
2015-11-27T00:00:00Z,7.633
2015-11-28T00:00:00Z,3.05
2015-11-29T00:00:00Z,0
2015-11-30T00:00:00Z,0
2015-12-01T00:00:00Z,0
2015-12-02T00:00:00Z,0.117
2015-12-03T00:00:00Z,5.3
2015-12-04T00:00:00Z,3.517
2015-12-05T00:00:00Z,0.217
2015-12-06T00:00:00Z,0.483
2015-12-07T00:00:00Z,2.233
2015-12-08T00:00:00Z,6.817
2015-12-09T00:00:00Z,5.6
2015-12-10T00:00:00Z,6.417
2015-12-11T00:00:00Z,0
2015-12-12T00:00:00Z,0.15
2015-12-13T00:00:00Z,0
2015-12-14T00:00:00Z,3.433
2015-12-15T00:00:00Z,3.783
2015-12-16T00:00:00Z,0
2015-12-17T00:00:00Z,2.633
2015-12-18T00:00:00Z,0
2015-12-19T00:00:00Z,1.45
2015-12-20T00:00:00Z,0.033
2015-12-21T00:00:00Z,0.35
2015-12-22T00:00:00Z,0
2015-12-23T00:00:00Z,2.9
2015-12-24T00:00:00Z,1.7
2015-12-25T00:00:00Z,0
2015-12-26T00:00:00Z,5.583
2015-12-27T00:00:00Z,2.25
2015-12-28T00:00:00Z,6.267
2015-12-29T00:00:00Z,5.183
2015-12-30T00:00:00Z,6.25
2015-12-31T00:00:00Z,3.95
2016-01-01T00:00:00Z,1.283
2016-01-02T00:00:00Z,0
2016-01-03T00:00:00Z,0.317
2016-01-04T00:00:00Z,0
2016-01-05T00:00:00Z,1.383
2016-01-06T00:00:00Z,0.033
2016-01-07T00:00:00Z,0.233
2016-01-08T00:00:00Z,6.767
2016-01-09T00:00:00Z,4.6
2016-01-10T00:00:00Z,5.283
2016-01-11T00:00:00Z,0.017
2016-01-12T00:00:00Z,0.05
2016-01-13T00:00:00Z,0.117
2016-01-14T00:00:00Z,0.15
2016-01-15T00:00:00Z,0
2016-01-16T00:00:00Z,0
2016-01-17T00:00:00Z,0.583
2016-01-18T00:00:00Z,7.467
2016-01-19T00:00:00Z,7.967
2016-01-20T00:00:00Z,0.117
2016-01-21T00:00:00Z,2.167
2016-01-22T00:00:00Z,6.067
2016-01-23T00:00:00Z,0
2016-01-24T00:00:00Z,0.017
2016-01-25T00:00:00Z,5.533
2016-01-26T00:00:00Z,0
2016-01-27T00:00:00Z,0
2016-01-28T00:00:00Z,7.567
2016-01-29T00:00:00Z,0
2016-01-30T00:00:00Z,0
2016-01-31T00:00:00Z,0
2016-02-01T00:00:00Z,0
2016-02-02T00:00:00Z,0
2016-02-03T00:00:00Z,3.117
2016-02-04T00:00:00Z,0
2016-02-05T00:00:00Z,0
2016-02-06T00:00:00Z,4
2016-02-07T00:00:00Z,0.767
2016-02-08T00:00:00Z,1
2016-02-09T00:00:00Z,0.067
2016-02-10T00:00:00Z,0
2016-02-11T00:00:00Z,2.517
2016-02-12T00:00:00Z,4.6
2016-02-13T00:00:00Z,3.333
2016-02-14T00:00:00Z,0
2016-02-15T00:00:00Z,0.35
2016-02-16T00:00:00Z,9.6
2016-02-17T00:00:00Z,4.033
2016-02-18T00:00:00Z,1.983
2016-02-19T00:00:00Z,0
2016-02-20T00:00:00Z,0
2016-02-21T00:00:00Z,0
2016-02-22T00:00:00Z,0
2016-02-23T00:00:00Z,1.317
2016-02-24T00:00:00Z,3.867
2016-02-25T00:00:00Z,4.15
2016-02-26T00:00:00Z,1.267
2016-02-27T00:00:00Z,9.8
2016-02-28T00:00:00Z,6.6
2016-02-29T00:00:00Z,9.683
2016-03-01T00:00:00Z,3.75
2016-03-02T00:00:00Z,1.417
2016-03-03T00:00:00Z,3.05
2016-03-04T00:00:00Z,0
2016-03-05T00:00:00Z,0.05
2016-03-06T00:00:00Z,4
2016-03-07T00:00:00Z,0.367
2016-03-08T00:00:00Z,1.267
2016-03-09T00:00:00Z,10.6
2016-03-10T00:00:00Z,10.217
2016-03-11T00:00:00Z,5.75
2016-03-12T00:00:00Z,2.883
2016-03-13T00:00:00Z,10.317
2016-03-14T00:00:00Z,10.983
2016-03-15T00:00:00Z,0.733
2016-03-16T00:00:00Z,7.933
2016-03-17T00:00:00Z,11.267
2016-03-18T00:00:00Z,0
2016-03-19T00:00:00Z,0
2016-03-20T00:00:00Z,0.55
2016-03-21T00:00:00Z,0.017
2016-03-22T00:00:00Z,0.35
2016-03-23T00:00:00Z,0.467
2016-03-24T00:00:00Z,0
2016-03-25T00:00:00Z,0
2016-03-26T00:00:00Z,9.55
2016-03-27T00:00:00Z,2.933
2016-03-28T00:00:00Z,1.167
2016-03-29T00:00:00Z,1.95
2016-03-30T00:00:00Z,2.5
2016-03-31T00:00:00Z,0
2016-04-01T00:00:00Z,10.183
2016-04-02T00:00:00Z,5.867
2016-04-03T00:00:00Z,3.667
2016-04-04T00:00:00Z,3.233
2016-04-05T00:00:00Z,0.467
2016-04-06T00:00:00Z,1.717
2016-04-07T00:00:00Z,5.767
2016-04-08T00:00:00Z,1.633
2016-04-09T00:00:00Z,11.017
2016-04-10T00:00:00Z,5.517
2016-04-11T00:00:00Z,12.533
2016-04-12T00:00:00Z,8.017
2016-04-13T00:00:00Z,0
2016-04-14T00:00:00Z,11.3
2016-04-15T00:00:00Z,4.883
2016-04-16T00:00:00Z,2.283
2016-04-17T00:00:00Z,4.533
2016-04-18T00:00:00Z,7.383
2016-04-19T00:00:00Z,2.35
2016-04-20T00:00:00Z,12.9
2016-04-21T00:00:00Z,12.65
2016-04-22T00:00:00Z,7.767
2016-04-23T00:00:00Z,3.833
2016-04-24T00:00:00Z,5.15
2016-04-25T00:00:00Z,1.983
2016-04-26T00:00:00Z,2.783
2016-04-27T00:00:00Z,1.733
2016-04-28T00:00:00Z,4.817
2016-04-29T00:00:00Z,3.117
2016-04-30T00:00:00Z,0.083
2016-05-01T00:00:00Z,8.3
2016-05-02T00:00:00Z,12.217
2016-05-03T00:00:00Z,7.267
2016-05-04T00:00:00Z,13.617
2016-05-05T00:00:00Z,14.217
2016-05-06T00:00:00Z,12.9
2016-05-07T00:00:00Z,12.517
2016-05-08T00:00:00Z,14.25
2016-05-09T00:00:00Z,12.2
2016-05-10T00:00:00Z,2.217
2016-05-11T00:00:00Z,9.517
2016-05-12T00:00:00Z,14.217
2016-05-13T00:00:00Z,13.283
2016-05-14T00:00:00Z,2.233
2016-05-15T00:00:00Z,3
2016-05-16T00:00:00Z,2.117
2016-05-17T00:00:00Z,1.717
2016-05-18T00:00:00Z,1.983
2016-05-19T00:00:00Z,5.733
2016-05-20T00:00:00Z,1.317
2016-05-21T00:00:00Z,9.25
2016-05-22T00:00:00Z,2.767
2016-05-23T00:00:00Z,0
2016-05-24T00:00:00Z,0.05
2016-05-25T00:00:00Z,3.1
2016-05-26T00:00:00Z,8.5
2016-05-27T00:00:00Z,5.367
2016-05-28T00:00:00Z,6.017
2016-05-29T00:00:00Z,2.4
2016-05-30T00:00:00Z,0.917
2016-05-31T00:00:00Z,5.2
2016-06-01T00:00:00Z,0.333
2016-06-02T00:00:00Z,5.283
2016-06-03T00:00:00Z,3.267
2016-06-04T00:00:00Z,8
2016-06-05T00:00:00Z,10.25
2016-06-06T00:00:00Z,9.817
2016-06-07T00:00:00Z,7.233
2016-06-08T00:00:00Z,11.933
2016-06-09T00:00:00Z,8.817
2016-06-10T00:00:00Z,11.383
2016-06-11T00:00:00Z,4.767
2016-06-12T00:00:00Z,0.017
2016-06-13T00:00:00Z,1.717
2016-06-14T00:00:00Z,2.95
2016-06-15T00:00:00Z,2.5
2016-06-16T00:00:00Z,8.583
2016-06-17T00:00:00Z,1.367
2016-06-18T00:00:00Z,2.067
2016-06-19T00:00:00Z,5.267
2016-06-20T00:00:00Z,4.8
2016-06-21T00:00:00Z,0.5
2016-06-22T00:00:00Z,3.567
2016-06-23T00:00:00Z,11.383
2016-06-24T00:00:00Z,2.183
2016-06-25T00:00:00Z,0.333
2016-06-26T00:00:00Z,6.367
2016-06-27T00:00:00Z,2.967
2016-06-28T00:00:00Z,6.95
2016-06-29T00:00:00Z,6.35
2016-06-30T00:00:00Z,0.25
2016-07-01T00:00:00Z,0.467
2016-07-02T00:00:00Z,6.717
2016-07-03T00:00:00Z,6.45
2016-07-04T00:00:00Z,8.217
2016-07-05T00:00:00Z,2.95
2016-07-06T00:00:00Z,8.5
2016-07-07T00:00:00Z,10.267
2016-07-08T00:00:00Z,2.9
2016-07-09T00:00:00Z,5.6
2016-07-10T00:00:00Z,10.817
2016-07-11T00:00:00Z,6.117
2016-07-12T00:00:00Z,6.733
2016-07-13T00:00:00Z,5.183
2016-07-14T00:00:00Z,7
2016-07-15T00:00:00Z,6.233
2016-07-16T00:00:00Z,0.167
2016-07-17T00:00:00Z,1.85
2016-07-18T00:00:00Z,11.6
2016-07-19T00:00:00Z,14.967
2016-07-20T00:00:00Z,12.233
2016-07-21T00:00:00Z,9.35
2016-07-22T00:00:00Z,8.367
2016-07-23T00:00:00Z,1.983
2016-07-24T00:00:00Z,10.017
2016-07-25T00:00:00Z,5.117
2016-07-26T00:00:00Z,2.5
2016-07-27T00:00:00Z,6.6
2016-07-28T00:00:00Z,1.967
2016-07-29T00:00:00Z,1.55
2016-07-30T00:00:00Z,4.65
2016-07-31T00:00:00Z,1.583
2016-08-01T00:00:00Z,3.783
2016-08-02T00:00:00Z,0
2016-08-03T00:00:00Z,0
2016-08-04T00:00:00Z,1.7
2016-08-05T00:00:00Z,3.483
2016-08-06T00:00:00Z,3.817
2016-08-07T00:00:00Z,9.517
2016-08-08T00:00:00Z,3.817
2016-08-09T00:00:00Z,5.217
2016-08-10T00:00:00Z,5.267
2016-08-11T00:00:00Z,0.033
2016-08-12T00:00:00Z,0.283
2016-08-13T00:00:00Z,6.9
2016-08-14T00:00:00Z,3.583
2016-08-15T00:00:00Z,9.983
2016-08-16T00:00:00Z,13.117
2016-08-17T00:00:00Z,13.65
2016-08-18T00:00:00Z,13.05
2016-08-19T00:00:00Z,8.7
2016-08-20T00:00:00Z,5.183
2016-08-21T00:00:00Z,1.517
2016-08-22T00:00:00Z,1.567
2016-08-23T00:00:00Z,13.217
2016-08-24T00:00:00Z,13.217
2016-08-25T00:00:00Z,13.183
2016-08-26T00:00:00Z,12.367
2016-08-27T00:00:00Z,10.883
2016-08-28T00:00:00Z,8.65
2016-08-29T00:00:00Z,2.783
2016-08-30T00:00:00Z,12.583
2016-08-31T00:00:00Z,12.35
2016-09-01T00:00:00Z,6.25
2016-09-02T00:00:00Z,9.067
2016-09-03T00:00:00Z,4.217
2016-09-04T00:00:00Z,1.267
2016-09-05T00:00:00Z,2.6
2016-09-06T00:00:00Z,12.217
2016-09-07T00:00:00Z,12.333
2016-09-08T00:00:00Z,11.95
2016-09-09T00:00:00Z,7.983
2016-09-10T00:00:00Z,11.567
2016-09-11T00:00:00Z,4.4
2016-09-12T00:00:00Z,10.717
2016-09-13T00:00:00Z,11.7
2016-09-14T00:00:00Z,11.55
2016-09-15T00:00:00Z,10.417
2016-09-16T00:00:00Z,3.483
2016-09-17T00:00:00Z,1.817
2016-09-18T00:00:00Z,1.183
2016-09-19T00:00:00Z,0.35
2016-09-20T00:00:00Z,0
2016-09-21T00:00:00Z,10.6
2016-09-22T00:00:00Z,8.65
2016-09-23T00:00:00Z,4.583
2016-09-24T00:00:00Z,11
2016-09-25T00:00:00Z,10.4
2016-09-26T00:00:00Z,7.7
2016-09-27T00:00:00Z,10.583
2016-09-28T00:00:00Z,4.267
2016-09-29T00:00:00Z,3.467
2016-09-30T00:00:00Z,3.867
2016-10-01T00:00:00Z,1.817
2016-10-02T00:00:00Z,1.7
2016-10-03T00:00:00Z,4.4
2016-10-04T00:00:00Z,5.133
2016-10-05T00:00:00Z,9.7
2016-10-06T00:00:00Z,0.417
2016-10-07T00:00:00Z,0.467
2016-10-08T00:00:00Z,5.317
2016-10-09T00:00:00Z,4.6
2016-10-10T00:00:00Z,1.717
2016-10-11T00:00:00Z,1.917
2016-10-12T00:00:00Z,0
2016-10-13T00:00:00Z,2.783
2016-10-14T00:00:00Z,0.533
2016-10-15T00:00:00Z,1.433
2016-10-16T00:00:00Z,9.467
2016-10-17T00:00:00Z,0.9
2016-10-18T00:00:00Z,3.933
2016-10-19T00:00:00Z,0.05
2016-10-20T00:00:00Z,0
2016-10-21T00:00:00Z,0.8
2016-10-22T00:00:00Z,0.7
2016-10-23T00:00:00Z,6.117
2016-10-24T00:00:00Z,0
2016-10-25T00:00:00Z,0
2016-10-26T00:00:00Z,0.917
2016-10-27T00:00:00Z,0
2016-10-28T00:00:00Z,0
2016-10-29T00:00:00Z,7
2016-10-30T00:00:00Z,6.317
2016-10-31T00:00:00Z,8.35
2016-11-01T00:00:00Z,5.1
2016-11-02T00:00:00Z,2.167
2016-11-03T00:00:00Z,0.033
2016-11-04T00:00:00Z,1.05
2016-11-05T00:00:00Z,0.383
2016-11-06T00:00:00Z,0.533
2016-11-07T00:00:00Z,0
2016-11-08T00:00:00Z,0.383
2016-11-09T00:00:00Z,0
2016-11-10T00:00:00Z,0
2016-11-11T00:00:00Z,0.083
2016-11-12T00:00:00Z,6.35
2016-11-13T00:00:00Z,0
2016-11-14T00:00:00Z,1.867
2016-11-15T00:00:00Z,0
2016-11-16T00:00:00Z,0
2016-11-17T00:00:00Z,1.15
2016-11-18T00:00:00Z,0.883
2016-11-19T00:00:00Z,1.067
2016-11-20T00:00:00Z,0.033
2016-11-21T00:00:00Z,0
2016-11-22T00:00:00Z,1.367
2016-11-23T00:00:00Z,0.367
2016-11-24T00:00:00Z,0.833
2016-11-25T00:00:00Z,7.6
2016-11-26T00:00:00Z,2.783
2016-11-27T00:00:00Z,0.267
2016-11-28T00:00:00Z,7.1
2016-11-29T00:00:00Z,7.65
2016-11-30T00:00:00Z,5.583
2016-12-01T00:00:00Z,0
2016-12-02T00:00:00Z,0.8
2016-12-03T00:00:00Z,7.383
2016-12-04T00:00:00Z,7.483
2016-12-05T00:00:00Z,7.5
2016-12-06T00:00:00Z,7.167
2016-12-07T00:00:00Z,0.35
2016-12-08T00:00:00Z,2.55
2016-12-09T00:00:00Z,0
2016-12-10T00:00:00Z,1.317
2016-12-11T00:00:00Z,0
2016-12-12T00:00:00Z,0
2016-12-13T00:00:00Z,0
2016-12-14T00:00:00Z,0.033
2016-12-15T00:00:00Z,0.717
2016-12-16T00:00:00Z,6.667
2016-12-17T00:00:00Z,0.017
2016-12-18T00:00:00Z,0
2016-12-19T00:00:00Z,6.75
2016-12-20T00:00:00Z,6.917
2016-12-21T00:00:00Z,5.2
2016-12-22T00:00:00Z,0
2016-12-23T00:00:00Z,0.783
2016-12-24T00:00:00Z,0.8
2016-12-25T00:00:00Z,0
2016-12-26T00:00:00Z,0.817
2016-12-27T00:00:00Z,4.683
2016-12-28T00:00:00Z,1.033
2016-12-29T00:00:00Z,7.317
2016-12-30T00:00:00Z,7.383
2016-12-31T00:00:00Z,1.25
2017-01-01T00:00:00Z,4.333
2017-01-02T00:00:00Z,1.95
2017-01-03T00:00:00Z,0
2017-01-04T00:00:00Z,1.267
2017-01-05T00:00:00Z,7.017
2017-01-06T00:00:00Z,6.883
2017-01-07T00:00:00Z,0
2017-01-08T00:00:00Z,0
2017-01-09T00:00:00Z,0.233
2017-01-10T00:00:00Z,0.083
2017-01-11T00:00:00Z,0.017
2017-01-12T00:00:00Z,2.383
2017-01-13T00:00:00Z,0.333
2017-01-14T00:00:00Z,1.733
2017-01-15T00:00:00Z,2.783
2017-01-16T00:00:00Z,4.567
2017-01-17T00:00:00Z,3.533
2017-01-18T00:00:00Z,3.05
2017-01-19T00:00:00Z,7.683
2017-01-20T00:00:00Z,6.683
2017-01-21T00:00:00Z,8.133
2017-01-22T00:00:00Z,8.017
2017-01-23T00:00:00Z,0
2017-01-24T00:00:00Z,0
2017-01-25T00:00:00Z,4.433
2017-01-26T00:00:00Z,8.083
2017-01-27T00:00:00Z,5.75
2017-01-28T00:00:00Z,4.383
2017-01-29T00:00:00Z,2
2017-01-30T00:00:00Z,0
2017-01-31T00:00:00Z,0
2017-02-01T00:00:00Z,3.117
2017-02-02T00:00:00Z,3.683
2017-02-03T00:00:00Z,0.667
2017-02-04T00:00:00Z,0.4
2017-02-05T00:00:00Z,5.933
2017-02-06T00:00:00Z,2.733
2017-02-07T00:00:00Z,0
2017-02-08T00:00:00Z,0.233
2017-02-09T00:00:00Z,3.667
2017-02-10T00:00:00Z,0
2017-02-11T00:00:00Z,0
2017-02-12T00:00:00Z,3.883
2017-02-13T00:00:00Z,8.883
2017-02-14T00:00:00Z,9.25
2017-02-15T00:00:00Z,8.917
2017-02-16T00:00:00Z,5.067
2017-02-17T00:00:00Z,0
2017-02-18T00:00:00Z,0
2017-02-19T00:00:00Z,0.517
2017-02-20T00:00:00Z,0
2017-02-21T00:00:00Z,4.2
2017-02-22T00:00:00Z,0
2017-02-23T00:00:00Z,0.667
2017-02-24T00:00:00Z,4.2
2017-02-25T00:00:00Z,3.883
2017-02-26T00:00:00Z,0.067
2017-02-27T00:00:00Z,0.183
2017-02-28T00:00:00Z,0.5
2017-03-01T00:00:00Z,0.683
2017-03-02T00:00:00Z,0
2017-03-03T00:00:00Z,2.6
2017-03-04T00:00:00Z,1.467
2017-03-05T00:00:00Z,4.133
2017-03-06T00:00:00Z,0.05
2017-03-07T00:00:00Z,0.4
2017-03-08T00:00:00Z,0
2017-03-09T00:00:00Z,0.933
2017-03-10T00:00:00Z,6.5
2017-03-11T00:00:00Z,8.8
2017-03-12T00:00:00Z,9.433
2017-03-13T00:00:00Z,8.167
2017-03-14T00:00:00Z,5.433
2017-03-15T00:00:00Z,7.117
2017-03-16T00:00:00Z,10.617
2017-03-17T00:00:00Z,1.533
2017-03-18T00:00:00Z,0
2017-03-19T00:00:00Z,0.117
2017-03-20T00:00:00Z,0.017
2017-03-21T00:00:00Z,0.95
2017-03-22T00:00:00Z,5.633
2017-03-23T00:00:00Z,10.733
2017-03-24T00:00:00Z,8.183
2017-03-25T00:00:00Z,11.5
2017-03-26T00:00:00Z,9.167
2017-03-27T00:00:00Z,11.917
2017-03-28T00:00:00Z,10.5
2017-03-29T00:00:00Z,0.733
2017-03-30T00:00:00Z,7.617
2017-03-31T00:00:00Z,7.85
2017-04-01T00:00:00Z,3.767
2017-04-02T00:00:00Z,9.433
2017-04-03T00:00:00Z,7
2017-04-04T00:00:00Z,10.25
2017-04-05T00:00:00Z,3.033
2017-04-06T00:00:00Z,1.683
2017-04-07T00:00:00Z,0
2017-04-08T00:00:00Z,4.017
2017-04-09T00:00:00Z,12.1
2017-04-10T00:00:00Z,2.4
2017-04-11T00:00:00Z,2.533
2017-04-12T00:00:00Z,0.683
2017-04-13T00:00:00Z,1
2017-04-14T00:00:00Z,0.133
2017-04-15T00:00:00Z,1.717
2017-04-16T00:00:00Z,1.217
2017-04-17T00:00:00Z,4.4
2017-04-18T00:00:00Z,7
2017-04-19T00:00:00Z,5.983
2017-04-20T00:00:00Z,12.8
2017-04-21T00:00:00Z,0.283
2017-04-22T00:00:00Z,1.55
2017-04-23T00:00:00Z,2.783
2017-04-24T00:00:00Z,5.217
2017-04-25T00:00:00Z,5.483
2017-04-26T00:00:00Z,4.45
2017-04-27T00:00:00Z,6.8
2017-04-28T00:00:00Z,0.35
2017-04-29T00:00:00Z,7.417
2017-04-30T00:00:00Z,13.567
2017-05-01T00:00:00Z,0
2017-05-02T00:00:00Z,0.15
2017-05-03T00:00:00Z,1.917
2017-05-04T00:00:00Z,0.35
2017-05-05T00:00:00Z,0.25
2017-05-06T00:00:00Z,12.2
2017-05-07T00:00:00Z,3.5
2017-05-08T00:00:00Z,0.567
2017-05-09T00:00:00Z,8.717
2017-05-10T00:00:00Z,14.083
2017-05-11T00:00:00Z,10
2017-05-12T00:00:00Z,4.467
2017-05-13T00:00:00Z,7.95
2017-05-14T00:00:00Z,5.517
2017-05-15T00:00:00Z,12.917
2017-05-16T00:00:00Z,7.95
2017-05-17T00:00:00Z,12.467
2017-05-18T00:00:00Z,1.25
2017-05-19T00:00:00Z,0
2017-05-20T00:00:00Z,8.6
2017-05-21T00:00:00Z,11.633
2017-05-22T00:00:00Z,11.5
2017-05-23T00:00:00Z,10.5
2017-05-24T00:00:00Z,1.983
2017-05-25T00:00:00Z,9.917
2017-05-26T00:00:00Z,15.083
2017-05-27T00:00:00Z,15.117
2017-05-28T00:00:00Z,6.217
2017-05-29T00:00:00Z,12.5
2017-05-30T00:00:00Z,6.133
2017-05-31T00:00:00Z,6.967
2017-06-01T00:00:00Z,13.433
2017-06-02T00:00:00Z,10.017
2017-06-03T00:00:00Z,6.5
2017-06-04T00:00:00Z,3.683
2017-06-05T00:00:00Z,10
2017-06-06T00:00:00Z,5.8
2017-06-07T00:00:00Z,3.3
2017-06-08T00:00:00Z,8.833
2017-06-09T00:00:00Z,4.033
2017-06-10T00:00:00Z,14.85
2017-06-11T00:00:00Z,5.917
2017-06-12T00:00:00Z,4.317
2017-06-13T00:00:00Z,3.817
2017-06-14T00:00:00Z,15.2
2017-06-15T00:00:00Z,10.1
2017-06-16T00:00:00Z,3.917
2017-06-17T00:00:00Z,0.083
2017-06-18T00:00:00Z,12.867
2017-06-19T00:00:00Z,15.567
2017-06-20T00:00:00Z,13.283
2017-06-21T00:00:00Z,14.683
2017-06-22T00:00:00Z,12.167
2017-06-23T00:00:00Z,5.633
2017-06-24T00:00:00Z,0.867
2017-06-25T00:00:00Z,1
2017-06-26T00:00:00Z,10.317
2017-06-27T00:00:00Z,0
2017-06-28T00:00:00Z,2.533
2017-06-29T00:00:00Z,0.983
2017-06-30T00:00:00Z,1.7
2017-07-01T00:00:00Z,0.533
2017-07-02T00:00:00Z,4.417
2017-07-03T00:00:00Z,9.167
2017-07-04T00:00:00Z,5.433
2017-07-05T00:00:00Z,10.417
2017-07-06T00:00:00Z,8.517
2017-07-07T00:00:00Z,9.483
2017-07-08T00:00:00Z,5.817
2017-07-09T00:00:00Z,8.067
2017-07-10T00:00:00Z,4.7
2017-07-11T00:00:00Z,3.467
2017-07-12T00:00:00Z,1.6
2017-07-13T00:00:00Z,10.083
2017-07-14T00:00:00Z,4.817
2017-07-15T00:00:00Z,4.833
2017-07-16T00:00:00Z,0.35
2017-07-17T00:00:00Z,8.5
2017-07-18T00:00:00Z,14.717
2017-07-19T00:00:00Z,9.583
2017-07-20T00:00:00Z,2.7
2017-07-21T00:00:00Z,14.45
2017-07-22T00:00:00Z,8.517
2017-07-23T00:00:00Z,4.767
2017-07-24T00:00:00Z,1.817
2017-07-25T00:00:00Z,0
2017-07-26T00:00:00Z,5.633
2017-07-27T00:00:00Z,4.25
2017-07-28T00:00:00Z,1.983
2017-07-29T00:00:00Z,5.35
2017-07-30T00:00:00Z,6.417
2017-07-31T00:00:00Z,11.55
2017-08-01T00:00:00Z,1.05
2017-08-02T00:00:00Z,2.517
2017-08-03T00:00:00Z,5.1
2017-08-04T00:00:00Z,1.933
2017-08-05T00:00:00Z,2.1
2017-08-06T00:00:00Z,8.367
2017-08-07T00:00:00Z,13.05
2017-08-08T00:00:00Z,2.1
2017-08-09T00:00:00Z,7.083
2017-08-10T00:00:00Z,0
2017-08-11T00:00:00Z,0.333
2017-08-12T00:00:00Z,0.067
2017-08-13T00:00:00Z,7.3
2017-08-14T00:00:00Z,9.917
2017-08-15T00:00:00Z,3.3
2017-08-16T00:00:00Z,5.233
2017-08-17T00:00:00Z,1.133
2017-08-18T00:00:00Z,0.317
2017-08-19T00:00:00Z,4.317
2017-08-20T00:00:00Z,4.717
2017-08-21T00:00:00Z,11.683
2017-08-22T00:00:00Z,9.35
2017-08-23T00:00:00Z,10.65
2017-08-24T00:00:00Z,3.383
2017-08-25T00:00:00Z,7.05
2017-08-26T00:00:00Z,4.717
2017-08-27T00:00:00Z,11.85
2017-08-28T00:00:00Z,11.833
2017-08-29T00:00:00Z,11.717
2017-08-30T00:00:00Z,1.783
2017-08-31T00:00:00Z,2.567
2017-09-01T00:00:00Z,4.433
2017-09-02T00:00:00Z,5.617
2017-09-03T00:00:00Z,10.767
2017-09-04T00:00:00Z,8.033
2017-09-05T00:00:00Z,3.083
2017-09-06T00:00:00Z,2.567
2017-09-07T00:00:00Z,0.517
2017-09-08T00:00:00Z,0
2017-09-09T00:00:00Z,2.433
2017-09-10T00:00:00Z,6.3
2017-09-11T00:00:00Z,3.217
2017-09-12T00:00:00Z,4.317
2017-09-13T00:00:00Z,3.283
2017-09-14T00:00:00Z,2.117
2017-09-15T00:00:00Z,2.583
2017-09-16T00:00:00Z,8.333
2017-09-17T00:00:00Z,5.5
2017-09-18T00:00:00Z,0.467
2017-09-19T00:00:00Z,3.15
2017-09-20T00:00:00Z,3.067
2017-09-21T00:00:00Z,10.55
2017-09-22T00:00:00Z,5.683
2017-09-23T00:00:00Z,3.55
2017-09-24T00:00:00Z,6.1
2017-09-25T00:00:00Z,3.367
2017-09-26T00:00:00Z,1.1
2017-09-27T00:00:00Z,8.333
2017-09-28T00:00:00Z,1.05
2017-09-29T00:00:00Z,6.767
2017-09-30T00:00:00Z,0
2017-10-01T00:00:00Z,6.7
2017-10-02T00:00:00Z,2.55
2017-10-03T00:00:00Z,2.5
2017-10-04T00:00:00Z,1.45
2017-10-05T00:00:00Z,2.017
2017-10-06T00:00:00Z,2.3
2017-10-07T00:00:00Z,0.083
2017-10-08T00:00:00Z,0.75
2017-10-09T00:00:00Z,0
2017-10-10T00:00:00Z,0.267
2017-10-11T00:00:00Z,0
2017-10-12T00:00:00Z,2.3
2017-10-13T00:00:00Z,3
2017-10-14T00:00:00Z,9.383
2017-10-15T00:00:00Z,10.133
2017-10-16T00:00:00Z,8.7
2017-10-17T00:00:00Z,0
2017-10-18T00:00:00Z,9.367
2017-10-19T00:00:00Z,8.983
2017-10-20T00:00:00Z,1.4
2017-10-21T00:00:00Z,0.717
2017-10-22T00:00:00Z,0
2017-10-23T00:00:00Z,0.367
2017-10-24T00:00:00Z,0.033
2017-10-25T00:00:00Z,0.45
2017-10-26T00:00:00Z,1.383
2017-10-27T00:00:00Z,2.433
2017-10-28T00:00:00Z,0
2017-10-29T00:00:00Z,3.75
2017-10-30T00:00:00Z,3.75
2017-10-31T00:00:00Z,0.217
2017-11-01T00:00:00Z,2.583
2017-11-02T00:00:00Z,1.033
2017-11-03T00:00:00Z,2.333
2017-11-04T00:00:00Z,6.467
2017-11-05T00:00:00Z,1.817
2017-11-06T00:00:00Z,3.967
2017-11-07T00:00:00Z,5.567
2017-11-08T00:00:00Z,0
2017-11-09T00:00:00Z,0.133
2017-11-10T00:00:00Z,0.4
2017-11-11T00:00:00Z,0
2017-11-12T00:00:00Z,0.25
2017-11-13T00:00:00Z,4.433
2017-11-14T00:00:00Z,0.883
2017-11-15T00:00:00Z,0
2017-11-16T00:00:00Z,0.033
2017-11-17T00:00:00Z,5.35
2017-11-18T00:00:00Z,0.317
2017-11-19T00:00:00Z,0.9
2017-11-20T00:00:00Z,0
2017-11-21T00:00:00Z,0
2017-11-22T00:00:00Z,4.533
2017-11-23T00:00:00Z,0.633
2017-11-24T00:00:00Z,0.25
2017-11-25T00:00:00Z,1.15
2017-11-26T00:00:00Z,0.233
2017-11-27T00:00:00Z,0
2017-11-28T00:00:00Z,0.083
2017-11-29T00:00:00Z,1.683
2017-11-30T00:00:00Z,0
2017-12-01T00:00:00Z,0.467
2017-12-02T00:00:00Z,0
2017-12-03T00:00:00Z,0
2017-12-04T00:00:00Z,0
2017-12-05T00:00:00Z,0
2017-12-06T00:00:00Z,0
2017-12-07T00:00:00Z,0.15
2017-12-08T00:00:00Z,0.2
2017-12-09T00:00:00Z,0
2017-12-10T00:00:00Z,0
2017-12-11T00:00:00Z,0
2017-12-12T00:00:00Z,0.033
2017-12-13T00:00:00Z,0
2017-12-14T00:00:00Z,0.217
2017-12-15T00:00:00Z,0
2017-12-16T00:00:00Z,1.133
2017-12-17T00:00:00Z,0
2017-12-18T00:00:00Z,0
2017-12-19T00:00:00Z,0
2017-12-20T00:00:00Z,0
2017-12-21T00:00:00Z,0
2017-12-22T00:00:00Z,0
2017-12-23T00:00:00Z,0
2017-12-24T00:00:00Z,0
2017-12-25T00:00:00Z,0
2017-12-26T00:00:00Z,0.25
2017-12-27T00:00:00Z,0.6
2017-12-28T00:00:00Z,1.7
2017-12-29T00:00:00Z,2
2017-12-30T00:00:00Z,0
2017-12-31T00:00:00Z,0
