datum,ka_essenkupferdreh,ka_velbert,ka_essensued,ka_burgaltendorf,ka_hattingen
2014-01-01,26326.8,4633.2,NA,6743.16,31869
2014-01-02,34819.2,7519.5,41403,9059.67,38561.4
2014-01-03,31327.2,5409,47043,8902.62,37156.5
2014-01-04,32432.4,4959.9000000000005,45119,9751.23,39564
2014-01-05,37065.6,6511.5,55537,10328.67,40293.9
2014-01-06,28782,5161.5,37299,7634.070000000001,32881.5
2014-01-07,29552.4,3838.5,78051,11602.62,36166.5
2014-01-08,30420,5784.3,49818,7482.6,34830
2014-01-09,35766,6960.6,54021,10550.25,43966.8
2014-01-10,22626,3686.4,34615,6263.01,30586.5
2014-01-11,26920.8,4784.4000000000005,42553,8136.72,34868.7
2014-01-12,21276,3051.9,32849,6348.6900000000005,27558
2014-01-13,20887.2,2886.3,32199,6825.51,26865.9
2014-01-14,21448.8,3375.9,35141,5838.93,27524.7
2014-01-15,20149.2,3386.7000000000003,31171,5802.75,25776
2014-01-16,25102.800000000003,5331.6,33818,6943.68,29135.7
2014-01-17,19908,2774.7000000000003,30365,6003.81,24840
2014-01-18,17942.4,2592,30585,5958.63,23765.4
2014-01-19,16178.4,2281.5,30008,5713.56,22939.2
2014-01-20,16912.8,2463.3,29180,5675.22,22229.1
2014-01-21,17438.4,2594.7000000000003,29132,5774.4000000000005,23332.499999999996
2014-01-22,17463.6,2494.8,28668,5643.09,21219.3
2014-01-23,16858.8,3138.3,28742,5728.32,22902.300000000003
2014-01-24,28814.4,7375.5,50864,9836.82,31831.2
2014-01-25,19159.2,3051,30316,6682.95,23958.899999999998
2014-01-26,45478.8,8251.2,74584,16132.41,61258.5
2014-01-27,58266,9008.1,55348,13318.380000000001,61834.5
2014-01-28,30441.6,5154.3,30668,6367.77,30786.3
2014-01-29,26528.4,4056.3,28669,6035.49,27247.5
2014-01-30,23418.000000000004,3658.5,28363,5908.860000000001,26446.5
2014-01-31,21772.8,3295.8,28486,5896.9800000000005,25369.2
2014-02-01,45176.4,7507.8,57244,12167.91,51469.2
2014-02-02,22705.200000000004,3732.3,29339,6099.3,28235.7
2014-02-03,21610.8,3053.7000000000003,28541,6222.51,25917.3
2014-02-04,21528,3219.3,28303,5696.91,24392.700000000004
2014-02-05,20671.2,3287.7000000000003,30128,6386.49,25532.1
2014-02-06,24638.400000000005,4604.4000000000005,35422,7559.37,27990.9
2014-02-07,44539.2,7792.2,67703,14994.9,54409.5
2014-02-08,40680,7011.9000000000005,54308,11803.95,44762.40000000001
2014-02-09,23763.600000000002,3973.5,31055,6488.01,29448
2014-02-10,22597.200000000004,3012.3,29471,6260.4000000000005,26559.9
2014-02-11,22258.8,3657.6,29802,6319.17,28072.8
2014-02-12,30006,5656.5,32870,7379.7300000000005,35352
2014-02-13,37951.2,7444.8,49322,9885.78,40663.8
2014-02-14,32180.4,5427,42406,9035.91,35698.5
2014-02-15,25812,4500.9000000000005,30069,6579.09,27947.7
2014-02-16,26100,4336.2,30994,5482.62,29036.7
2014-02-17,21841.2,2847.6,28375,6715.08,25833.6
2014-02-18,20732.4,2899.8,28315,5569.56,25335
2014-02-19,24847.199999999997,4257.9,37177,6150.42,29331.9
2014-02-20,23025.6,3969,31057,6003.27,25780.5
2014-02-21,38678.4,6892.2,48078,8154.72,39296.7
2014-02-22,21992.4,3591.9,28912,5945.49,26476.2
2014-02-23,19861.2,2422.8,28392,5748.39,23820.300000000003
2014-02-24,20592,2497.5,28194,5498.01,23263.2
2014-02-25,19926,2571.3,27821,5379.3,23029.200000000004
2014-02-26,22453.2,3975.3,34633,6057.09,25327.8
2014-02-27,27529.2,4856.4,41244,7598.43,29125.8
2014-02-28,24415.199999999997,5427,29755,6102.63,25550.1
2014-03-01,18982.8,2629.8,28714,5503.14,22563.9
2014-03-02,17157.6,2219.4,27123,5430.6900000000005,21627.9
2014-03-03,18518.4,3080.7000000000003,28311,5593.05,21928.5
2014-03-04,17557.2,2448.9,27467,5312.610000000001,20706.3
2014-03-05,17092.8,2512.8,27434,5196.780000000001,20196
2014-03-06,16585.2,2500.2000000000003,26737,5389.74,19363.5
2014-03-07,17010,2285.1,26921,5426.7300000000005,19665.9
2014-03-08,16030.8,2263.5,27481,5537.25,20470.5
2014-03-09,15375.6,1872.9,26734,5507.7300000000005,18441.9
2014-03-10,15912,2260.8,26442,5148.72,19611.9
2014-03-11,15573.6,2358,26050,5225.13,19196.1
2014-03-12,15616.8,2347.2000000000003,26322,5092.29,18631.8
2014-03-13,14871.6,2202.3,25829,5107.41,19123.2
2014-03-14,15652.8,2134.8,26506,5114.43,19823.4
2014-03-15,17110.8,2515.5,29885,5545.4400000000005,21221.1
2014-03-16,14756.4,1833.3,26719,5137.74,19408.5
2014-03-17,14972.4,2097,26801,4951.4400000000005,19362.6
2014-03-18,15073.2,2396.7000000000003,27652,4957.02,19077.3
2014-03-19,29746.8,5160.6,61840,12105.99,44871.3
2014-03-20,14655.6,2101.5,28195,4729.05,19892.7
2014-03-21,18482.4,2952,35990,5555.79,21867.3
2014-03-22,24008.4,4307.4000000000005,39741,5104.8,28743.3
2014-03-23,14979.6,2634.3,30767,3580.2,20236.5
2014-03-24,19242,2503.8,30094,7294.41,23243.399999999998
2014-03-25,15660,2040.3,27006,4848.03,20214
2014-03-26,17416.8,1866.6000000000001,32434,4904.1900000000005,19142.1
2014-03-27,16347.6,2460.6,30529,5166.99,18841.5
2014-03-28,14331.6,1958.4,27208,5281.38,19084.5
2014-03-29,13809.6,1740.6000000000001,26996,5059.17,18514.8
2014-03-30,13327.2,1476,25792,4830.03,17806.68
2014-03-31,14418,1827,26779,6074.91,18330.3
2014-04-01,14245.2,2019.6000000000001,26545,6027.93,18095.4
2014-04-02,13896,1988.1000000000001,27268,5139,18008.1
2014-04-03,13845.6,2006.1000000000001,25757,2356.11,17939.7
2014-04-04,14338.8,2192.4,26802,4854.33,18333.9
2014-04-05,13334.4,1804.5,26845,4979.43,18776.7
2014-04-06,12855.6,1637.1000000000001,25524,4673.25,18585.9
2014-04-07,13662,1747.8,28808,5440.86,18607.5
2014-04-08,32292,6162.3,48660,10193.85,37290.6
2014-04-09,15339.6,2886.3,26603,5537.79,20266.2
2014-04-10,13672.8,1976.4,24929,5328.63,18623.7
2014-04-11,13276.8,1944,25072,4867.38,18273.6
2014-04-12,13230,1758.6000000000001,24942,4986.72,18015.3
2014-04-13,12063.6,1488.6000000000001,23915,5056.110000000001,17497.8
2014-04-14,15768,1818,37895,6954.66,23838.3
2014-04-15,13114.8,1857.6000000000001,24443,5102.55,17745.3
2014-04-16,14072.4,1836.9,23902,4670.28,17112.6
2014-04-17,12783.6,1806.3,23630,4682.7,17102.7
2014-04-18,17658,3883.5,34578,7205.31,24827.400000000005
2014-04-19,11584.800000000001,1442.7,23350,4676.58,17351.1
2014-04-20,10972.8,1317.6000000000001,21870,4537.26,16768.8
2014-04-21,12178.800000000001,1638.3600000000004,22763,4983.12,18550.8
2014-04-22,12643.2,1882.6200000000006,23455,4671.18,17244.9
2014-04-23,12344.4,1764.9,23338,4512.33,17345.7
2014-04-24,14655.6,2389.79999999988,23709,4568.22,17922.6
2014-04-25,13060.8,1681.2,23951,4689.360000000001,17543.7
2014-04-26,15141.6,2256.3,27234,6195.1500000000005,21274.2
2014-04-27,46324.799999999996,6240.6,84668,16705.170000000002,55322.1
2014-04-28,15472.8,2890.8,26679,5605.29,21853.8
2014-04-29,34581.6,6305.4000000000005,33563,6020.91,21840.3
2014-04-30,15235.2,2731.5,24581,4962.6,18936.9
2014-05-01,13863.6,2028.6000000000001,23945,4924.8,18738.9
2014-05-02,54406.8,8208,72727,11177.91,37173.6
2014-05-03,17326.8,2399.4,25769,4827.42,18263.7
2014-05-04,14900.4,1829.7,25652,4754.88,16828.2
2014-05-05,15555.6,2075.4,25712,4732.47,17038.8
2014-05-06,19746,3903.3,38333,6895.8,21834.9
2014-05-07,42382.8,6655.5,72992,13824.27,48668.399999999994
2014-05-08,24346.800000000003,5184.9000000000005,44381,7914.240000000001,27618.3
2014-05-09,46882.8,9255.6,87016,15544.62,54998.1
2014-05-10,50464.8,10404.9,97052,17113.68,65159.1
2014-05-11,33278.4,6621.3,42425,7358.31,25794.9
2014-05-12,38631.6,7173,64428,11249.37,36201.6
2014-05-13,40172.4,8854.2,80894,15282.99,48229.200000000004
2014-05-14,33292.8,6603.3,41764,9042.210000000001,39240
2014-05-15,28843.2,4738.5,35180,7606.89,29331
2014-05-16,24746.400000000005,3439.8,30259,5595.12,21990.6
2014-05-17,21837.6,2959.2000000000003,28652,5478.570000000001,20409.3
2014-05-18,19720.8,2557.8,27936,5453.37,19897.2
2014-05-19,19580.4,2407.5,27834,5259.78,19482.3
2014-05-20,17704.8,2571.3,27201,5147.01,18737.1
2014-05-21,17488.8,2473.2000000000003,26678,5143.05,18403.2
2014-05-22,23126.400000000005,4273.2,36228,8968.230000000001,27258.3
2014-05-23,26197.2,5569.2,45344,14468.94,40022.1
2014-05-24,16185.6,2764.8,25946,5652.72,19790.1
2014-05-25,15242.4,1791.9,25360,5215.860000000001,17600.4
2014-05-26,23601.600000000002,5050.8,54800,10950.12,35898.3
2014-05-27,50479.2,11022.300000000001,98724,20563.65,70810.2
2014-05-28,33267.6,6338.7,45744,11703.51,43510.5
2014-05-29,34196.4,8673.300000000001,48659,9918.18,32355
2014-05-30,23720.400000000005,3591.9,28412,5951.43,20900.7
2014-05-31,20430,2718.9,26380,5436.63,19173.6
2014-06-01,18525.6,2354.4,27217,5426.01,18401.4
2014-06-02,18687.6,2396.7000000000003,27357,5197.14,17928.9
2014-06-03,16826.4,2466.9,25174,5142.87,17246.7
2014-06-04,17568,2723.4,26340,5479.110000000001,17701.2
2014-06-05,30376.8,6162.3,54145,13082.94,33178.5
2014-06-06,16977.6,2620.8,27008,5395.860000000001,16760.7
2014-06-07,16120.8,1993.5,25282,5123.610000000001,16447.5
2014-06-08,13824,1746.9,23983,5018.4,15572.7
2014-06-09,20851.2,3230.1,33887,6340.14,22659.300000000003
2014-06-10,41860.8,7515,71785,13539.24,45108.9
2014-06-11,40413.6,7659.9,55586,15545.61,50294.700000000004
2014-06-12,24595.200000000004,3989.7000000000003,31478,6559.29,20017.8
2014-06-13,21578.4,2990.7000000000003,31381,6936.84,19001.7
2014-06-14,18698.4,2542.5,26580,6107.58,18402.3
2014-06-15,16815.6,2202.3,26218,5940.18,17342.1
2014-06-16,16614,2317.5,26114,5819.49,16972.2
2014-06-17,16689.6,2431.8,25507,5609.7,16663.5
2014-06-18,15706.8,2236.5,25663,5538.6900000000005,15520.5
2014-06-19,15008.4,2010.6000000000001,25738,5366.79,17334.9
2014-06-20,18396,3725.1,26067,5196.06,16830
2014-06-21,14324.4,1798.2,24787,4416.66,15816.6
2014-06-22,13395.6,1657.8,24550,6304.59,15194.7
2014-06-23,14263.2,1929.6000000000001,24953,5192.7300000000005,15437.7
2014-06-24,14392.8,1962.9,25421,6120.99,18351.9
2014-06-25,13698,2109.6,24675,4966.47,15561
2014-06-26,13809.6,1977.3,24595,4882.95,15114.6
2014-06-27,14490,2916.9,29448,5411.16,16238.7
2014-06-28,26373.6,6043.5,43956,8756.19,27923.4
2014-06-29,43092,7594.200000000001,85343,18076.68,65029.5
2014-06-30,22636.8,4454.1,41571,8051.49,29329.2
2014-07-01,16354.8,2557.8,26142,5815.17,16647.3
2014-07-02,15152.4,2121.3,25426,4894.65,15946.2
2014-07-03,14439.6,2090.7000000000003,25523,5317.2,15831
2014-07-04,13748.4,2107.8,25971,5284.62,16302.6
2014-07-05,17892,3725.1,49226,8121.42,23693.400000000005
2014-07-06,23450.400000000005,4327.2,40733,11803.86,41403.6
2014-07-07,18720,3064.5,26877,5788.4400000000005,22955.4
2014-07-08,44398.8,8699.4,89013,19040.04,62734.5
2014-07-09,67244.4,10387.800000000001,125940,25953.93,85316.4
2014-07-10,50101.2,10746,85116,19128.960000000003,75549.6
2014-07-11,35175.6,8320.5,45740,13597.11,56221.2
2014-07-12,28011.6,4653,37542,9099.18,37969.2
2014-07-13,24919.200000000004,3672.9,34374,7783.56,30245.4
2014-07-14,28756.8,7066.8,32544,8053.83,35013.6
2014-07-15,20941.2,3296.7000000000003,29837,7652.34,24320.699999999997
2014-07-16,19051.2,2900.7000000000003,29448,6577.110000000001,22236.299999999996
2014-07-17,18295.2,2559.6,28664,6163.6500000000005,21114
2014-07-18,17740.8,2462.4,28369,5894.37,20696.4
2014-07-19,16336.8,1895.4,27920,5892.21,19790.1
2014-07-20,24803.999999999996,5196.6,52405,10171.62,27323.1
2014-07-21,51850.8,11169.9,107947,21663.63,69475.5
2014-07-22,34704,10690.2,50960,13017.33,52064.1
2014-07-23,25102.800000000003,6582.6,33009,8734.41,25113.600000000002
2014-07-24,23468.4,4319.1,30336,7196.22,22768.199999999997
2014-07-25,22784.399999999998,3474,29400,6804.99,21900.6
2014-07-26,18694.8,2757.6,28579,6654.24,20710.8
2014-07-27,16880.4,2395.8,27664,6486.57,19821.6
2014-07-28,19378.8,3688.2000000000003,46458,9132.210000000001,35847.9
2014-07-29,28314,4558.5,57041,11910.51,40158.9
2014-07-30,37918.8,9363.6,76842,17476.74,53946
2014-07-31,20322,3912.3,31715,7134.12,23202.899999999998
2014-08-01,17517.6,2801.7000000000003,30311,7227,22307
2014-08-02,24911.999999999996,5193.9,46826,10498.59,33144
2014-08-03,23893.200000000004,4065.3,35943,9711.18,27705
2014-08-04,33548.4,7182.9000000000005,74116,14505.48,48770
2014-08-05,23554.8,5071.5,33388,8884.26,27440
2014-08-06,20073.6,4783.5,42560,8298.09,23705
2014-08-07,20322,4545,35195,6946.47,21706
2014-08-08,18666,4468.5,44822,7513.6500000000005,22723
2014-08-09,20923.2,4468.5,32722,7608.96,32477
2014-08-10,15696,3173.4,34393,7115.85,21775
2014-08-11,16689.6,2717.1,32319,6201.27,20513
2014-08-12,15271.2,3034.8,37490,6354.81,20940
2014-08-13,19238.4,4573.8,29950,6868.71,17750
2014-08-14,15091.2,4706.1,31603,6745.77,19290
2014-08-15,28602,8656.2,73947,14781.87,51174
2014-08-16,21920.4,7312.5,44083,9379.53,31841
2014-08-17,16639.2,4023.9,28682,6292.08,19552
2014-08-18,21538.8,6012,33370,8486.460000000001,27390
2014-08-19,23338.8,6150.6,56153,11352.6,41341
2014-08-20,18306,5366.7,37059,8189.55,21578
2014-08-21,15602.4,3607.2000000000003,32351,5881.860000000001,19740
2014-08-22,17737.2,3485.7,40296,7588.17,24435
2014-08-23,18061.2,2971.8,33619,8911.89,30049
2014-08-24,13730.4,2020.5,28100,6319.08,19319
2014-08-25,16729.2,3662.1,35588,8020.08,24722
2014-08-26,41871.6,11101.5,121069,22765.23,78517
2014-08-27,25592.4,6509.700000000001,46799,9184.5,36093
2014-08-28,20847.6,4152.6,30089,6658.38,22119
2014-08-29,19969.2,3830.4,33762,6845.04,22722
2014-08-30,21380.4,4655.7,42101,8891.64,29149
2014-08-31,24425.999999999996,6506.1,44827,11339.01,41402
2014-09-01,18446.4,4221.9000000000005,30981,6294.06,24335
2014-09-02,16743.6,3068.1,28274,6140.43,19720
2014-09-03,15526.8,2862.9,28088,6891.570000000001,20194
2014-09-04,15195.6,2694.6,28064,5971.59,18839
2014-09-05,14896.8,2577.6,28127,5693.76,18900
2014-09-06,14191.2,2169.9,27733,5750.46,18488
2014-09-07,15652.8,2074.5,27701,5740.47,18287
2014-09-08,13777.2,2288.7000000000003,27422,5794.74,17671
2014-09-09,14526,2005.2,27274,5327.1900000000005,17475
2014-09-10,14634,2389.5,27234,5356.08,17799
2014-09-11,14126.4,2313.9,26958,5340.87,17502
2014-09-12,16905.6,2037.6000000000001,27002,5386.860000000001,17485
2014-09-13,14220,1860.3000000000002,26545,5401.53,17334
2014-09-14,13410,1653.3,26412,5463,17084
2014-09-15,14176.8,2015.1000000000001,26829,5261.4000000000005,16983
2014-09-16,13809.6,2007,27072,5312.52,17005
2014-09-17,13604.4,2125.8,26533,5173.02,16768
2014-09-18,17550,3955.5,44424,8479.17,25127
2014-09-19,45237.600000000006,7101.9000000000005,81552,14019.390000000001,54651
2014-09-20,23007.600000000002,4396.5,55895,10962.27,33273
2014-09-21,25819.2,4059.0000000000005,63152,15148.26,56072
2014-09-22,16585.2,3002.9999999997603,35114,10285.92,42145
2014-09-23,13482,2164.5,27765,6366.96,24952
2014-09-24,24973.56,5134.5,46678,9599.58,32857
2014-09-25,30337.2,5697,36566,10148.67,40263
2014-09-26,18622.8,3021.3,31404,6425.82,22707
2014-09-27,14724,2095.2000000000003,27341,5806.62,20370
2014-09-28,14367.6,1915.2,26452,5768.64,19453
2014-09-29,18201.6,3065.4,27852,6394.68,20804
2014-09-30,17906.4,2030.4,26962,5550.12,21101
2014-10-01,17589.6,3290.4,30076,5691.6,21308
2014-10-02,14894,1929.89999999988,26015,5328.72,18969
2014-10-03,14151,1651.5,25433,5420.79,18483
2014-10-04,13439,1498.5,24871,5247.18,17721
2014-10-05,13346,1642.5,26141,5236.92,17878
2014-10-06,14294,1747.8,24975,5148.9,17903
2014-10-07,48871,7268.399999964,75077,13850.28,54037
2014-10-08,44322,7170.3,63702,12120.57,44283
2014-10-09,56460,8522.1,69323,13191.48,58117
2014-10-10,22059,3845.7000000000003,40182,8064.18,23311
2014-10-11,22652,3906.9,34383,6956.7300000000005,25663
2014-10-12,19412,3388.5,28213,6091.2,22088
2014-10-13,21459,3375.9,31565,6975.54,23951
2014-10-14,17585,2269.8,27412,5547.780000000001,20353
2014-10-15,16835,2380.5,24637,5504.490000000001,19800
2014-10-16,33980,5310.9000000000005,59361,10876.32,38251
2014-10-17,31366,6203.7,44635,11179.17,36549
2014-10-18,17671,2209.5,27376,6491.7,20784
2014-10-19,18946,2038.5,35135,7564.41,22929
2014-10-20,19545,2166.5999999988,29462,7782.84,23912
2014-10-21,39484,7443,65419,13961.97,47187
2014-10-22,46511,8181,81336,17991.27,66938
2014-10-23,21027,3723.3,31881,6921.54,26124
2014-10-24,19330,2714.4,29603,6871.5,23888
2014-10-25,22208,4822.2,32331,7514.37,25598
2014-10-26,18436,2850.3,30098,6559.83,23453
2014-10-27,16928,2399.4,28547,6113.7,22578
2014-10-28,16762,2404.8,28494,5985.450000000001,21529
2014-10-29,15632,2429.1,28781,6039.72,21898
2014-10-30,15339,2359.8,28984,6037.6500000000005,21105
2014-10-31,15376,2141.1,27925,6034.860000000001,20750
2014-11-01,14359,1872,27915,6199.83,20676
2014-11-02,13942,1983.6000000000001,27329,6285.24,20782
2014-11-03,42711,6589.8,52604,14708.25,53561
2014-11-04,75581,10473.3,99053,21264.57,85631
2014-11-05,44880,6503.4000000000005,33420,8435.43,40440
2014-11-06,29562,4301.1,30135,6782.4000000000005,28959
2014-11-07,24964,3270.6,29039,6432.39,26333
2014-11-08,22229,2475.9,28471,6484.14,24808
2014-11-09,20043,2382.3,28192,6477.66,23815
2014-11-10,20671,3110.4,29748,6176.88,24365
2014-11-11,22916,4024.8,34428,7018.979999976,25574
2014-11-12,18650,2530.8,27779,6051.6,22708
2014-11-13,17487,2465.1,27866,5804.55,21752
2014-11-14,17253,2182.5,26278,5867.64,21684
2014-11-15,16845,2053.8,27305,5950.71,21580
2014-11-16,63476,9834.300000000001,103450,20861.010000000002,75522
2014-11-17,25652,4338.2999999988,35441,8109.72,31260
2014-11-18,20612,3156.3,29201,6480.81,24597
2014-11-19,19928,2790,28499,6304.59,23673
2014-11-20,18368,2574.9,28191,5997.33,22569
2014-11-21,18137,2566.8,28438,6018.12,22636
2014-11-22,17583,2215.8,28243,6266.43,22509
2014-11-23,16554,2169.9,27971,6393.06,22448
2014-11-24,24761,5009.4000000000005,36523,8352.36,32896
2014-11-25,17113,2163.6,27732,5770.17,21126
2014-11-26,20970,2577.6,28602,6089.4000000000005,21636
2014-11-27,7423,2754,28995,6131.43,21611
2014-11-28,986,2219.4,28535,5892.12,21307
2014-11-29,8264,1962.9,27361,5932.8,20404
2014-11-30,NA,1732.5,27375,5956.47,20140
2014-12-01,7988,2057.4,27092,5677.29,19699
2014-12-02,10568,2006.1000000000001,26855,5565.42,19494
2014-12-03,NA,2906.1000000000004,26396,5546.61,19374
2014-12-04,12635,2017.8000000000002,26447,5569.56,19127
2014-12-05,13463,1888.2,26373,5656.59,17032
2014-12-06,384,1792.8000000000002,25572,5746.2300000000005,18326
2014-12-07,1359,4456.8,2863,8446.5,25386
2014-12-08,23764,7182,39870,12091.59,36561
2014-12-09,25779,3790.8,31942,6679.08,20874
2014-12-10,NA,6385.5,49721,9265.59,30484
2014-12-11,9975,5977.8,53467,10820.79,36399
2014-12-12,70119,10110.6,84531,19101.78,64528
2014-12-13,88197,8445.6,78445,15324.84,68073
2014-12-14,45324,4814.1,32743,7885.35,32996
2014-12-15,49406,6447.6,39581,10958.76,38547
2014-12-16,34331,7116.3,31818,8084.88,31795
2014-12-17,48422,9276.3,55699,12048.57,41196
2014-12-18,52898,10530.9,45415,9507.960000000001,36082
2014-12-19,67284,10834.2,85898,18930.33,67699
2014-12-20,68768,10917,63080,15770.07,80630
2014-12-21,55725,8638.2,55156,14767.92,57567
2014-12-22,41926,7979.4000000000005,48402,11813.94,47491
2014-12-23,34944,5548.5,41386,9916.56,41011
2014-12-24,52458,7906.5,73516,16997.850000000002,58802
2014-12-25,54054,7794.9000000000005,63455,11639.25,62508
2014-12-26,33310,5085,42813,10292.04,39371
2014-12-27,44549,5267.7,63813,12060.9,53426
2014-12-28,29374,3908.7000000000003,43963,9200.79,35141
2014-12-29,28612,4082.4,42778,8076.69,35360
2014-12-30,32547,5754.6,51910,9585.99,38347
2014-12-31,39495,9099,55467,11817.45,41878
2015-01-01,29210.4,4285.8,37864,8831.25,29942
2015-01-02,57650.4,8937.9,74344,13474.89,57779
2015-01-03,53971.200000000004,9597.6,56563,11581.65,45682
2015-01-04,38743.200000000004,4900.5,43177,9491.130000000001,34799
2015-01-05,32414.4,4150.8,37297,9172.26,31775
2015-01-06,29390.4,4402.8,36665,8927.640000000001,31289
2015-01-07,35395.200000000004,7025.4000000000005,45526,9780.210000000001,33665
2015-01-08,60652.8,10536.300000000001,87208,15259.050000000001,58740
2015-01-09,71737.2,12212.1,95556,15722.1,76889
2015-01-10,73047.6,11955.6,109407,17993.97,80735
2015-01-11,65757.6,9563.4,70883,14838.93,80127
2015-01-12,58435.200000000004,8232.300000000001,53288,12801.24,61401
2015-01-13,67644,10327.5,93230,16823.97,72830
2015-01-14,68302.8,9198.9,84396,15129.18,75773
2015-01-15,71409.6,10250.1,99099,16585.2,74083
2015-01-16,63907.200000000004,7948.8,66778,14505.66,69221
2015-01-17,46764,5913,48787,12618.09,51077
2015-01-18,36554.4,4281.3,47186,12270.42,44575
2015-01-19,32907.6,4115.7,44196,10534.77,40261
2015-01-20,28735.2,3849.3,42189,9772.02,35359
2015-01-21,25318.8,3148.2000000000003,40467,9362.7,32997
2015-01-22,23623.2,3347.1,39300,8896.32,30499
2015-01-23,22748.4,3389.4,38041,8463.24,27926
2015-01-24,23835.600000000002,3007.8,42126,9132.3,29590
2015-01-25,32875.200000000004,6224.4000000000005,60085,12630.06,40031
2015-01-26,53337.6,11277.9,81163,15951.15,51579
2015-01-27,39301.200000000004,6917.4000000000005,45478,9859.95,33755
2015-01-28,40176,6915.6,62136,13825.710000000001,44005
2015-01-29,44287.200000000004,8247.6,61447,12504.42,53067
2015-01-30,45860.4,8244.9,66867,13867.650000000001,48718
2015-01-31,43405.200000000004,7848,63391,14156.64,49724
2015-02-01,35064,5415.3,40282,9473.220000000001,35968
2015-02-02,41547.6,7382.700000000001,57510,13079.16,45757
2015-02-03,33818.4,6106.5,38921,8855.64,35490
2015-02-04,33444,4768.2,40492,9068.85,32522
2015-02-05,27727.2,3992.4,35459,7842.51,30871
2015-02-06,25185.600000000002,3577.5,34698,7790.31,29490
2015-02-07,24980.4,3582.9,34818,7901.1,28411
2015-02-08,31968,6465.6,41570,8258.76,28564
2015-02-09,27993.600000000002,5626.8,36099,8480.7,30818
2015-02-10,30423.600000000002,4676.4000000000005,40531,8564.4,30790
2015-02-11,24760.8,3540.6,33487,7117.83,26253
2015-02-12,23961.600000000002,3391.2000000000003,33268,7050.42,25410
2015-02-13,23277.600000000002,3104.1,33166,7243.92,25608
2015-02-14,23173.2,2894.4,32679,7626.51,24825
2015-02-15,21236.4,2502.9,31396,6947.7300000000005,23591
2015-02-16,20282.4,2676.6,31351,6699.780000000001,23527
2015-02-17,19490.4,2834.1,30888,6584.31,22280
2015-02-18,19047.600000000002,3190.5,30873,6475.86,22148
2015-02-19,18856.8,3171.6,30700,6565.05,21753
2015-02-20,28803.600000000002,5119.2,53125,10633.050000000001,37210
2015-02-21,48877.200000000004,6401.7,78329,14975.37,57708
2015-02-22,22500,2966.4,32681,7132.2300000000005,24808
2015-02-23,49752,6998.4000000000005,99825,18962.64,66146
2015-02-24,50173.200000000004,7728.3,71195,12826.35,48234
2015-02-25,43747.200000000004,5985.9000000000005,68469,12326.76,38179
2015-02-26,33163.200000000004,4401,36126,8067.33,30633
2015-02-27,52408.8,8485.2,99531,19209.06,71428
2015-02-28,43027.200000000004,6185.700000000001,40213,9058.41,37290
2015-03-01,44920.8,7332.3,50191,11709.36,43143
2015-03-02,41414.4,6544.8,49367,10431.9,42621
2015-03-03,41364,7434,56299,11813.58,42720
2015-03-04,34034.4,5873.4000000000005,37965,8273.61,33194
2015-03-05,24087.600000000002,3882.6000000000004,35096,7871.22,29783
2015-03-06,22528.8,3940.2000000000003,34602,7380.81,27375
2015-03-07,22636.8,3355.2000000000003,35007,7563.780000000001,25947
2015-03-08,22255.2,3007.8,35511,7432.6500000000005,24883
2015-03-09,19170,3150.9,33645,7020.09,24314
2015-03-10,15836.4,3342.6,34143,7223.85,24150
2015-03-11,14662.800000000001,2871.9,32693,6778.62,22490
2015-03-12,17748,2888.1000000000004,32367,6879.96,21705
2015-03-13,17208,2830.5,32358,6690.33,21889
2015-03-14,16437.600000000002,2406.6,31523,6861.51,21360
2015-03-15,15552,2359.8,31250,6907.41,21217
2015-03-16,14468.4,2535.3,32389,6592.68,20141
2015-03-17,13582.800000000001,2497.5,30653,6440.85,20032
2015-03-18,13251.6,2533.5,31304,6392.610000000001,18872
2015-03-19,12942,2598.3,29829,6247.17,19594
2015-03-20,13395.6,2450.7000000000003,30071,6287.04,18758
2015-03-21,29494.8,6894,65851,11233.62,29696
2015-03-22,11044.800000000001,2789.1,34687,7219.62,19114
2015-03-23,6688.8,3802.5,29603,6725.16,19939
2015-03-24,10562.4,2758.5,29030,6142.59,18366
2015-03-25,10580.4,2431.8,28728,6196.59,18118
2015-03-26,12114,3930.3,33948,6931.9800000000005,19477
2015-03-27,10454.4,2342.7000000000003,31744,6616.35,20203
2015-03-28,12132,4891.5,36209,7232.31,20134
2015-03-29,37256.4,9899.1,88703,18669.420000000002,52851
2015-03-30,37432.8,9050.4,76722,14045.85,53094
2015-03-31,49834.8,9164.7,109637,19786.68,69305
2015-04-01,40942.8,11880,77599,17575.2,67529
2015-04-02,45370.8,11173.5,103544,20811.24,71720
2015-04-03,30877.2,7801.2,43273,11771.82,61655
2015-04-04,24278.4,5621.4,40408,10108.8,41621
2015-04-05,14288.4,4507.2,37632,9049.41,33146
2015-04-06,12301.2,4382.1,38286,8977.140000000001,30312
2015-04-07,26748.72,3752.1000000000004,38016,8649.630000000001,27591
2015-04-08,19725.12,3657.6,37123,7754.13,25895
2015-04-09,26694.359999999997,3561.3,36186,7736.67,24030
2015-04-10,15089.040000000003,3225.6,35798,7583.76,23921
2015-04-11,11803.32,2945.7000000000003,38878,7789.2300000000005,23218
2015-04-12,14003.999999999998,2516.4,35422,7484.67,22430
2015-04-13,20044.8,2727.9,34095,6912.27,21442
2015-04-14,19727.64,2622.6,34310,6933.6,22053
2015-04-15,15954.480000000001,2820.6,34094,6844.14,19272
2015-04-16,18072,2620.8,32847,6506.1,19977
2015-04-17,16983.72,2536.2000000000003,32345,6409.26,19298
2015-04-18,23731.920000000002,2319.3,32004,6469.47,18389
2015-04-19,19087.92,2115.9,31553,6478.92,20756
2015-04-20,19981.44,2450.7000000000003,30761,6305.76,18576
2015-04-21,17075.16,2252.7,30108,6309.360000000001,18112
2015-04-22,38090.51999999999,2381.4,29284,6973.47,18193
2015-04-23,22778.28,2350.8,29211,7045.47,18277
2015-04-24,49331.16,2324.7000000000003,29621,6048.09,18023
2015-04-25,38481.479999999996,3436.2000000000003,33087,7160.490000000001,18833
2015-04-26,25448.4,3104.1,35365,6779.79,20503
2015-04-27,33477.479999999996,7184.7,78042,13158.45,42434
2015-04-28,33928.560000000005,2466,28891,6674.13,18361
2015-04-29,21832.92,2508.3,29613,5708.34,17320
2015-04-30,23781.239999999998,3536.1,44247,6595.29,19962
2015-05-01,14095.080000000002,2305.8,27638,5813.1900000000005,16763
2015-05-02,49357.44,1917.5999999976,27447,5716.35,16302
2015-05-03,26569.439999999995,5271.3,52611,10295.91,27632
2015-05-04,39153.240000000005,4039.2000000000003,39326,7748.01,22862
2015-05-05,36897.48000000001,7094.7,49889,11889.810000000001,35952
2015-05-06,25185.960000000003,4090.5,28671,7756.92,24369
2015-05-07,44688.6,3116.7000000000003,27602,5776.110000000001,17129
2015-05-08,18312.48,2816.1,27541,5721.39,17142
2015-05-09,18914.399999999998,2694.6,28575,6156.72,17191
2015-05-10,21324.240000000005,2370.6,27279,5616.360000000001,16268
2015-05-11,15797.160000000002,2709.9,27251,5538.1500000000005,16581
2015-05-12,8173.799999999998,2476.8,26425,5416.38,15792
2015-05-13,15740.64,2457,26443,5280.39,15606
2015-05-14,9384.480000000001,2024.1000000000001,25373,5294.43,14858
2015-05-15,10168.560000000001,2041.2,25716,5207.4000000000005,14879
2015-05-16,16336.439999999999,2516.4,27540,5624.01,15903
2015-05-17,8720.279999999999,1858.5,25477,5408.37,14822
2015-05-18,12525.119999999999,2250,25639,5283.9000000000005,15453
2015-05-19,17903.519999999997,3595.5,32740,7058.07,19235
2015-05-20,14977.439999999999,3334.5,25522,5258.88,14391
2015-05-21,24498.720000000005,2462.4,25133,5143.23,15481
2015-05-22,14824.080000000002,2194.2,25332,5190.4800000000005,14792
2015-05-23,10161.72,1864.8000000000002,24853,5188.14,14978
2015-05-24,8372.52,1686.6000000000001,23159,4943.34,13661
2015-05-25,14088.599999999999,2890.8,31417,6890.67,18384
2015-05-26,6839.279999999999,1980,25001,5106.06,15026
2015-05-27,16487.28,2100.6,24708,5089.77,14747
2015-05-28,26661.600000000002,3766.5,45231,7933.14,23405
2015-05-29,15774.479999999998,3524.4,31977,6417.81,17371
2015-05-30,34379.280000000006,6143.4000000000005,51671,10089.630000000001,35079
2015-05-31,30677.4,5520.6,37963,7263,20355
2015-06-01,23421.240000000005,6173.1,52825,10464.48,29181
2015-06-02,16765.560000000005,2793.6,25613,5197.05,16616
2015-06-03,12835.080000000002,2994.3,27387,5621.31,17825
2015-06-04,10285.92,2078.1,24403,5051.79,15375
2015-06-05,15471.720000000003,2214.9,24861,5133.87,15546
2015-06-06,19417.320000000003,2644.2000000000003,32267,5823.45,17285
2015-06-07,12166.560000000001,1788.3,23901,5030.820000000001,15145
2015-06-08,15098.039999999999,2097,24258,5185.08,15431
2015-06-09,7461.720000000001,2133.9,24074,5211.9000000000005,14983
2015-06-10,8620.2,1930.5,24643,5108.9400000000005,15207
2015-06-11,11892.96,2141.1,24449,5223.6900000000005,15118
2015-06-12,15209.279999999997,1936.8000000000002,24973,5081.58,15738
2015-06-13,10014.480000000003,2820.6,31599,6104.43,16227
2015-06-14,5389.56,1692,22950,5433.570000000001,14872
2015-06-15,14114.160000000002,2137.5,25393,5114.88,14730
2015-06-16,17968.319999999996,1833.3,24041,4895.01,14230
2015-06-17,19176.48,2041.2,26065,4907.97,15228
2015-06-18,27006.479999999996,6752.7,52770,10787.04,31223
2015-06-19,19904.76,4587.3,42818,10984.86,35137
2015-06-20,15303.24,3063.6,28164,6519.42,20384
2015-06-21,10595.880000000001,2571.3,49774,10623.33,24955
2015-06-22,35008.920000000006,8966.7,83260,18687.24,47497
2015-06-23,57481.200000000004,9072,80392,18942.75,58295
2015-06-24,23349.600000000002,4579.2,29966,6221.88,20291
2015-06-25,16596,2674.8,25274,5425.6500000000005,17434
2015-06-26,15408,2325.6,26052,5574.33,16991
2015-06-27,25088.4,3238.2000000000003,31627,8867.43,23396
2015-06-28,13798.800000000001,1826.1000000000001,24782,5260.5,16993
2015-06-29,14338.800000000001,2072.7000000000003,25195,5236.11,16433
2015-06-30,13719.6,1936.8000000000002,24615,5103.360000000001,16400
2015-07-01,14418,2178,24641,5141.07,16718
2015-07-02,14277.6,2115,25372,5896.26,16170
2015-07-03,20577.600000000002,2942.1,33784,13083.66,29405
2015-07-04,13327.2,1746,24847,5565.87,16571
2015-07-05,22100.4,3813.3,55286,9669.33,39603
2015-07-06,9950.4,3109.5,25061,5531.85,17475
2015-07-07,6562.8,2024.1000000000001,24046,6048.09,16517
2015-07-08,21222,5923.8,51465,11723.130000000001,32090
2015-07-09,31464,6186.6,60027,12426.75,44984
2015-07-10,6138,2883.6,24306,5081.58,17608
2015-07-11,4266,2063.7,23112,5219.7300000000005,16627
2015-07-12,9147.6,3165.3,31267,7516.9800000000005,21631
2015-07-13,19915.2,7070.4000000000005,45228,10214.550000000001,28572
2015-07-14,33854.4,9594.9,65146,15778.62,42041
2015-07-15,10771.2,5852.7,29309,7691.13,23784
2015-07-16,3970.8,4007.7000000000003,25371,5547.78,18897
2015-07-17,4100.4000000000005,2755.8,26158,5933.61,18438
2015-07-18,4777.2,2046.6000000000001,26374,5202.2699999999995,16681
2015-07-19,32716.8,6229.8,58642,13110.75,44888
2015-07-20,11599.2,4100.4000000000005,29340,7148.88,19794
2015-07-21,12988.800000000001,3515.4,24451,5619.42,17327
2015-07-22,7012.8,2255.4,23564,5248.35,15321
2015-07-23,5014.8,2034.9,24168,4955.49,15240
2015-07-24,7250.4000000000005,1909.8000000000002,22345,5064.93,15552
2015-07-25,31464,6517.8,54247,15071.04,58199
2015-07-26,16196.4,2718,26689,6611.58,24838
2015-07-27,17064,2736,31841,7703.820000000001,22469
2015-07-28,9745.2,1491.3,22838,5753.79,17097
2015-07-29,16660.8,3867.3,52521,8998.47,21873
2015-07-30,9568.800000000001,6032.7,34642,6607.9800000000005,17916
2015-07-31,9864,2604.6000000000004,23190,5461.38,15719
2015-08-01,10263.6,1854.9,22533,5107.14,15560
2015-08-02,9824.4,1663.2,22206,5067.18,14919
2015-08-03,11192.4,2051.1,23139,5049,14975
2015-08-04,29793.600000000002,6385.5,59812,12437.37,36033
2015-08-05,15778.800000000001,3063.6000000000004,26330,6045.03,15962
2015-08-06,10216.800000000001,2621,23419,5284.89,15727
2015-08-07,26456.4,NA,49151,10146.87,32713
2015-08-08,17870.4,NA,44937,8528.58,26852
2015-08-09,9896.4,NA,23207,5449.860000000001,16120
2015-08-10,28101.600000000002,NA,62367,11736,33194
2015-08-11,24343.2,NA,44491,9167.85,29628
2015-08-12,9842.4,NA,24472,5534.64,16612
2015-08-13,9882,NA,24499,6238.8,15437
2015-08-14,27277.2,5999,59327,13858.65,40012
2015-08-15,20620.8,4784.4000000000005,61350,8415.18,19011
2015-08-16,63234,11930.4,127801,23315.22,67308
2015-08-17,62712,10834.2,126296,26291.97,80228
2015-08-18,50576.4,10358.1,103656,21726.54,74756
2015-08-19,27612,7971.3,36696,8076.780000000001,29626
2015-08-20,16192.800000000001,4361.4000000000005,35689,6978.6900000000005,25113
2015-08-21,12621.6,3898.8,30740,6672.87,22817
2015-08-22,10148.4,2450.7000000000003,29384,6380.1900000000005,21063
2015-08-23,9489.6,2148.3,28282,6299.91,20043
2015-08-24,17852.4,5997.8999999988,50695,8670.78,31246
2015-08-25,35614.8,7877.7,64418,14374.710000000001,50326
2015-08-26,11991.6,3313.8,27471,6692.04,19882
2015-08-27,29894.4,8636.4,76402,15562.26,45157
2015-08-28,41407.200000000004,8145,72123,15414.12,56915
2015-08-29,13500,4266,29782,6602.9400000000005,24365
2015-08-30,10818,2778.3,28905,6522.030000000001,22473
2015-08-31,11098.800000000001,3192.3,29887,6190.47,22027
2015-09-01,33757.200000000004,9317.7,79853,16287.480000000001,52665
2015-09-02,20556,4963.5,36853,8406.27,30041
2015-09-03,11102.4,4212.9000000000005,31926,7763.4,24550
2015-09-04,11300.4,3652.2000000000003,33407,7217.64,24058
2015-09-05,37443.6,12499.2,101416,19979.91,57069
2015-09-06,10605.6,5291.1,38931,9360.27,28200
2015-09-07,13406.4,7871.4000000000005,36154,8674.74,33410
2015-09-08,8139.6,4023,31097,7593.120000000001,24653
2015-09-09,5169.6,3160.8,28431,5990.13,21144
2015-09-10,8366.4,2910.6,27649,5836.95,20512
2015-09-11,8334,2696.4,27887,5766.75,19390
2015-09-12,15530.4,5122.8,41591,9998.550000000001,34944
2015-09-13,25462.8,6276.6,42862,11698.65,48130
2015-09-14,13186.800000000001,5506.200000000001,28935,7477.38,31855
2015-09-15,24379.2,8366.4,30971,13281.210000000001,43567
2015-09-16,29314.8,9564.300000000001,61335,15507.36,44119
2015-09-17,42706.8,10321.2,71370,15805.800000000001,58265
2015-09-18,31424.4,5429.7,40511,8135.820000000001,35912
2015-09-19,13975.2,3347.1,27396,6495.12,26226
2015-09-20,11743.2,2711.7000000000003,26693,6297.03,23719
2015-09-21,13654.800000000001,2874.6,26817,6039.9000000000005,23187
2015-09-22,29606.4,7844.4000000000005,49609,10028.61,39001
2015-09-23,26182.8,7930.8,49616,10272.060000000001,33572
2015-09-24,15249.6,3889.8,28195,6281.55,24477
2015-09-25,14155.2,2779.2000000000003,26710,6746.85,22145
2015-09-26,12211.2,2332.8,25972,6006.96,20401
2015-09-27,9655.2,2041.2,25469,5838.21,19173
2015-09-28,9406.800000000001,2373.3,25543,5645.7,18788
2015-09-29,9061.2,2216.7000000000003,25378,5628.06,18298
2015-09-30,8730,2087.1,25622,5677.11,18560
2015-10-01,9061.2,2230.2,25355,5404.14,17701
2015-10-02,9468,2148.3,25332,5485.860000000001,18357
2015-10-03,8906.4,1898.1,24662,5608.35,18320
2015-10-04,8125.2,1731.6000000000001,24209,5542.83,16909
2015-10-05,8449.2,2226.6,24568,5391.18,16958
2015-10-06,31082.4,6984,65386,14131.44,47362
2015-10-07,12783.6,4556.7,28511,6582.6900000000005,20213
2015-10-08,31572,7770.6,76702,12266.460000000001,37995
2015-10-09,11988,4629.6,30023,8508.6,22956
2015-10-10,10440,2455.2000000000003,26965,5850.81,20812
2015-10-11,8078.4000000000005,2023.2,24937,5538.87,18094
2015-10-12,8884.800000000001,2185.2,24703,5223.51,18150
2015-10-13,9154.800000000001,2010.6000000000001,24123,5182.56,17845
2015-10-14,25369.2,6248.7,54705,12120.57,36903
2015-10-15,33534,7855.2,78288,16107.3,52149
2015-10-16,38826,9087.3,81240,17525.88,53224
2015-10-17,32446.8,6515.1,61163,11093.49,35213
2015-10-18,19674,4138.2,29922,6855.12,23345
2015-10-19,18097.2,3455.1,29214,6287.67,22922
2015-10-20,16704,2930.4,27944,6361.6500000000005,22669
2015-10-21,15613.2,2857.5,27405,6693.21,22245
2015-10-22,24091.2,7046.1,37643,6860.61,22790
2015-10-23,15861.6,2835.9,27477,6223.41,21697
2015-10-24,14266.800000000001,2329.2000000000003,26544,6136.110000000001,19891
2015-10-25,13557.6,2490.3,27268,6459.84,20143
2015-10-26,13276.800000000001,2426.4,26420,5881.2300000000005,20091
2015-10-27,13374,2304.9,26204,5798.88,19060
2015-10-28,14216.4,2375.1,26149,5798.25,18717
2015-10-29,13654.800000000001,2266.2000000000003,25786,5589.54,17633
2015-10-30,12744,2341.8,25745,5585.85,18635
2015-10-31,12477.6,1936.8000000000002,26102,5763.96,18371
2015-11-01,12006,1725.3,25642,5753.07,18018
2015-11-02,12571.2,2943.9,25555,5396.13,17826
2015-11-03,12517.2,1960.2,25185,5435.82,18026
2015-11-04,12452.4,2159.1,25502,5612.76,18479
2015-11-05,16930.8,3672,31947,6704.1900000000005,21247
2015-11-06,20041.2,5316.3,38587,7648.38,22591
2015-11-07,24073.2,5260.5,38369,7793.01,23916
2015-11-08,12060,1983.6000000000001,25633,5843.79,18059
2015-11-09,17654.4,3669.3,30566,7290.81,23086
2015-11-10,12312,2312.1,25750,5455.62,18329
2015-11-11,13460.4,2289.6,28313,6143.31,19042
2015-11-12,11095.2,2173.5,24946,5466.06,17755
2015-11-13,19213.2,4991.4000000000005,37058,8826.39,29961
2015-11-14,23587.2,5823.9000000000005,44388,10858.86,31016
2015-11-15,50043.6,11247.300000000001,100850,21483,70804
2015-11-16,40287.6,7907.4000000000005,31566,8921.25,33100
2015-11-17,55162.8,13204.800000000001,110625,22633.920000000002,75026
2015-11-18,38480.4,8721,33304,8497.710000000001,41909
2015-11-19,36860.4,8455.5,66222,14216.58,46081
2015-11-20,43581.6,7583.4000000000005,65812,11595.15,48789
2015-11-21,32256,6698.7,45367,9434.880000000001,34529
2015-11-22,25707.600000000002,5162.4000000000005,40409,8814.78,31664
2015-11-23,21924,3507.3,34166,7700.31,27878
2015-11-24,26841.600000000002,4016.7000000000003,43923,10751.31,32317
2015-11-25,43405.200000000004,8720.1,50788,10896.75,41686
2015-11-26,26020.8,5090.4000000000005,31425,6566.22,25251
2015-11-27,23216.4,3814.2000000000003,31433,6834.42,24712
2015-11-28,36763.200000000004,7614,49656,9997.470000000001,34229
2015-11-29,54187.200000000004,12143.7,98698,21245.58,73733
2015-11-30,66034.8,12088.800000000001,120725,24243.39,78963
2015-12-01,72208.8,9937.800000000001,123364,24075.54,81961
2015-12-02,57675.6,10445.4,87505,21231.45,77363
2015-12-03,49759.200000000004,7398.9000000000005,53527,15213.87,68152
2015-12-04,52686,7473.6,89632,17124.75,68066
2015-12-05,41130,4936.5,47773,13133.25,43598
2015-12-06,34138.8,5237.1,51158,12837.51,38552
2015-12-07,43419.6,7851.6,70813,14046.12,40530
2015-12-08,30441.600000000002,5031.9000000000005,45190,11796.84,33954
2015-12-09,48848.4,9740.7,71822,15752.25,55270
2015-12-10,34106.4,5365.8,38774,9382.86,30853
2015-12-11,47988,9443.7,98741,20371.05,63174
2015-12-12,54151.200000000004,7370.1,60264,13371.84,48943
2015-12-13,55537.200000000004,9591.300000000001,65284,14521.59,50982
2015-12-14,37321.200000000004,5686.4999999988,41005,10072.08,34897
2015-12-15,32230.8,4542.3,38330,9674.64,32090
2015-12-16,45324,10022.4,62879,14307.84,42755
2015-12-17,37450.8,6460.2,46309,10854.810000000001,36928
2015-12-18,29962.8,4744.8,37598,8712.27,30305
2015-12-19,26377.2,3774.6000000000004,36378,8466.210000000001,28572
2015-12-20,24285.600000000002,3362.4,35579,8337.51,27628
2015-12-21,35434.8,6674.4000000000005,53811,12497.76,40654
2015-12-22,42883.200000000004,8573.4,62239,12684.87,46403
2015-12-23,26974.8,4756.5,35809,8537.85,29500
2015-12-24,25639.2,3491.3999999988,37687,8520.12,28702
2015-12-25,44197.200000000004,7335.9000000000005,74032,15114.51,48913
2015-12-26,24948,3562.2000000000003,34240,8320.140000000001,27213
2015-12-27,22899.600000000002,3068.1,33222,7465.05,25833
2015-12-28,22723.2,2642.4,33208,7259.85,25515
2015-12-29,21391.2,2518.2,32556,7688.610000000001,24357
2015-12-30,20581.2,2329.2000000000003,32433,7071.03,23921
2015-12-31,24951.600000000002,4227.3,39930,8463.24,27513
2016-01-01,18691.2,2763,32381,6812.01,22353
2016-01-02,21380.4,3291.3,43184,8838.72,25522
2016-01-03,29422.8,5750.1,53757,11085.48,32687
2016-01-04,47304,10916.1,81948,15302.43,45901
2016-01-05,26877.600000000002,4320,37201,8268.93,25932
2016-01-06,23983.2,3625.2000000000003,34646,7253.64,24840
2016-01-07,37929.6,6471,60987,12481.470000000001,40778
2016-01-08,38682,6303.6,42674,8848.35,28448
2016-01-09,26254.8,3595.5,34307,7450.29,24236
2016-01-10,45406.8,8471.7,57606,14656.86,45977
2016-01-11,46789.200000000004,8973.9,60075,14610.51,46463
2016-01-12,40791.6,7300.8,41593,10203.12,37523
2016-01-13,57794.4,11677.5,96605,19458.09,68263
2016-01-14,62683.200000000004,10162.800000000001,68771,15576.480000000001,54026
2016-01-15,62362.8,11584.800000000001,92758,18549.09,67720
2016-01-16,51328.8,8743.5,46018,11523.24,45966
2016-01-17,43430.4,5864.4000000000005,41404,10329.48,38833
2016-01-18,35366.4,4776.3,39587,9570.960000000001,34987
2016-01-19,30841.2,4018.5,38144,8548.380000000001,32194
2016-01-20,27712.8,3870,37711,8507.43,30152
2016-01-21,25383.600000000002,3642.3,36966,8223.39,27092
2016-01-22,26888.4,3844.8,42582,9517.77,30504
2016-01-23,36752.4,6525.9000000000005,52237,11453.85,37627
2016-01-24,24757.2,3967.2000000000003,39033,8962.65,28123
2016-01-25,22651.2,2966.4,35820,8251.29,25152
2016-01-26,22791.600000000002,3133.8,36200,7801.38,25106
2016-01-27,44078.4,9642.6,78973,16119.45,51527
2016-01-28,52560,8640.9,91512,17684.010000000002,63557
2016-01-29,45860.4,6990.3,38752,9441.54,32617
2016-01-30,54388.8,10938.6,99937,22122.72,70100
2016-01-31,54198,11688.300000000001,92568,20036.34,76102
2016-02-01,54194.4,9981.9,116117,23842.08,78764
2016-02-02,55965.6,12641.4,108703,24062.04,80425
2016-02-03,54547.200000000004,12136.5,96008,22434.03,84250
2016-02-04,53312.4,11512.800000000001,95079,22628.79,82734
2016-02-05,59522.4,9957.6,79158,17953.920000000002,74592
2016-02-06,49006.8,7085.7,60696,15597.45,55281
2016-02-07,42933.6,6381.9000000000005,60855,15105.33,48833
2016-02-08,48315.6,9819,102465,21381.03,66590
2016-02-09,53827.200000000004,9984.6,106255,21955.68,75619
2016-02-10,53524.8,9285.300000000001,121767,23879.97,79136
2016-02-11,51854.4,10867.5,89386,20279.7,74899
2016-02-12,59504.4,9249.300000000001,65456,17174.07,69128
2016-02-13,49060.8,8095.5,68195,17134.74,56698
2016-02-14,55080,10086.300000000001,90723,19829.52,64607
2016-02-15,42588,7227.9000000000005,66667,16813.08,50006
2016-02-16,33120,5764.5,50764,12459.060000000001,37739
2016-02-17,31284,5023.8,49541,11646.45,35757
2016-02-18,29804.4,4871.7,48239,11179.17,33986
2016-02-19,27007.2,4138.2,45966,10541.61,31116
2016-02-20,45511.200000000004,9369.9,79332,16855.74,50761
2016-02-21,53949.6,11628.9,104771,22221.99,71326
2016-02-22,53089.200000000004,12461.4,95485,22003.83,65810
2016-02-23,52459.200000000004,9800.1,114404,23699.79,75841
2016-02-24,46213.200000000004,9942.3,71916,17345.79,72481
2016-02-25,49935.6,7464.6,62410,14175.45,54115
2016-02-26,39124.8,6597.9,57199,13214.25,46205
2016-02-27,32788.8,4582.8,54062,12878.82,41217
2016-02-28,28292.4,3770.1,50946,11695.05,36865
2016-02-29,25495.2,3720.6,47877,10602.36,34531
2016-03-01,30085.2,5563.8,59663,11664.99,35162
2016-03-02,51400.8,10312.2,86515,16569.81,55922
2016-03-03,32990.4,5859,55058,12640.86,34753
2016-03-04,40788,8711.1,82693,16757.82,50664
2016-03-05,46231.200000000004,9655.2,64576,13826.61,50207
2016-03-06,40374,7495.200000000001,52061,11333.25,34291
2016-03-07,48042,9333.9,50288,11908.35,39197
2016-03-08,38347.200000000004,6822.9000000000005,42194,9754.65,30599
2016-03-09,32835.6,5605.2,41651,9152.1,30369
2016-03-10,28681.2,4698,39921,8609.220000000001,27812
2016-03-11,26323.2,4236.3,39205,8466.66,27176
2016-03-12,23839.2,3751.2000000000003,38350,8391.06,26314
2016-03-13,21430.8,3110.4,37686,8295.210000000001,25467
2016-03-14,20574,3255.3,37791,7938.27,24579
2016-03-15,19519.2,3145.5,37372,7725.51,24088
2016-03-16,18212.4,2981.7000000000003,36342,7584.84,23969
2016-03-17,16909.2,2898,35797,7515.81,22383
2016-03-18,15890.4,2923.2000000000003,36104,7505.19,22877
2016-03-19,15224.4,2555.1,34628,7467.93,22289
2016-03-20,14018.4,2663.1,34657,8002.4400000000005,23804
2016-03-21,15332.4,3402.9,35268,7397.28,23580
2016-03-22,11624.4,2547,33116,6825.780000000001,20832
2016-03-23,12070.800000000001,3069.9,33331,7059.51,11982
2016-03-24,10069.2,2626.2000000000003,33433,6959.88,20280
2016-03-25,34113.6,8834.4,73328,14396.67,42981
2016-03-26,11797.2,2713.5,33879,7094.43,20035
2016-03-27,23680.8,5869.8,62914,11951.82,35037
2016-03-28,22424.4,5704.200000000001,51185,13173.75,38261
2016-03-29,34524,7171.2,49629,13198.86,48517
2016-03-30,16952.4,4495.5,33423,8128.71,14564
2016-03-31,16470,4563.9000000000005,33418,8050.410000000001,27133
2016-04-01,16149.6,3363.3,32580,7095.87,24701
2016-04-02,13064.4,2842.2000000000003,32009,7139.88,22665
2016-04-03,11656.800000000001,2664.9,32022,7226.55,23025
2016-04-04,14396.4,3881.7000000000003,33384,7090.92,22507
2016-04-05,29502,8100.9000000000005,62278,13325.220000000001,40276
2016-04-06,22737.600000000002,4905,39619,9264.87,28712
2016-04-07,17949.600000000002,4918.5,34326,7052.13,24925
2016-04-08,14839.2,3545.1,33604,6703.29,21688
2016-04-09,12582,2747.7000000000003,31912,6825.24,21766
2016-04-10,10368,2480.4,31353,6841.89,20307
2016-04-11,9864,2748.6,30779,6652.17,20943
2016-04-12,13978.800000000001,4351.5,39473,7671.6,21900
2016-04-13,11574,3003.3,31456,6420.33,20709
2016-04-14,9928.800000000001,2643.3,30215,6407.820000000001,18440
2016-04-15,18100.8,4868.1,42328,8365.23,24243
2016-04-16,19310.4,5086.8,53210,10205.73,27687
2016-04-17,12513.6,2513.7000000000003,39079,8717.49,26033
2016-04-18,8463.6,2443.5,29353,6124.32,19546
2016-04-19,6699.6,2500.2000000000003,29052,6046.47,17776
2016-04-20,7160.4000000000005,2826,29027,6007.14,17771
2016-04-21,7344,1836,28954,6062.22,17726
2016-04-22,7354.8,2261.7000000000003,29163,6043.320000000001,17883
2016-04-23,7509.6,1969.2,28618,6122.88,17326
2016-04-24,7812,2310.3,28638,6401.25,17976
2016-04-25,19371.600000000002,5293.8,51811,11323.62,31886
2016-04-26,38016,8707.5,72521,15473.880000000001,47730
2016-04-27,45144,11792.7,95532,20682.18,61588
2016-04-28,33141.6,8573.4,71304,16225.92,54427
2016-04-29,20163.600000000002,6265.8,42380,8567.460000000001,27362
2016-04-30,38160,10228.5,77894,16211.880000000001,52136
2016-05-01,15868.800000000001,4554.9,33596,7820.91,26643
2016-05-02,13388.4,4169.7,33127,6780.330000000001,24276
2016-05-03,22237.2,6021.9000000000005,48686,10293.12,32833
2016-05-04,9975.6,3522.6000000000004,32288,6430.68,21952
2016-05-05,8161.2,2769.3,31495,6350.9400000000005,21111
2016-05-06,5158.8,2861.1,31944,6523.56,20968
2016-05-07,7099.2,2495.7000000000003,32529,6309.63,20178
2016-05-08,6404.4000000000005,2336.4,31610,6427.8,19620
2016-05-09,6638.4000000000005,2604.6,31114,6287.22,19408
2016-05-10,7837.2,2477.7000000000003,30708,6053.9400000000005,18790
2016-05-11,10360.800000000001,2905.2000000000003,34021,6273.360000000001,15769
2016-05-12,10609.2,2538.9,30688,6034.14,18448
2016-05-13,11034,2414.7000000000003,30306,5999.31,18218
2016-05-14,9853.2,2078.1,30308,6168.06,17530
2016-05-15,7560,2494.8,29350,6631.38,19791
2016-05-16,4741.2,1873.8000000000002,28200,6861.33,16297
2016-05-17,4435.2,2117.7000000000003,28989,7849.08,16707
2016-05-18,4690.8,2529,29276,7407,16934
2016-05-19,5378.4000000000005,2551.5,29180,4191.570000000001,16861
2016-05-20,3607.2000000000003,2144.7000000000003,29066,3612.6000000000004,16861
2016-05-21,3765.6,1768.5,29775,6103.26,16281
2016-05-22,14850,3934.1999999988,49288,10522.17,28255
2016-05-23,34794,8685,61705,15260.94,42817
2016-05-24,22179.600000000002,4946.4000000000005,55870,13843.53,36960
2016-05-25,6228,3925.8,29149,5915.16,17128
2016-05-26,5425.2,1956.6000000000001,27963,5922.63,16634
2016-05-27,14371.2,6033.6,28315,6250.59,24118
2016-05-28,8294.4,2454.3,28707,5869.53,17883
2016-05-29,7743.6,1898.1000000000001,28708,6134.4,16682
2016-05-30,38973.6,7792.2,92625,18927.99,56505
2016-05-31,18954,4408.2,46766,7732.98,25541
2016-06-01,37407.6,10422.9,87756,18560.79,43546
2016-06-02,38797.200000000004,9662.4,87693,15322.32,39217
2016-06-03,19724.4,5562,45247,7666.2,20641
2016-06-04,17222.4,4118.4000000000005,33752,7102.4400000000005,19267
2016-06-05,14983.2,3221.1,34457,6882.12,18469
2016-06-06,14990.4,3035.7000000000003,32420,6630.21,18210
2016-06-07,29718,6695.1,64985,12839.76,39056
2016-06-08,28062,4075.2000000000003,72648,11344.77,39127
2016-06-09,14806.800000000001,2838.6,37328,6482.16,19388
2016-06-10,13089.6,2631.6,35302,6430.14,19604
2016-06-11,12092.4,2367.9,34051,6528.96,18042
2016-06-12,15519.6,4618.8,40559,7148.34,19006
2016-06-13,28501.2,7404.3,59910,9203.4,22589
2016-06-14,31849.2,8851.5,59249,12787.74,41023
2016-06-15,40204.8,8033.4000000000005,65797,14684.85,32438
2016-06-16,13489.2,727.2,56509,8528.04,20488
2016-06-17,26496,7335.9000000000005,78648,8910.99,27983
2016-06-18,25822.8,7025.4000000000005,86128,11521.26,30889
2016-06-19,23680.8,5859,66188,12221.460000000001,33651
2016-06-20,20228.4,6189.3,54783,12278.16,29892
2016-06-21,33303.6,7504.2,67592,11125.800000000001,32171
2016-06-22,12466.800000000001,4774.5,41662,7655.4000000000005,22208
2016-06-23,10177.2,3614.4,36597,7024.95,19801
2016-06-24,18439.2,3798.9,59432,8937.45,26613
2016-06-25,51127.200000000004,8622,92505,19166.4,58172
2016-06-26,53715.6,10414.800000000001,90669,13676.31,62324
2016-06-27,33706.8,8859.6,61113,11808.18,36357
2016-06-28,25516.8,5462.1,57518,8882.37,26627
2016-06-29,52790.4,9877.5,87985,16283.34,58258
2016-06-30,25056,6286.5,43407,9107.73,27224
2016-07-01,27021.600000000002,7343.1,40086,7606.530000000001,31516
2016-07-02,35107.200000000004,7910.1,68775,12668.49,40969
2016-07-03,21096,4668.3,59577,9750.33,28689
2016-07-04,13363.2,3751.2000000000003,37554,7329.96,22674
2016-07-05,14745.6,4662.9000000000005,36136,6901.92,24634
2016-07-06,9975.6,3078.9,35112,6536.61,21789
2016-07-07,5554.8,3043.8,34792,6507.2699999999995,20421
2016-07-08,5378.4000000000005,2769.3,33583,6601.05,20415
2016-07-09,4604.4000000000005,2355.3,32850,6447.6,19849
2016-07-10,3963.6,2195.1,32480,6341.4000000000005,19452
2016-07-11,4168.8,2421,31771,5965.74,19066
2016-07-12,5709.6,2821.5,30836,5970.1500000000005,20989
2016-07-13,7394.4000000000005,2421.9,30944,7098.12,22103
2016-07-14,5230.8,2181.6,29928,5716.26,23012
2016-07-15,5558.4000000000005,2143.8,29508,5725.8,18766
2016-07-16,4248,1918.8000000000002,28642,5830.29,17792
2016-07-17,5237.64,1777.5,34010,6199.6500000000005,19121
2016-07-18,5288.4000000000005,2074.5,29527,5598.45,18505
2016-07-19,8719.2,2002.5,28728,5927.85,16836
2016-07-20,11509.2,2094.3,28999,7524.99,21612
2016-07-21,14029.2,3807.9,35948,7809.030000000001,22895
2016-07-22,12452.4,4616.1,48437,9837.81,24177
2016-07-23,7750.8,1799.1000000000001,28615,5968.08,17889
2016-07-24,8287.2,1940.4,28134,5828.13,16158
2016-07-25,7455.6,2082.6,28541,5836.05,16463
2016-07-26,6001.2,1797.3000000000002,31726,10302.300000000001,23802
2016-07-27,5184,1985.4,27899,5840.1,16843
2016-07-28,16930.8,5571,27948,6536.25,21997
2016-07-29,7808.4000000000005,3298.5,28803,6503.4,20337
2016-07-30,4669.2,1597.5,26383,5640.12,16157
2016-07-31,15404.4,4910.4000000000005,55763,10806.210000000001,26901
2016-08-01,4392,3032.1,40726,8004.240000000001,23333
2016-08-02,39621.6,11466.9,82502,18979.02,52040
2016-08-03,50698.8,10065.6,83097,17551.98,52854
2016-08-04,30844.440000000006,7856.1,54853,13737.060000000001,41699
2016-08-05,8499.599999999999,3358.8,30634,6848.7300000000005,22094
2016-08-06,7180.199999999999,2207.7,38760,7137.99,19764
2016-08-07,5676.4800000000005,1980,29847,5929.38,17212
2016-08-08,12177.72,2395.8,27947,6035.13,16887
2016-08-09,15805.800000000003,4234.5,28014,5680.71,17247
2016-08-10,11777.760000000002,4344.3,30383,5659.29,17828
2016-08-11,15939.359999999999,5253.3,41151,7897.41,22905
2016-08-12,29721.960000000003,9265.5,49645,10890.27,33136
2016-08-13,26740.800000000003,3033,27219,5809.5,17429
2016-08-14,17862.840000000004,2160,26295,5785.29,16830
2016-08-15,16537.68,2355.3,27264,5599.89,16900
2016-08-16,15037.2,3087.9,26987,5558.22,16567
2016-08-17,14616,2086.2000000000003,27113,5606.28,16352
2016-08-18,14587.2,2106.9,27301,5607.54,16428
2016-08-19,16088.4,2632.5,29353,5984.1,16590
2016-08-20,28684.8,4783.5,64346,10840.59,20394
2016-08-21,22003.2,4126.5,40013,8027.37,22389
2016-08-22,20689.2,3610.8,33004,6701.04,22426
2016-08-23,14583.6,3337.2000000000003,28441,6596.46,16802
2016-08-24,14536.800000000001,2175.3,30185,5925.51,16737
2016-08-25,13964.4,2206.8,27742,5989.2300000000005,16892
2016-08-26,14734.800000000001,1874.7,28137,6328.35,16956
2016-08-27,14565.6,1838.7,31705,5966.37,17209
2016-08-28,21225.600000000002,3970.8,37087,8076.1500000000005,23120
2016-08-29,20653.2,5590.8,29583,6011.91,18088
2016-08-30,14198.4,2853.9,26773,6386.4000000000005,16983
2016-08-31,15382.800000000001,2629.8,26625,5660.64,17150
2016-09-01,11260.800000000001,4178.7,26155,5589.09,17224
2016-09-02,14454,2430,26286,5588.1,17377
2016-09-03,12700.800000000001,1817.1000000000001,25664,5575.2300000000005,17323
2016-09-04,38462.4,7408.8,66728,12377.880000000001,44010
2016-09-05,15778.800000000001,3329.1000000000004,30841,7309.8,18798
2016-09-06,13647.6,2048.4,27248,5550.66,17183
2016-09-07,13597.2,2169,28368,5981.13,16850
2016-09-08,13158,2190.6,28545,5614.92,17543
2016-09-09,13478.4,2140.2,26181,5517.9000000000005,16839
2016-09-10,13291.2,1818,25890,5461.110000000001,16771
2016-09-11,12070.800000000001,1658.7,25599,5595.93,16457
2016-09-12,12981.6,1993.5,27007,5360.49,17268
2016-09-13,13230,2072.7000000000003,26603,5212.35,17072
2016-09-14,13352.4,1889.1000000000001,27075,5240.79,17611
2016-09-15,13312.800000000001,2103.3,26628,5227.02,17629
2016-09-16,19152,3058.2000000000003,43355,7670.610000000001,27402
2016-09-17,13586.4,2151,26534,5904.63,19194
2016-09-18,13564.800000000001,1766.7,26529,5581.9800000000005,18608
2016-09-19,12578.4,2004.3,25853,5128.56,17740
2016-09-20,13118.4,1747.8,25555,5150.97,17332
2016-09-21,13003.2,1918.8000000000002,25760,5086.89,16892
2016-09-22,12625.2,1958.4,25588,5134.2300000000005,18572
2016-09-23,13053.6,1893.6000000000001,25458,5203.89,17984
2016-09-24,12704.4,1579.5,25172,5272.83,17588
2016-09-25,12272.4,1513.8,24967,5298.39,17316
2016-09-26,13140,1871.1000000000001,25575,5245.65,17973
2016-09-27,12837.6,1681.2,25438,4915.26,17514
2016-09-28,12787.2,1859.4,25318,5135.31,17877
2016-09-29,13082.4,2211.3,25943,5377.05,18221
2016-09-30,18727.2,3173.4,32119,6829.29,22095
2016-10-01,15523.2,2451.6,32857,6656.31,19514
2016-10-02,22885.2,4174.2,40707,10855.89,23700
2016-10-03,16437.600000000002,2674.8,28118,6998.58,18545
2016-10-04,12664.800000000001,1665.9,25679,5182.74,16467
2016-10-05,12826.800000000001,1806.3000000000002,25433,4944.78,15872
2016-10-06,12459.6,2164.5,25596,4976.1,15214
2016-10-07,13914,3087,23555,5126.67,15920
2016-10-08,12373.2,1763.1000000000001,28026,5116.77,15585
2016-10-09,11923.2,1419.3,25434,4901.22,15074
2016-10-10,15987.6,1797.3,25324,4796.7300000000005,15347
2016-10-11,12805.2,1660.5,26607,4708.9800000000005,15491
2016-10-12,15786,2476.8,30208,5602.77,18265
2016-10-13,12380.4,1796.4,24866,4789.4400000000005,16921
2016-10-14,12625.2,1765.8,25065,4939.38,14461
2016-10-15,15224.4,3212.1,25805,5228.28,16366
2016-10-16,11808,1355.4,25043,5082.12,15714
2016-10-17,12366,1810.8,24997,4873.59,15915
2016-10-18,18410.4,3572.1000000000004,34273,6307.47,22436
2016-10-19,57391.200000000004,12363.300000000001,79487,17042.4,55315
2016-10-20,26398.8,11396.7,44494,8345.880000000001,25662
2016-10-21,22226.4,5365.8,39873,7582.68,24212
2016-10-22,25167.600000000002,5298.3,38402,8474.76,37980
2016-10-23,14342.4,1688.4,26557,5446.89,17727
2016-10-24,31726.8,7782.3,42934,9832.86,37526
2016-10-25,18176.4,4318.2,31025,5925.33,21958
2016-10-26,14994,1981.8000000000002,25738,5093.64,16720
2016-10-27,14371.2,1985.4,25042,5489.46,16445
2016-10-28,16707.600000000002,3151.8,27445,6346.17,17472
2016-10-29,15159.6,1833.3,26263,5315.22,16854
2016-10-30,13629.6,1530,24837,5170.5,16569
2016-10-31,13060.800000000001,1689.3,24540,5608.89,15759
2016-11-01,13860,1881.9,26280,5708.79,16467
2016-11-02,16066.800000000001,2328.3,27749,4108.68,19124
2016-11-03,13640.4,1789.2,24977,5425.2,16191
2016-11-04,14025.6,1998,25252,5003.7300000000005,16307
2016-11-05,17884.8,3080.7000000000003,37413,6289.02,19002
2016-11-06,18633.600000000002,4316.4000000000005,28340,6283.8,19503
2016-11-07,24336,5647.5,42608,9432.9,25438
2016-11-08,22636.8,3266.1000000000004,36582,6614.19,22115
2016-11-09,28954.8,7008.3,53049,10262.7,30122
2016-11-10,47235.6,10245.6,73927,15799.050000000001,49500
2016-11-11,43149.6,8434.800000000001,41800,10819.08,39860
2016-11-12,17766,3744.9,27475,5560.6500000000005,17796
2016-11-13,16304.4,2035.8,25415,5554.17,16611
2016-11-14,15573.6,2220.3,24624,5653.17,17134
2016-11-15,27223.2,6935.4000000000005,36856,7990.74,23456
2016-11-16,72518.40000000001,10539,97257,18451.8,64978
2016-11-17,51616.8,9324.9,49326,10115.01,38982
2016-11-18,53121.6,9747.9,74309,16446.24,61141
2016-11-19,33879.6,6453.9000000000005,31493,6760.4400000000005,29361
2016-11-20,28872,5133.6,33906,7644.6900000000005,27793
2016-11-21,49219.200000000004,8563.5,51941,14261.4,46577
2016-11-22,29797.2,5544,30413,7341.66,24256
2016-11-23,22359.600000000002,3374.1,26942,5595.75,19993
2016-11-24,20332.8,3069.9,26573,6110.91,19408
2016-11-25,19310.4,2728.8,26016,5509.35,19442
2016-11-26,18043.2,2316.6,25569,5628.06,18406
2016-11-27,18331.2,2598.3,27245,6112.4400000000005,19787
2016-11-28,16866,2266.2000000000003,25260,5303.7,17861
2016-11-29,16092,2034.9,24530,5208.84,17314
2016-11-30,15746.4,2194.2000000000003,24517,5283.09,17276
2016-12-01,15674.4,2317.5,24595,5343.21,17378
2016-12-02,20952,4178.7,27669,6870.6900000000005,19878
2016-12-03,15771.6,1933.2,24928,5403.6900000000005,17075
2016-12-04,15512.4,1704.6000000000001,24850,5508.54,16844
2016-12-05,15361.2,2061.9,24243,5206.2300000000005,16647
2016-12-06,14947.2,1933.2,23904,5241.6900000000005,16523
2016-12-07,15930,2186.1,24843,6834.78,17164
2016-12-08,15541.2,2126.7000000000003,24097,5452.74,16895
2016-12-09,15591.6,2163.6,24381,5465.25,16917
2016-12-10,17672.4,2985.3,26834,6220.17,18337
2016-12-11,37976.4,7105.5,54303,12372.03,41013
2016-12-12,18928.8,3013.2000000000003,27558,7466.22,22926
2016-12-13,17017.2,2501.1,25062,6109.92,17911
2016-12-14,17607.600000000002,2783.7000000000003,25316,6163.47,18895
2016-12-15,15933.6,2281.5,23609,5500.71,17154
2016-12-16,15631.2,1981.8000000000002,23863,5475.96,18023
2016-12-17,14911.2,1886.4,23562,5638.2899999976,16936
2016-12-18,14414.4,1824.3,23907,5885.910000000001,16820
2016-12-19,15012,2004.3,23212,5528.88,16640
2016-12-20,19375.2,1837.8,22947,5536.62,15922
2016-12-21,16732.8,1984.5,23219,5701.320000000001,16585
2016-12-22,47178,7366.5,61766,13044.33,43481
2016-12-23,18234,3141,25107,5966.1,18963
2016-12-24,30553.2,6284.7,37465,8592.39,24509
2016-12-25,27788.4,5838.3,33273,8762.130000000001,23644
2016-12-26,44830.8,7589.700000000001,58788,12634.56,40433
2016-12-27,24022.8,4175.1,25511,6467.13,20117
2016-12-28,21877.2,2618.1,23430,5873.13,18120
2016-12-29,20505.600000000002,2335.5,22902,5740.74,17635
2016-12-30,19832.4,2298.6,22659,5163.21,17569
2016-12-31,19490.4,2214.9,23496,6551.1900000000005,18127
2017-01-01,18019,1987.2,21933,5665.77,16833
2017-01-02,24055,3402.9,35467,8554.86,24454
2017-01-03,21235,4026.6,26729,6731.64,21118
2017-01-04,46755,9108.9,56038,12720.69,36970
2017-01-05,20762,3480.3,24438,6653.97,19297
2017-01-06,19743,2609.1,23318,5605.02,18144
2017-01-07,19110,2417.4,23197,5893.65,17696
2017-01-08,23775,4063.5,31556,7939.4400000000005,23301
2017-01-09,18850,2711.7000000000003,24479,5790.06,18665
2017-01-10,34635,7758.9000000000005,40465,8910.99,29819
2017-01-11,45239,7641,51578,11178.630000000001,36571
2017-01-12,34767,7230.6,39897,8668.26,29543
2017-01-13,80280,9930.6,91396,20199.510000000002,72702
2017-01-14,51566,9903.6,48145,11327.22,41695
2017-01-15,34809,5799.6,29407,7638.21,28314
2017-01-16,29434,4599,27596,7567.83,25390
2017-01-17,25625,3577.5,25823,5978.52,22932
2017-01-18,24279,3488.4,25416,6337.35,22562
2017-01-19,22398,3195.9,25155,5833.62,21822
2017-01-20,21524,3012.3,25226,5906.25,20677
2017-01-21,20707,2673.9,24858,5907.06,20183
2017-01-22,19500,2322.9,25200,5917.41,20002
2017-01-23,19487,2619,24847,5605.56,19405
2017-01-24,20034,2496.6,25280,5713.38,18805
2017-01-25,19235,2463.3,25096,5588.1,17943
2017-01-26,18569,2482.2000000000003,25292,5488.83,17604
2017-01-27,19328,3001.5,25098,5665.59,18300
2017-01-28,19230,2876.4,25753,5887.89,18293
2017-01-29,21800,4158,33488,7126.29,19699
2017-01-30,52227,9442.800000000001,57542,12226.86,38625
2017-01-31,25239,5658.3,27453,5794.38,19935
2017-02-01,22887,3375,25626,6164.37,18330
2017-02-02,21873,3211.2000000000003,25266,5699.43,17701
2017-02-03,26328,4414.5,25744,6303.42,19203
2017-02-04,36053,7256.7,41977,9383.67,28168
2017-02-05,30765,5281.2,36876,8312.76,24116
2017-02-06,22803,3092.4,25582,5689.17,18113
2017-02-07,26014,4160.7,27744,7090.11,21736
2017-02-08,22625,3347.1,23806,6025.14,19083
2017-02-09,21110,2812.5,21839,5630.4000000000005,17336
2017-02-10,20790,2739.6,21659,4612.32,17734
2017-02-11,31429,6100.2,36086,8079.75,22189
2017-02-12,24188,4254.3,25938,6236.1,18720
2017-02-13,20364,2813.4,23119,6388.740000000001,17644
2017-02-14,19361,2772.9,22616,6084.54,17102
2017-02-15,19593,2554.2000000000003,22376,5312.07,16965
2017-02-16,18971,2568.6,26903,5274.72,17021
2017-02-17,31351,6091.2,41075,8339.31,26346
2017-02-18,19275,3366,24908,5318.46,17437
2017-02-19,21571,3155.4,28491,6605.280000000001,19058
2017-02-20,32007,7005.6,39513,8292.6,23390
2017-02-21,51775,7693.2,57853,10895.94,39681
2017-02-22,60832,8575.2,79770,17278.632,56147
2017-02-23,84477,9306.9,121796,24237.324,79580
2017-02-24,74487,9932.4,68606,17123.328,71330
2017-02-25,59421,7999.200000000001,35045,10087.308,41233
2017-02-26,39524,5121,32996,9166.824,33293
2017-02-27,42120,6496.200000000001,49682,11129.328,38139
2017-02-28,56454,10122.300000000001,67355,17239.284,54240
2017-03-01,64891,11511,85117,17112.132,53434
2017-03-02,54552,9062.1,52806,11869.776,38145
2017-03-03,38254,5525.1,35121,8249.04,29950
2017-03-04,37725,5596.2,41551,9926.676000000001,32481
2017-03-05,54572,10265.4,61674,13293.828,41322
2017-03-06,61806,11015.1,69899,14477.832,46806
2017-03-07,57312,11476.800000000001,69925,16518.636,53312
2017-03-08,62542,8815.5,92506,18772.524,61256
2017-03-09,68148,10755,71810,14796.756000000001,62538
2017-03-10,57034,8586.9,40872,9785.556,38490
2017-03-11,41048,5497.2,39420,9242.892,34951
2017-03-12,35164,4473.9000000000005,38079,8858.232,31264
2017-03-13,30449,4064.4,37325,8436.78,28155
2017-03-14,28232,3511.8,34693,8173.764,25793
2017-03-15,26691,3384,34164,8933.94,24222
2017-03-16,25028,3159,33535,7581.24,23481
2017-03-17,24847,3405.6,32831,7087.104,22944
2017-03-18,66929,9343.800000000001,97647,21217.536,63785
2017-03-19,64351,9944.1,80531,18029.7,58560
2017-03-20,38193,6966,36186,8222.292,30758
2017-03-21,45428,9382.5,55567,9291.816,37016
2017-03-22,32691,5386.5,34595,7350.3,27018
2017-03-23,30565,4169.7,32755,7175.952,25110
2017-03-24,28202,3595.5,32310,6906.852,24234
2017-03-25,26645,3104.1,31424,6940.656,23355
2017-03-26,24857,2789.3999999988,29481,6635.52,21688
2017-03-27,23889,3033,30612,6584.076,21462
2017-03-28,23542,2755.8,30980,6602.256,20486
2017-03-29,23443,2848.5,30155,6333.696,20417
2017-03-30,22826,2816.1,28898,6383.232,19919
2017-03-31,22599,2662.2000000000003,29192,6473.304,19838
2017-04-01,25139,3504.6000000000004,30695,7820.856,23125
2017-04-02,22710,2209.5,28221,6496.344,19358
2017-04-03,20706,2464.2000000000003,27620,6010.128000000001,18354
2017-04-04,20366,2342.7000000000003,27307,5952.888,18357
2017-04-05,19924,2371.5,27092,5854.932,18693
2017-04-06,18926,2352.6,26544,5883.228,17138
2017-04-07,18841,2189.7000000000003,26676,6011.964,18005
2017-04-08,18518,2142,26360,6035.832,17783
2017-04-09,17139,1809,25469,5974.416,17067
2017-04-10,16911,2208.6,25746,5715.18,17132
2017-04-11,18049,2082.6,24954,5569.6320000000005,16749
2017-04-12,17458,1978.2,25994,5851.044,17398
2017-04-13,17524,2241,25970,5781.42,17411
2017-04-14,16271,1677.6000000000001,24535,5628.0960000000005,16416
2017-04-15,18866,2555.1,27103,6305.904,17587
2017-04-16,22223,2737.8,36935,9287.532000000001,28651
2017-04-17,53475,9741.6,77583,16210.044,49249
2017-04-18,20856,2760.3,26427,7872.624000000001,17648
2017-04-19,17425,2159.1,24611,5566.212,16314
2017-04-20,16938,1917,24416,5331.24,15194
2017-04-21,16981,2205,25043,5572.62,15151
2017-04-22,23571,3731.4,33755,8372.880000000001,22209
2017-04-23,16699,1728,25384,5890.14,15782
2017-04-24,17483,2095.2000000000003,25144,5719.212,15681
2017-04-25,21113,3755.7000000000003,29169,7068.24,19805
2017-04-26,18588,2251.8,25649,5506.5960000000005,15083
2017-04-27,16917,2099.7000000000003,24326,5474.052000000001,15343
2017-04-28,17803,2681.1,24808,5762.808,15645
2017-04-29,15775,1766.7,23989,5678.316,14759
2017-04-30,14624,1518.3000000000002,23373,5693.112,14629
2017-05-01,20660,3990.6000000000004,35969,9313.236,23417
2017-05-02,24039,4154.4000000000005,38272,9736.812,26387
2017-05-03,36179,7190.1,55020,12329.136,31969
2017-05-04,20959,2899.8,37328,7834.716,20855
2017-05-05,18599,2662.2,25401,5757.3,16281
2017-05-06,18155,1872,26081,6096.24,15738
2017-05-07,17044,1633.5,24016,5991.048,15624
2017-05-08,17244,2176.2000000000003,23801,5649.336,15242
2017-05-09,17299,1889.1000000000001,23613,5513.724,15111
2017-05-10,17399,2061.9,23568,5619.888,14881
2017-05-11,17132,2049.3,24068,5417.388,15160
2017-05-12,18682,2761.2000000000003,24462,5837.544,15934
2017-05-13,23380,5095.8,34109,7644.744000000001,21552
2017-05-14,17976,1673.1000000000001,32610,7664.508,17630
2017-05-15,19561,2057.4,42686,10707.300000000001,20827
2017-05-16,17171,1941.3000000000002,23929,5424.66,15594
2017-05-17,16737,2052.9,23961,5567.544,15946
2017-05-18,25880,3244.5,46525,9143.712,36804
2017-05-19,31731,5889.6,43864,12547.764000000001,41344
2017-05-20,18735,2049.3,24268,5815.512000000001,19490
2017-05-21,16291,1564.2,23364,5534.1,15535
2017-05-22,17531,1971,23651,5538.816,15696
2017-05-23,15895,1904.4,23310,5517.72,15307
2017-05-24,15957,2025,23105,5312.376,15222
2017-05-25,15898,1673.1000000000001,22245,5233.032,14753
2017-05-26,15776,1793.7,23630,5189.832,15194
2017-05-27,15727,1670.4,22825,5129.784000000001,14864
2017-05-28,25162,2111.4,26719,7376.868,23005
2017-05-29,16677,2082.6,27464,6850.26,16970
2017-05-30,28367,2370.6,62140,11603.736,16303
2017-05-31,15494,1991.7,23374,6490.872,14282
2017-06-01,16305,1792.8,23615,5142.456,13828
2017-06-02,19530,1875.6000000000001,36226,6919.74,20211
2017-06-03,21480,2210.4,47593,10479.996000000001,40660
2017-06-04,27920,5342.4000000000005,43891,9369.18,32839
2017-06-05,14322,1520.1000000000001,22313,5049.612,14814
2017-06-06,32097,5284.8,34890,8156.952,34038
2017-06-07,24768,4001.4,28508,6656.652,20423
2017-06-08,15629,1980,22917,5206.392,15017
2017-06-09,31918,4961.7,43164,11381.58,27231
2017-06-10,17154,2592,23610,5469.4800000000005,15554
2017-06-11,15737,1932.3,24859,5605.416,15442
2017-06-12,16875,1971.9,25702,5333.436000000001,15953
2017-06-13,15775,1659.6000000000001,22454,5213.7,14897
2017-06-14,15770,1892.7,22633,5173.992,14977
2017-06-15,19198,2765.7000000000003,29499,5890.824,18296
2017-06-16,18939,1758.6000000000001,22233,5354.604,15840
2017-06-17,15025,1569.6000000000001,21451,5285.448,14628
2017-06-18,14833,1514.7,23231,5532.876,15001
2017-06-19,15925,1815.5999999988,25071,5300.7480000000005,15514
2017-06-20,16017,1763.1,23414,5489.28,17013
2017-06-21,16094,1833.3,22820,5419.728,14982
2017-06-22,20303,1946.7,33547,8761.716,22141
2017-06-23,18652,1797.3,26637,9959.256,19145
2017-06-24,16e3,1562.4,22072,5504.616,14197
2017-06-25,19681,2867.4,30709,7697.376,19117
2017-06-26,16372,1910.7,22208,5446.764,15023
2017-06-27,15823,1764,22156,5382.648,11631
2017-06-28,43934,7275.6,58281,13063.140000000001,36507
2017-06-29,24924,3636.9,32536,7940.088,16106
2017-06-30,15725,1928.7,25009,5423.544,14457
2017-07-01,32030,6777,48391,11472.264000000001,29894
2017-07-02,22512,3129.3,26389,7218.468,18906
2017-07-03,16899,2069.1,22894,6380.208,14730
2017-07-04,15281,1669.5,21999,5428.944,14869
2017-07-05,15822,1909.8,22058,5494.392,15997
2017-07-06,15438,1978.2,23017,5547.204,15156
2017-07-07,38733,7775.1,55359,14450.364,45328
2017-07-08,15457,1623.6000000000001,22669,6024.168000000001,16393
2017-07-09,14528,1418.4,22450,5641.416,15064
2017-07-10,14845,1776.6000000000001,22669,5520.7080000000005,15437
2017-07-11,15754,1936.8,22260,5632.236,15087
2017-07-12,63112,10031.400000000001,90375,18569.664,57352
2017-07-13,25945,4023,32480,8860.032,31314
2017-07-14,26622,3446.1000000000004,43036,10731.492,29834
2017-07-15,18466,1906.2,29657,8789.94,22238
2017-07-16,15110,1604.7,23079,6134.868,15894
2017-07-17,23380,3749.4,31319,7973.46,24405
2017-07-18,15063,1788.3,22905,5551.236,15416
2017-07-19,32078,4795.2,50874,9817.164,30691
2017-07-20,63423,9465.300000000001,85505,16270.74,56074
2017-07-21,21392,3317.4,25003,5539.032,18105
2017-07-22,19001,2709.9,23726,6801.4800000000005,30486
2017-07-23,56085,9672.300000000001,80750,16029.756000000001,48848
2017-07-24,45635,8784.9,40455,11311.560000000001,29279
2017-07-25,63225,10564.2,81730,19530.252,60223
2017-07-26,60656,9068.4,72505,14486.364,66569
2017-07-27,36563,6331.5,29993,7836.624,25244
2017-07-28,26990,3173.4,25755,6251.292,21762
2017-07-29,21917,2827.8,26293,6504.156,21044
2017-07-30,18921,2134.8,23897,5913.9000000000005,18954
2017-07-31,21640,3286.8,26121,7974.828,22361
2017-08-01,18044,2269.8,31951,6821.928,17691
2017-08-02,19430,3259.8,30767,7217.784000000001,19947
2017-08-03,34723,7967.700000000001,43211,9900.036,31146
2017-08-04,17067,2146.5,24211,5504.832,17061
2017-08-05,48356,8581.5,77868,16034.544,53141
2017-08-06,28534,4249.8,25671,6814.476,22446
2017-08-07,19036,2367.9,24753,5954.616,17669
2017-08-08,26831,4326.3,41812,9795.78,26840
2017-08-09,23165,4133.7,38360,9575.892,22442
2017-08-10,29809,7425.9000000000005,32884,9120.672,25528
2017-08-11,52149,11010.6,71748,16481.052,42976
2017-08-12,38762,9295.2,42608,13161.42,39391
2017-08-13,25827,3843.9,25775,7471.764,20033
2017-08-14,20257,3040.2000000000003,24309,6679.656,18480
2017-08-15,20468,3082.5,24928,6182.28,18816
2017-08-16,18093,2378.7,23578,5900.9400000000005,17285
2017-08-17,18473,2452.5,23369,5879.412,17157
2017-08-18,32467,6645.6,42565,11023.704,39705
2017-08-19,31845,5550.3,65806,15237.792000000001,38311
2017-08-20,17475,1830.6000000000001,31730,8785.728000000001,20219
2017-08-21,16946,2205,24440,6269.9400000000005,17062
2017-08-22,16150,1936.8,23333,5755.248,16789
2017-08-23,16390,1964.7,26671,5900.436,16901
2017-08-24,15929,2063.7000000000003,23164,6117.588000000001,16507
2017-08-25,16443,1986.3,23481,5781.06,18025
2017-08-26,15922,1639.8,23110,5959.656,17027
2017-08-27,15489,1526.4,22947,5996.628,16257
2017-08-28,15872,1976.4,23382,5782.860000000001,16444
2017-08-29,16073,2040.3000000000002,23459,5793.624,16408
2017-08-30,20289,4383,26903,7771.5,17248
2017-08-31,30176,7302.6,37429,10916.028,29876
2017-09-01,16851,2015.1000000000001,23505,6394.932000000001,17723
2017-09-02,18371,2430.9,29558,9329.868,36503
2017-09-03,15287,1585.8,23965,5896.476000000001,19193
2017-09-04,15276,1975.5,22496,6071.3640000000005,16277
2017-09-05,17195,2160.9,27866,6784.416,16792
2017-09-06,26658,6664.5,56716,12881.304,28753
2017-09-07,15829,2269.8,22806,6307.92,16971
2017-09-08,40772,7788.6,64631,13903.668000000001,41342
2017-09-09,83848,11206.800000000001,121258,23018.976000000002,79246
2017-09-10,36736,7798.5,32448,8481.456,37841
2017-09-11,34415,6952.5,34012,9850.428,34257
2017-09-12,26969,3620.7000000000003,27643,8307.216,24058
2017-09-13,39563,7967.7,61432,11886.624,44793
2017-09-14,52110,10638.9,84569,16794.18,48695
2017-09-15,69668,12149.1,66511,15504.336,58039
2017-09-16,35874,5850,26994,9649.872,27297
2017-09-17,28629,3471.3,26169,7358.544,24661
2017-09-18,40934,7650.9000000000005,57177,14824.836000000001,37966
2017-09-19,42762,7110,39138,11423.016,39509
2017-09-20,26136,3477.6,26734,6472.044,22634
2017-09-21,23632,2978.1,25244,6331.7880000000005,20624
2017-09-22,22247,3142.8,25254,6415.812,20841
2017-09-23,23544,3145.5,36222,6479.7480000000005,22901
2017-09-24,19757,2202.3,24431,6264.648,19689
2017-09-25,18948,2477.7000000000003,24311,6021.144,19229
2017-09-26,28720,3573,41929,10984.752,35445
2017-09-27,27438,3188.7000000000003,28140,9170.388,34751
2017-09-28,18708,2512.8,24159,6997.320000000001,20577
2017-09-29,23515,4062.6,32136,8442.036,21949
2017-09-30,56869,10130.4,106702,18354.600000000002,64213
2017-10-01,36877,5255.399999988,42271,9669.312,34586
2017-10-02,25054,3537,29667,7092.9000000000005,23164
2017-10-03,36648,5198.4,41907,11460.492,33583
2017-10-04,25278,2638.8,25535,6779.088,21591
2017-10-05,46201,10687.5,81051,16831.656,55231
2017-10-06,41311,7368.3,42992,11998.836000000001,36955
2017-10-07,41863,8186.4000000000005,57195,13171.248,39986
2017-10-08,57711,9287.1,81317,18307.224000000002,66285
2017-10-09,39701,7551,31007,9780.696,31603
2017-10-10,34648,5416.2,30375,7950.0960000000005,29605
2017-10-11,27989,3960.9,27836,7132.464,26522
2017-10-12,25302,3900.6,28234,7462.836,25885
2017-10-13,23643,3231,27098,6804,23551
2017-10-14,21806,2682,26656,6869.448,22772
2017-10-15,20729,2374.2000000000003,26471,6828.048,21395
2017-10-16,20347,2676.6,26223,6490.9800000000005,20994
2017-10-17,19995,2465.1,25478,6133.464,20182
2017-10-18,19221,2635.2000000000003,25750,6078.06,19709
2017-10-19,18175,2577.6,25624,6141.636,17946
2017-10-20,34691,8361,52574,11137.896,38305
2017-10-21,14018,3843.9,25858,6186.024,18579
2017-10-22,22876,9099,54009,11501.892,37046
2017-10-23,14053,4333.5,24955,7559.316,18288
2017-10-24,22385,4942.8,26294,6427.26,16805
2017-10-25,19581,3104.1000000000004,26201,5908.968,16064
2017-10-26,18285,3510,25547,5948.2080000000005,16521
2017-10-27,22959,3623.4,26119,6836.004,20010
2017-10-28,17713,2672.1,25265,6285.492,17330
2017-10-29,59561,11562.300000000001,63374,12923.244,43857
2017-10-30,26476,4108.5,24113,6550.308,17442
2017-10-31,21704,2640.6000000000004,23540,5688.360000000001,16926
2017-11-01,21177,3016.8,25168,6229.656000000001,18964
2017-11-02,19916,2875.5,25116,5917.2480000000005,18242
2017-11-03,20139,2665.8,25970,6484.284,19539
2017-11-04,18138,2807.1,24585,5996.916,16671
2017-11-05,42925,10629.900000000001,74058,15089.58,42947
2017-11-06,19453,3854.7000000000003,26200,6846.84,18422
2017-11-07,18229,2660.4,24741,5951.628000000001,17524
2017-11-08,18003,2850.3,24438,5818.572,16348
2017-11-09,17250,2602.8,24182,5738.76,16033
2017-11-10,41773,9304.2,49504,10994.58,27643
2017-11-11,30282,6153.3,38116,9200.52,24474
2017-11-12,29381,5160.6,41724,9175.32,27743
2017-11-13,21401,3492.9,25726,6083.352,18435
2017-11-14,19940,3042.9,24993,6545.988,17883
2017-11-15,22022,4301.1,26217,6148.404,18124
2017-11-16,19197,2880,25076,5902.38,16586
2017-11-17,22031,4158.9000000000005,29397,6907.8240000000005,18740
2017-11-18,27119,4972.5,39535,8984.772,26959
2017-11-19,32331,6129.9000000000005,32407,7947.684,20964
2017-11-20,40787,7591.5,71379,14706.216,37905
2017-11-21,56921,9821.7,112176,21408.048,64621
2017-11-22,55966,9921.6,33332,9830.736,29222
2017-11-23,41729,6036.3,25609,10069.416000000001,28629
2017-11-24,69166,11743.2,95880,18624.24,62477
2017-11-25,69860,10899,88048,18543.636000000002,63137
2017-11-26,39337,6183,38264,10248.048,35296
2017-11-27,63134,11037.6,92318,18551.448,55170
2017-11-28,71227,10453.5,109404,21665.592,74601
2017-11-29,58435,8588.7,24663,13481.784,46379
2017-11-30,44003,7394.4000000000005,21149,11605.248,41807
2017-12-01,345237,5891.4000000000005,69225,9994.86,33960
2017-12-02,280961,3936.6,38149,8825.76,28610
2017-12-03,318186,5438.7,51735,12153.06,35394
2017-12-04,364695,8777.7,44243,10035.972,31128
2017-12-05,282959,4874.4000000000005,36758,8480.124,26003
2017-12-06,250248,3837.6000000000004,34271,7830.576,23530
2017-12-07,342780,6139.8,52062,11489.544,33248
2017-12-08,723584,11405.7,84497,17650.08,61684
2017-12-09,512084,8168.4000000000005,56509,12840.912,38867
2017-12-10,522721,8526.6,64324,15306.804,46168
2017-12-11,800578,11386.800000000001,110471,22512.384000000002,75256
2017-12-12,784705,12108.6,106179,21382.524,76223
2017-12-13,746923,9406.800000000001,88089,21234.456000000002,73454
2017-12-14,799858,10035.9,122551,24462.144,82382
2017-12-15,789415,12027.6,91662,22240.368000000002,76535
2017-12-16,733101,10553.4,55385,15840.288,64829
2017-12-17,533303,9312.300000000001,53338,14529.924,50203
2017-12-18,682856,11073.6,98443,20564.496000000003,64632
2017-12-19,508030,11402.1,61185,15993.612000000001,47798
2017-12-20,667345,11770.2,74953,19870.38,68856
2017-12-21,542914,9503.1,54932,14150.196,45687
2017-12-22,502490,8581.5,55958,14566.788,45173
2017-12-23,418493,6313.5,47810,12272.796,40677
2017-12-24,383922,6070.5,44769,11499.12,37399
2017-12-25,336171,4960.8,42054,10585.584,34243
2017-12-26,394496,6723.9000000000005,53646,12718.404,39270
2017-12-27,363045,6986.700000000001,49952,12370.896,35158
2017-12-28,332909,5417.1,64891,11031.588,31768
2017-12-29,347977,5446.8,52967,12119.004,34744
2017-12-30,469394,9799.2,56378,11911.608,38584
2017-12-31,710598,11890.800000000001,108890,21186.684,69082
