datum,q_hattingen,q_werden
2014-01-01T00:00:00Z,73.4,77.5
2014-01-02T00:00:00Z,72.6,74.3
2014-01-03T00:00:00Z,74.5,76.9
2014-01-04T00:00:00Z,76.5,78.1
2014-01-05T00:00:00Z,74.3,77.7
2014-01-06T00:00:00Z,77.7,79.7
2014-01-07T00:00:00Z,94,94.6
2014-01-08T00:00:00Z,119,121
2014-01-09T00:00:00Z,134,133
2014-01-10T00:00:00Z,139,142
2014-01-11T00:00:00Z,126,129
2014-01-12T00:00:00Z,113,116
2014-01-13T00:00:00Z,98.9,102
2014-01-14T00:00:00Z,90.7,93.9
2014-01-15T00:00:00Z,73.3,76.2
2014-01-16T00:00:00Z,69.6,70.8
2014-01-17T00:00:00Z,62.1,63.9
2014-01-18T00:00:00Z,53.4,54.1
2014-01-19T00:00:00Z,50.4,51.7
2014-01-20T00:00:00Z,48.7,49.5
2014-01-21T00:00:00Z,42.7,43.3
2014-01-22T00:00:00Z,40.4,40
2014-01-23T00:00:00Z,40,40.7
2014-01-24T00:00:00Z,39.8,40.6
2014-01-25T00:00:00Z,41.4,42.7
2014-01-26T00:00:00Z,56.6,56
2014-01-27T00:00:00Z,81.5,85.4
2014-01-28T00:00:00Z,89.7,93.2
2014-01-29T00:00:00Z,80.9,83
2014-01-30T00:00:00Z,74.3,76.5
2014-01-31T00:00:00Z,62.6,64.6
2014-02-01T00:00:00Z,60.7,63.8
2014-02-02T00:00:00Z,61.4,64.1
2014-02-03T00:00:00Z,52.7,53.8
2014-02-04T00:00:00Z,53.4,54.1
2014-02-05T00:00:00Z,50.9,52.9
2014-02-06T00:00:00Z,49.1,50.8
2014-02-07T00:00:00Z,57.8,59.6
2014-02-08T00:00:00Z,65.8,67.8
2014-02-09T00:00:00Z,72.4,72.8
2014-02-10T00:00:00Z,69.8,70.2
2014-02-11T00:00:00Z,67.9,69.8
2014-02-12T00:00:00Z,72.4,73.2
2014-02-13T00:00:00Z,68.8,68.6
2014-02-14T00:00:00Z,81,80.8
2014-02-15T00:00:00Z,84.2,85.2
2014-02-16T00:00:00Z,85.2,84.9
2014-02-17T00:00:00Z,84.2,85.4
2014-02-18T00:00:00Z,79.2,79.2
2014-02-19T00:00:00Z,74,73.1
2014-02-20T00:00:00Z,67,69.9
2014-02-21T00:00:00Z,67.8,67.6
2014-02-22T00:00:00Z,66.2,67.9
2014-02-23T00:00:00Z,57.1,58.1
2014-02-24T00:00:00Z,53.3,53.4
2014-02-25T00:00:00Z,54.8,54
2014-02-26T00:00:00Z,51.4,52
2014-02-27T00:00:00Z,46.3,48.8
2014-02-28T00:00:00Z,44.6,44.8
2014-03-01T00:00:00Z,42.7,43.6
2014-03-02T00:00:00Z,38.8,39.2
2014-03-03T00:00:00Z,36.5,37
2014-03-04T00:00:00Z,34.8,34
2014-03-05T00:00:00Z,34,34.7
2014-03-06T00:00:00Z,28.3,28.3
2014-03-07T00:00:00Z,31.6,30.4
2014-03-08T00:00:00Z,29.3,29.6
2014-03-09T00:00:00Z,26.6,26.5
2014-03-10T00:00:00Z,28.7,28.7
2014-03-11T00:00:00Z,28.9,28.4
2014-03-12T00:00:00Z,28.3,27.5
2014-03-13T00:00:00Z,26.5,27.2
2014-03-14T00:00:00Z,28.4,29.2
2014-03-15T00:00:00Z,27.3,26.6
2014-03-16T00:00:00Z,25.4,24.7
2014-03-17T00:00:00Z,28.3,27.6
2014-03-18T00:00:00Z,26.9,26.7
2014-03-19T00:00:00Z,29.4,28.2
2014-03-20T00:00:00Z,28.4,29
2014-03-21T00:00:00Z,28,27.4
2014-03-22T00:00:00Z,30.3,31.5
2014-03-23T00:00:00Z,34.8,36
2014-03-24T00:00:00Z,28,29
2014-03-25T00:00:00Z,27.9,28.7
2014-03-26T00:00:00Z,26.4,26.9
2014-03-27T00:00:00Z,26.2,25.5
2014-03-28T00:00:00Z,26.8,25.2
2014-03-29T00:00:00Z,24.8,24.9
2014-03-30T00:00:00Z,26.1,25.7
2014-03-31T00:00:00Z,28.1,26.9
2014-04-01T00:00:00Z,28.9,29.3
2014-04-02T00:00:00Z,29.1,30.3
2014-04-03T00:00:00Z,27.3,26
2014-04-04T00:00:00Z,30.1,28.8
2014-04-05T00:00:00Z,28.4,27.6
2014-04-06T00:00:00Z,23,22.8
2014-04-07T00:00:00Z,25.4,24.8
2014-04-08T00:00:00Z,26,25.8
2014-04-09T00:00:00Z,27.3,26.4
2014-04-10T00:00:00Z,24.9,25.8
2014-04-11T00:00:00Z,22.2,20.7
2014-04-12T00:00:00Z,22.2,20.9
2014-04-13T00:00:00Z,23.7,22.7
2014-04-14T00:00:00Z,23,23.8
2014-04-15T00:00:00Z,28.8,29.4
2014-04-16T00:00:00Z,23.5,22.8
2014-04-17T00:00:00Z,21.6,21.1
2014-04-18T00:00:00Z,25.4,24.6
2014-04-19T00:00:00Z,24.2,25.8
2014-04-20T00:00:00Z,24.7,24.1
2014-04-21T00:00:00Z,22.4,22.4
2014-04-22T00:00:00Z,34.6,37.3
2014-04-23T00:00:00Z,27.2,27.8
2014-04-24T00:00:00Z,30.2,29.5
2014-04-25T00:00:00Z,30.3,30.8
2014-04-26T00:00:00Z,25.6,22.8
2014-04-27T00:00:00Z,50.2,46
2014-04-28T00:00:00Z,57.1,60.8
2014-04-29T00:00:00Z,43.5,42.7
2014-04-30T00:00:00Z,50.3,51.5
2014-05-01T00:00:00Z,56.8,56.8
2014-05-02T00:00:00Z,40.9,46.8
2014-05-03T00:00:00Z,39,40.7
2014-05-04T00:00:00Z,31.9,32.8
2014-05-05T00:00:00Z,29.9,33.5
2014-05-06T00:00:00Z,28.1,29.2
2014-05-07T00:00:00Z,47.4,45.1
2014-05-08T00:00:00Z,40.8,42.7
2014-05-09T00:00:00Z,45,49.5
2014-05-10T00:00:00Z,67.4,70.3
2014-05-11T00:00:00Z,77,78.5
2014-05-12T00:00:00Z,85.9,88.3
2014-05-13T00:00:00Z,82.1,87.7
2014-05-14T00:00:00Z,71.3,78
2014-05-15T00:00:00Z,68.6,69.8
2014-05-16T00:00:00Z,57.1,57.9
2014-05-17T00:00:00Z,49.4,52.6
2014-05-18T00:00:00Z,43.8,47.9
2014-05-19T00:00:00Z,39.3,40.3
2014-05-20T00:00:00Z,37.1,38.8
2014-05-21T00:00:00Z,31.8,31.8
2014-05-22T00:00:00Z,28,28.8
2014-05-23T00:00:00Z,36.5,35.8
2014-05-24T00:00:00Z,35.9,37.4
2014-05-25T00:00:00Z,26.2,26.7
2014-05-26T00:00:00Z,27.9,25.2
2014-05-27T00:00:00Z,58.8,59.3
2014-05-28T00:00:00Z,73.4,76.7
2014-05-29T00:00:00Z,67.8,68.8
2014-05-30T00:00:00Z,63.9,66
2014-05-31T00:00:00Z,62.8,63.1
2014-06-01T00:00:00Z,53.7,55.8
2014-06-02T00:00:00Z,46.5,47.7
2014-06-03T00:00:00Z,42.5,44.4
2014-06-04T00:00:00Z,39.7,39.7
2014-06-05T00:00:00Z,41.1,42.2
2014-06-06T00:00:00Z,35.7,36.2
2014-06-07T00:00:00Z,31.2,28.7
2014-06-08T00:00:00Z,28.1,26.1
2014-06-09T00:00:00Z,30.2,26.1
2014-06-10T00:00:00Z,46.3,50.6
2014-06-11T00:00:00Z,49.2,47.6
2014-06-12T00:00:00Z,44.7,45.1
2014-06-13T00:00:00Z,36.8,36
2014-06-14T00:00:00Z,33.9,32.5
2014-06-15T00:00:00Z,30.6,29
2014-06-16T00:00:00Z,29.3,27.7
2014-06-17T00:00:00Z,27.5,25.7
2014-06-18T00:00:00Z,25.6,24.3
2014-06-19T00:00:00Z,24.6,22.9
2014-06-20T00:00:00Z,23.7,21.2
2014-06-21T00:00:00Z,24.5,22.7
2014-06-22T00:00:00Z,22.2,20.2
2014-06-23T00:00:00Z,22.8,21.7
2014-06-24T00:00:00Z,22.9,21.6
2014-06-25T00:00:00Z,27.9,26.7
2014-06-26T00:00:00Z,24.1,22.8
2014-06-27T00:00:00Z,21.9,19.7
2014-06-28T00:00:00Z,24.3,22.4
2014-06-29T00:00:00Z,35.8,39.5
2014-06-30T00:00:00Z,33.6,33.4
2014-07-01T00:00:00Z,29.3,29.2
2014-07-02T00:00:00Z,23.7,22.3
2014-07-03T00:00:00Z,23.7,22.2
2014-07-04T00:00:00Z,22.2,19.8
2014-07-05T00:00:00Z,23.9,23.4
2014-07-06T00:00:00Z,29.8,28.7
2014-07-07T00:00:00Z,30.5,29.2
2014-07-08T00:00:00Z,45.1,42.5
2014-07-09T00:00:00Z,168,159
2014-07-10T00:00:00Z,193,203
2014-07-11T00:00:00Z,153,152
2014-07-12T00:00:00Z,110,114
2014-07-13T00:00:00Z,110,109
2014-07-14T00:00:00Z,82,86
2014-07-15T00:00:00Z,63.6,66.1
2014-07-16T00:00:00Z,50,52.3
2014-07-17T00:00:00Z,43.1,43.6
2014-07-18T00:00:00Z,39.1,39.7
2014-07-19T00:00:00Z,33.9,33.2
2014-07-20T00:00:00Z,30.2,33.2
2014-07-21T00:00:00Z,63.8,64.5
2014-07-22T00:00:00Z,68.6,73.2
2014-07-23T00:00:00Z,47.8,49
2014-07-24T00:00:00Z,39.1,38.4
2014-07-25T00:00:00Z,34.8,35.3
2014-07-26T00:00:00Z,36.6,36
2014-07-27T00:00:00Z,32.7,31.7
2014-07-28T00:00:00Z,33.4,34.6
2014-07-29T00:00:00Z,45.8,45
2014-07-30T00:00:00Z,94.9,90.2
2014-07-31T00:00:00Z,73.9,74
2014-08-01T00:00:00Z,56.1,56.7
2014-08-02T00:00:00Z,49.5,51.8
2014-08-03T00:00:00Z,46.9,48.5
2014-08-04T00:00:00Z,45.6,48.2
2014-08-05T00:00:00Z,39.4,39.3
2014-08-06T00:00:00Z,34.8,34.2
2014-08-07T00:00:00Z,31.9,31.1
2014-08-08T00:00:00Z,30,31.2
2014-08-09T00:00:00Z,32.6,31
2014-08-10T00:00:00Z,31.2,30.3
2014-08-11T00:00:00Z,30.9,28.9
2014-08-12T00:00:00Z,27.4,27.8
2014-08-13T00:00:00Z,34.9,33.2
2014-08-14T00:00:00Z,37.5,35
2014-08-15T00:00:00Z,41.4,45.1
2014-08-16T00:00:00Z,37,37.5
2014-08-17T00:00:00Z,33.5,34.7
2014-08-18T00:00:00Z,34.1,31.8
2014-08-19T00:00:00Z,38.1,39.4
2014-08-20T00:00:00Z,38.3,40.4
2014-08-21T00:00:00Z,33.7,31.9
2014-08-22T00:00:00Z,32.2,32.6
2014-08-23T00:00:00Z,33.4,33.2
2014-08-24T00:00:00Z,31,29.9
2014-08-25T00:00:00Z,28.7,27.3
2014-08-26T00:00:00Z,54.4,53.6
2014-08-27T00:00:00Z,78.1,78.3
2014-08-28T00:00:00Z,68.6,68.9
2014-08-29T00:00:00Z,57.7,59.8
2014-08-30T00:00:00Z,46.8,49.1
2014-08-31T00:00:00Z,52.4,53.8
2014-09-01T00:00:00Z,49.9,51.9
2014-09-02T00:00:00Z,40.4,41.3
2014-09-03T00:00:00Z,37.5,37.4
2014-09-04T00:00:00Z,34.8,35.4
2014-09-05T00:00:00Z,34.1,34.4
2014-09-06T00:00:00Z,31.6,31.2
2014-09-07T00:00:00Z,33.2,32.3
2014-09-08T00:00:00Z,33.9,34.2
2014-09-09T00:00:00Z,28.5,27.2
2014-09-10T00:00:00Z,27.1,25.5
2014-09-11T00:00:00Z,25.6,24.5
2014-09-12T00:00:00Z,27.7,26.6
2014-09-13T00:00:00Z,23.3,22.3
2014-09-14T00:00:00Z,24.3,22.2
2014-09-15T00:00:00Z,24.6,24.6
2014-09-16T00:00:00Z,25.3,24.9
2014-09-17T00:00:00Z,21.8,20
2014-09-18T00:00:00Z,23.8,23.7
2014-09-19T00:00:00Z,44.1,47.7
2014-09-20T00:00:00Z,37.7,37.2
2014-09-21T00:00:00Z,57.4,57.1
2014-09-22T00:00:00Z,53.7,54.4
2014-09-23T00:00:00Z,45.8,48.1
2014-09-24T00:00:00Z,35.6,37
2014-09-25T00:00:00Z,41.8,42.1
2014-09-26T00:00:00Z,35.6,36.8
2014-09-27T00:00:00Z,29.9,27.4
2014-09-28T00:00:00Z,31.5,31
2014-09-29T00:00:00Z,29.7,28.3
2014-09-30T00:00:00Z,30.1,28.6
2014-10-01T00:00:00Z,31.5,30.7
2014-10-02T00:00:00Z,28.2,26.5
2014-10-03T00:00:00Z,27.5,26.3
2014-10-04T00:00:00Z,27.3,26.2
2014-10-05T00:00:00Z,25.9,23.8
2014-10-06T00:00:00Z,27.9,26.4
2014-10-07T00:00:00Z,31.4,32.3
2014-10-08T00:00:00Z,43.5,45.2
2014-10-09T00:00:00Z,74.7,74.1
2014-10-10T00:00:00Z,82.4,80.3
2014-10-11T00:00:00Z,70.3,71.5
2014-10-12T00:00:00Z,63.8,64.4
2014-10-13T00:00:00Z,57.5,58.1
2014-10-14T00:00:00Z,50.2,50.9
2014-10-15T00:00:00Z,48.8,50.1
2014-10-16T00:00:00Z,47.6,48.5
2014-10-17T00:00:00Z,51.9,54.3
2014-10-18T00:00:00Z,43.1,44.3
2014-10-19T00:00:00Z,40.4,39.4
2014-10-20T00:00:00Z,43,43.1
2014-10-21T00:00:00Z,40.5,44.7
2014-10-22T00:00:00Z,59.7,60
2014-10-23T00:00:00Z,65.4,66.6
2014-10-24T00:00:00Z,60.1,60
2014-10-25T00:00:00Z,59.3,61.1
2014-10-26T00:00:00Z,56.9,57.5
2014-10-27T00:00:00Z,50.2,51.7
2014-10-28T00:00:00Z,45.9,46.9
2014-10-29T00:00:00Z,42.4,43.8
2014-10-30T00:00:00Z,40.9,40.1
2014-10-31T00:00:00Z,38,38
2014-11-01T00:00:00Z,37.8,36.7
2014-11-02T00:00:00Z,32.9,33.3
2014-11-03T00:00:00Z,35.4,36.4
2014-11-04T00:00:00Z,50,54.4
2014-11-05T00:00:00Z,61.9,64.3
2014-11-06T00:00:00Z,53.2,57.2
2014-11-07T00:00:00Z,49.5,51.6
2014-11-08T00:00:00Z,48.4,49.8
2014-11-09T00:00:00Z,42.9,44.8
2014-11-10T00:00:00Z,40.2,40.3
2014-11-11T00:00:00Z,39.8,40.5
2014-11-12T00:00:00Z,37.3,37.2
2014-11-13T00:00:00Z,35.8,35.3
2014-11-14T00:00:00Z,34.7,34.9
2014-11-15T00:00:00Z,32.4,32
2014-11-16T00:00:00Z,64.1,60.6
2014-11-17T00:00:00Z,89.1,91.5
2014-11-18T00:00:00Z,69.6,70.3
2014-11-19T00:00:00Z,65.2,65.9
2014-11-20T00:00:00Z,58,58.4
2014-11-21T00:00:00Z,52.2,54
2014-11-22T00:00:00Z,48.9,49.3
2014-11-23T00:00:00Z,45.1,45.4
2014-11-24T00:00:00Z,43.8,49.9
2014-11-25T00:00:00Z,45.5,55.1
2014-11-26T00:00:00Z,37.7,45.1
2014-11-27T00:00:00Z,39.7,42.5
2014-11-28T00:00:00Z,37.4,36.9
2014-11-29T00:00:00Z,35.5,36.3
2014-11-30T00:00:00Z,32.9,31.6
2014-12-01T00:00:00Z,29.6,28.3
2014-12-02T00:00:00Z,30.5,29.7
2014-12-03T00:00:00Z,28.3,28.4
2014-12-04T00:00:00Z,28,27.1
2014-12-05T00:00:00Z,27.7,25.3
2014-12-06T00:00:00Z,28.6,27.1
2014-12-07T00:00:00Z,27.1,26
2014-12-08T00:00:00Z,30.8,30.6
2014-12-09T00:00:00Z,29.9,29.7
2014-12-10T00:00:00Z,24.9,24.4
2014-12-11T00:00:00Z,31.8,30.8
2014-12-12T00:00:00Z,53.7,53.3
2014-12-13T00:00:00Z,142,139
2014-12-14T00:00:00Z,133,137
2014-12-15T00:00:00Z,112,112
2014-12-16T00:00:00Z,102,95.5
2014-12-17T00:00:00Z,97.4,89.9
2014-12-18T00:00:00Z,97.1,98.5
2014-12-19T00:00:00Z,151,145
2014-12-20T00:00:00Z,283,292
2014-12-21T00:00:00Z,244,256
2014-12-22T00:00:00Z,212,220
2014-12-23T00:00:00Z,198,206
2014-12-24T00:00:00Z,188,197
2014-12-25T00:00:00Z,212,218
2014-12-26T00:00:00Z,196,206
2014-12-27T00:00:00Z,177,189
2014-12-28T00:00:00Z,158,171
2014-12-29T00:00:00Z,125,133
2014-12-30T00:00:00Z,114,121
2014-12-31T00:00:00Z,108,113
2015-01-01T00:00:00Z,104,110
2015-01-02T00:00:00Z,104,109
2015-01-03T00:00:00Z,114,119
2015-01-04T00:00:00Z,104,110
2015-01-05T00:00:00Z,96,101
2015-01-06T00:00:00Z,90.2,94.6
2015-01-07T00:00:00Z,88.9,94
2015-01-08T00:00:00Z,100,107
2015-01-09T00:00:00Z,181,191
2015-01-10T00:00:00Z,247,259
2015-01-11T00:00:00Z,290,309
2015-01-12T00:00:00Z,256,270
2015-01-13T00:00:00Z,235,250
2015-01-14T00:00:00Z,223,239
2015-01-15T00:00:00Z,214,231
2015-01-16T00:00:00Z,231,246
2015-01-17T00:00:00Z,190,205
2015-01-18T00:00:00Z,162,176
2015-01-19T00:00:00Z,141,149
2015-01-20T00:00:00Z,121,131
2015-01-21T00:00:00Z,100,107
2015-01-22T00:00:00Z,89.3,94.1
2015-01-23T00:00:00Z,80.2,87.2
2015-01-24T00:00:00Z,73.3,79.9
2015-01-25T00:00:00Z,72.1,76.3
2015-01-26T00:00:00Z,73.6,77
2015-01-27T00:00:00Z,86.6,88.9
2015-01-28T00:00:00Z,84.9,90.2
2015-01-29T00:00:00Z,108,113
2015-01-30T00:00:00Z,120,130
2015-01-31T00:00:00Z,112,119
2015-02-01T00:00:00Z,100,108
2015-02-02T00:00:00Z,94.1,99.4
2015-02-03T00:00:00Z,85.8,91.2
2015-02-04T00:00:00Z,81.2,85.5
2015-02-05T00:00:00Z,73.2,77.3
2015-02-06T00:00:00Z,70.4,72.3
2015-02-07T00:00:00Z,62.5,65.5
2015-02-08T00:00:00Z,62.4,62.7
2015-02-09T00:00:00Z,62.6,64.4
2015-02-10T00:00:00Z,75.9,75.9
2015-02-11T00:00:00Z,86.5,86.8
2015-02-12T00:00:00Z,92.9,96.3
2015-02-13T00:00:00Z,90.2,94.6
2015-02-14T00:00:00Z,85.3,87.6
2015-02-15T00:00:00Z,75.6,77.3
2015-02-16T00:00:00Z,74.4,75.5
2015-02-17T00:00:00Z,69.3,70.6
2015-02-18T00:00:00Z,67.3,67.5
2015-02-19T00:00:00Z,59.8,61.9
2015-02-20T00:00:00Z,62.1,63.9
2015-02-21T00:00:00Z,74.1,77.4
2015-02-22T00:00:00Z,71.4,74
2015-02-23T00:00:00Z,73.9,78.2
2015-02-24T00:00:00Z,77.8,84.4
2015-02-25T00:00:00Z,77,81.6
2015-02-26T00:00:00Z,71.6,74.8
2015-02-27T00:00:00Z,90.6,93.7
2015-02-28T00:00:00Z,103,111
2015-03-01T00:00:00Z,101,106
2015-03-02T00:00:00Z,98.5,105
2015-03-03T00:00:00Z,100,108
2015-03-04T00:00:00Z,105,108
2015-03-05T00:00:00Z,99.5,104
2015-03-06T00:00:00Z,96.1,101
2015-03-07T00:00:00Z,90,96
2015-03-08T00:00:00Z,83.5,87.3
2015-03-09T00:00:00Z,78,79.9
2015-03-10T00:00:00Z,75.2,77
2015-03-11T00:00:00Z,69.7,72.9
2015-03-12T00:00:00Z,65,68.3
2015-03-13T00:00:00Z,63.4,66.1
2015-03-14T00:00:00Z,59.3,62.6
2015-03-15T00:00:00Z,56.1,57.8
2015-03-16T00:00:00Z,54.2,56
2015-03-17T00:00:00Z,48.2,50.6
2015-03-18T00:00:00Z,43.3,45.1
2015-03-19T00:00:00Z,42.9,44
2015-03-20T00:00:00Z,42.3,44.5
2015-03-21T00:00:00Z,40.8,44.3
2015-03-22T00:00:00Z,44.5,47.6
2015-03-23T00:00:00Z,36.9,38.2
2015-03-24T00:00:00Z,36,37.5
2015-03-25T00:00:00Z,34.6,35.7
2015-03-26T00:00:00Z,32.6,34.7
2015-03-27T00:00:00Z,33.4,33.6
2015-03-28T00:00:00Z,33.1,35.7
2015-03-29T00:00:00Z,42.1,44.7
2015-03-30T00:00:00Z,90.6,96.1
2015-03-31T00:00:00Z,137,145
2015-04-01T00:00:00Z,195,210
2015-04-02T00:00:00Z,240,256
2015-04-03T00:00:00Z,262,291
2015-04-04T00:00:00Z,213,235
2015-04-05T00:00:00Z,166,184
2015-04-06T00:00:00Z,138,149
2015-04-07T00:00:00Z,123,133
2015-04-08T00:00:00Z,111,118
2015-04-09T00:00:00Z,100,106
2015-04-10T00:00:00Z,91.3,97.3
2015-04-11T00:00:00Z,83.4,88.1
2015-04-12T00:00:00Z,80.1,83.5
2015-04-13T00:00:00Z,73.2,75.2
2015-04-14T00:00:00Z,68.4,72
2015-04-15T00:00:00Z,62.5,65.8
2015-04-16T00:00:00Z,52.5,56.4
2015-04-17T00:00:00Z,53.6,56.9
2015-04-18T00:00:00Z,45.1,48.5
2015-04-19T00:00:00Z,43.1,47
2015-04-20T00:00:00Z,40.6,43.6
2015-04-21T00:00:00Z,39.4,42.2
2015-04-22T00:00:00Z,34.5,38.5
2015-04-23T00:00:00Z,35.1,40.1
2015-04-24T00:00:00Z,33.5,37.2
2015-04-25T00:00:00Z,32.2,38
2015-04-26T00:00:00Z,36.7,40.5
2015-04-27T00:00:00Z,46.8,51.3
2015-04-28T00:00:00Z,39.2,41.6
2015-04-29T00:00:00Z,34.7,36.8
2015-04-30T00:00:00Z,31.1,33.7
2015-05-01T00:00:00Z,35.2,36.4
2015-05-02T00:00:00Z,32.2,34.4
2015-05-03T00:00:00Z,28.6,29.6
2015-05-04T00:00:00Z,40.3,39.3
2015-05-05T00:00:00Z,36.3,37.3
2015-05-06T00:00:00Z,37.5,37.2
2015-05-07T00:00:00Z,33.2,32.6
2015-05-08T00:00:00Z,31.9,31.2
2015-05-09T00:00:00Z,29.6,29
2015-05-10T00:00:00Z,28.9,29.4
2015-05-11T00:00:00Z,29.3,28.5
2015-05-12T00:00:00Z,30.7,30.1
2015-05-13T00:00:00Z,28,27.8
2015-05-14T00:00:00Z,28,28
2015-05-15T00:00:00Z,27.7,27.6
2015-05-16T00:00:00Z,27.4,27.8
2015-05-17T00:00:00Z,26.8,26.9
2015-05-18T00:00:00Z,26.3,27.3
2015-05-19T00:00:00Z,28.9,28.9
2015-05-20T00:00:00Z,26.7,27.1
2015-05-21T00:00:00Z,25.9,26.5
2015-05-22T00:00:00Z,24.1,24.2
2015-05-23T00:00:00Z,22.2,23.3
2015-05-24T00:00:00Z,22.4,23.5
2015-05-25T00:00:00Z,22.9,23.9
2015-05-26T00:00:00Z,25.5,26.6
2015-05-27T00:00:00Z,23.8,25.2
2015-05-28T00:00:00Z,21.9,24.2
2015-05-29T00:00:00Z,26.8,27.7
2015-05-30T00:00:00Z,26.6,27.4
2015-05-31T00:00:00Z,26.8,28.8
2015-06-01T00:00:00Z,28.3,22.8
2015-06-02T00:00:00Z,24.2,21.2
2015-06-03T00:00:00Z,23.7,17
2015-06-04T00:00:00Z,22.4,17.6
2015-06-05T00:00:00Z,22.2,18.3
2015-06-06T00:00:00Z,23.9,20.1
2015-06-07T00:00:00Z,24.3,24.7
2015-06-08T00:00:00Z,22.9,22.6
2015-06-09T00:00:00Z,22.7,22.6
2015-06-10T00:00:00Z,20.8,18.5
2015-06-11T00:00:00Z,22.3,21.3
2015-06-12T00:00:00Z,21.6,19.5
2015-06-13T00:00:00Z,22,20.9
2015-06-14T00:00:00Z,23.5,21.1
2015-06-15T00:00:00Z,21,19.3
2015-06-16T00:00:00Z,22,23.2
2015-06-17T00:00:00Z,20.8,19.5
2015-06-18T00:00:00Z,28.8,25.5
2015-06-19T00:00:00Z,25,22.4
2015-06-20T00:00:00Z,28.4,25.9
2015-06-21T00:00:00Z,24.5,21.7
2015-06-22T00:00:00Z,32.5,31.6
2015-06-23T00:00:00Z,40,41.4
2015-06-24T00:00:00Z,29,26
2015-06-25T00:00:00Z,25,22.5
2015-06-26T00:00:00Z,20.8,18.2
2015-06-27T00:00:00Z,22.5,18.5
2015-06-28T00:00:00Z,24.5,22.3
2015-06-29T00:00:00Z,22.6,18.9
2015-06-30T00:00:00Z,20.2,17.1
2015-07-01T00:00:00Z,22.1,19.2
2015-07-02T00:00:00Z,20.1,19.9
2015-07-03T00:00:00Z,22,19.5
2015-07-04T00:00:00Z,19.3,19.2
2015-07-05T00:00:00Z,33.6,24.1
2015-07-06T00:00:00Z,35,32.9
2015-07-07T00:00:00Z,25.7,23.2
2015-07-08T00:00:00Z,25.2,22.7
2015-07-09T00:00:00Z,37.5,34.9
2015-07-10T00:00:00Z,29.9,27.5
2015-07-11T00:00:00Z,23.8,21.1
2015-07-12T00:00:00Z,21.1,16.5
2015-07-13T00:00:00Z,27.5,25.9
2015-07-14T00:00:00Z,30.4,28.6
2015-07-15T00:00:00Z,31.5,29.2
2015-07-16T00:00:00Z,23.8,22.3
2015-07-17T00:00:00Z,20.3,18.8
2015-07-18T00:00:00Z,22.8,19.3
2015-07-19T00:00:00Z,39.6,36.3
2015-07-20T00:00:00Z,38.7,37.5
2015-07-21T00:00:00Z,26,23.8
2015-07-22T00:00:00Z,26.8,22.6
2015-07-23T00:00:00Z,23.1,20.4
2015-07-24T00:00:00Z,22.4,19.2
2015-07-25T00:00:00Z,32.6,30.4
2015-07-26T00:00:00Z,32.3,30.3
2015-07-27T00:00:00Z,27.3,24.7
2015-07-28T00:00:00Z,28.9,25.8
2015-07-29T00:00:00Z,27.9,25.5
2015-07-30T00:00:00Z,25.5,23.8
2015-07-31T00:00:00Z,23.5,19.9
2015-08-01T00:00:00Z,22.2,18.7
2015-08-02T00:00:00Z,25,21.5
2015-08-03T00:00:00Z,22.6,20.6
2015-08-04T00:00:00Z,23,20.9
2015-08-05T00:00:00Z,26.7,24.1
2015-08-06T00:00:00Z,21.4,19.8
2015-08-07T00:00:00Z,25.8,22.9
2015-08-08T00:00:00Z,30.7,25.8
2015-08-09T00:00:00Z,27.1,25.4
2015-08-10T00:00:00Z,25.2,21.6
2015-08-11T00:00:00Z,52.6,49.7
2015-08-12T00:00:00Z,28.3,26.2
2015-08-13T00:00:00Z,22.5,18.6
2015-08-14T00:00:00Z,25.6,24.1
2015-08-15T00:00:00Z,22.4,21.5
2015-08-16T00:00:00Z,42.8,43.5
2015-08-17T00:00:00Z,80.7,78.4
2015-08-18T00:00:00Z,111,113
2015-08-19T00:00:00Z,64.3,64
2015-08-20T00:00:00Z,45.9,45.1
2015-08-21T00:00:00Z,36,32.8
2015-08-22T00:00:00Z,29.2,25.7
2015-08-23T00:00:00Z,29.3,25.9
2015-08-24T00:00:00Z,28.3,27.6
2015-08-25T00:00:00Z,36.1,34.4
2015-08-26T00:00:00Z,27.5,26.6
2015-08-27T00:00:00Z,28.1,27.1
2015-08-28T00:00:00Z,58.1,58.6
2015-08-29T00:00:00Z,32.2,31.3
2015-08-30T00:00:00Z,26.5,24.6
2015-08-31T00:00:00Z,26.3,24.2
2015-09-01T00:00:00Z,27.4,25.7
2015-09-02T00:00:00Z,44.2,43.1
2015-09-03T00:00:00Z,29.8,28.4
2015-09-04T00:00:00Z,28.8,26.1
2015-09-05T00:00:00Z,34.7,33.3
2015-09-06T00:00:00Z,41.9,41.1
2015-09-07T00:00:00Z,39.7,37.3
2015-09-08T00:00:00Z,52.4,50.3
2015-09-09T00:00:00Z,44.1,42.7
2015-09-10T00:00:00Z,35.6,33.5
2015-09-11T00:00:00Z,34,32.1
2015-09-12T00:00:00Z,31.9,28.9
2015-09-13T00:00:00Z,58.6,55.1
2015-09-14T00:00:00Z,53.1,52.1
2015-09-15T00:00:00Z,45.2,44.8
2015-09-16T00:00:00Z,47.9,48.1
2015-09-17T00:00:00Z,77.4,74
2015-09-18T00:00:00Z,78.3,78.2
2015-09-19T00:00:00Z,65.9,64.7
2015-09-20T00:00:00Z,56.3,55.4
2015-09-21T00:00:00Z,45.7,44.8
2015-09-22T00:00:00Z,43.7,42.8
2015-09-23T00:00:00Z,56.4,54.7
2015-09-24T00:00:00Z,48.1,47.5
2015-09-25T00:00:00Z,43.5,42.5
2015-09-26T00:00:00Z,37.7,36.1
2015-09-27T00:00:00Z,35.5,33.7
2015-09-28T00:00:00Z,32.7,30
2015-09-29T00:00:00Z,31.7,29.8
2015-09-30T00:00:00Z,27.5,24.1
2015-10-01T00:00:00Z,27.3,24.4
2015-10-02T00:00:00Z,25.7,22.7
2015-10-03T00:00:00Z,25.2,22
2015-10-04T00:00:00Z,25.5,22.7
2015-10-05T00:00:00Z,24.4,22.2
2015-10-06T00:00:00Z,28.6,26.5
2015-10-07T00:00:00Z,29.4,27.4
2015-10-08T00:00:00Z,26.1,23.8
2015-10-09T00:00:00Z,29,28.2
2015-10-10T00:00:00Z,30.9,28
2015-10-11T00:00:00Z,25.1,22.3
2015-10-12T00:00:00Z,21.9,18.8
2015-10-13T00:00:00Z,22.5,18.3
2015-10-14T00:00:00Z,24.6,21.8
2015-10-15T00:00:00Z,31,30.9
2015-10-16T00:00:00Z,42.6,41.7
2015-10-17T00:00:00Z,33.5,33.6
2015-10-18T00:00:00Z,29.6,27.8
2015-10-19T00:00:00Z,28.3,27.1
2015-10-20T00:00:00Z,26.6,23.9
2015-10-21T00:00:00Z,26.5,25
2015-10-22T00:00:00Z,25.6,23
2015-10-23T00:00:00Z,26.6,24.1
2015-10-24T00:00:00Z,25,22.6
2015-10-25T00:00:00Z,23.9,21.8
2015-10-26T00:00:00Z,23.9,20.5
2015-10-27T00:00:00Z,23.8,21.1
2015-10-28T00:00:00Z,22.6,19.7
2015-10-29T00:00:00Z,24.6,20.1
2015-10-30T00:00:00Z,22.7,19.4
2015-10-31T00:00:00Z,21.7,17.8
2015-11-01T00:00:00Z,24.3,21.4
2015-11-02T00:00:00Z,21.8,17.8
2015-11-03T00:00:00Z,21.8,18.3
2015-11-04T00:00:00Z,21.6,19
2015-11-05T00:00:00Z,21.9,17.7
2015-11-06T00:00:00Z,22.7,20.8
2015-11-07T00:00:00Z,24.3,21.4
2015-11-08T00:00:00Z,24.7,21.3
2015-11-09T00:00:00Z,23.2,18.8
2015-11-10T00:00:00Z,21.9,18.9
2015-11-11T00:00:00Z,21.9,19.3
2015-11-12T00:00:00Z,21.7,18.3
2015-11-13T00:00:00Z,21.3,18.6
2015-11-14T00:00:00Z,28.9,25.2
2015-11-15T00:00:00Z,43.1,41.8
2015-11-16T00:00:00Z,75.3,69.9
2015-11-17T00:00:00Z,103,98.7
2015-11-18T00:00:00Z,146,141
2015-11-19T00:00:00Z,117,116
2015-11-20T00:00:00Z,138,133
2015-11-21T00:00:00Z,127,126
2015-11-22T00:00:00Z,105,105
2015-11-23T00:00:00Z,90.9,90.1
2015-11-24T00:00:00Z,74.3,73.6
2015-11-25T00:00:00Z,76,73.8
2015-11-26T00:00:00Z,69.6,68.8
2015-11-27T00:00:00Z,74.5,70.9
2015-11-28T00:00:00Z,77.1,74.1
2015-11-29T00:00:00Z,93.1,88
2015-11-30T00:00:00Z,284,262
2015-12-01T00:00:00Z,527,505
2015-12-02T00:00:00Z,506,551
2015-12-03T00:00:00Z,311,337
2015-12-04T00:00:00Z,224,235
2015-12-05T00:00:00Z,171,181
2015-12-06T00:00:00Z,144,148
2015-12-07T00:00:00Z,126,130
2015-12-08T00:00:00Z,104,106
2015-12-09T00:00:00Z,93.6,95.8
2015-12-10T00:00:00Z,85.3,86.1
2015-12-11T00:00:00Z,81.4,82.6
2015-12-12T00:00:00Z,96.9,99.4
2015-12-13T00:00:00Z,101,103
2015-12-14T00:00:00Z,100,103
2015-12-15T00:00:00Z,92,93
2015-12-16T00:00:00Z,90.4,90.5
2015-12-17T00:00:00Z,95.6,98
2015-12-18T00:00:00Z,92.4,91.7
2015-12-19T00:00:00Z,87.5,87.1
2015-12-20T00:00:00Z,84,84.5
2015-12-21T00:00:00Z,85.5,84.2
2015-12-22T00:00:00Z,88.4,87.5
2015-12-23T00:00:00Z,88,85.8
2015-12-24T00:00:00Z,88.1,87.1
2015-12-25T00:00:00Z,95.6,93.7
2015-12-26T00:00:00Z,91.2,92.8
2015-12-27T00:00:00Z,84.5,83
2015-12-28T00:00:00Z,82.4,79.5
2015-12-29T00:00:00Z,74.6,73.1
2015-12-30T00:00:00Z,69.4,68.3
2015-12-31T00:00:00Z,57.9,58.5
2016-01-01T00:00:00Z,53.2,50.8
2016-01-02T00:00:00Z,50.5,48.8
2016-01-03T00:00:00Z,50.4,50.1
2016-01-04T00:00:00Z,52,51.4
2016-01-05T00:00:00Z,60.1,59.8
2016-01-06T00:00:00Z,53.6,52
2016-01-07T00:00:00Z,56.5,55.2
2016-01-08T00:00:00Z,71.5,69.7
2016-01-09T00:00:00Z,67.2,65.4
2016-01-10T00:00:00Z,69.5,68.3
2016-01-11T00:00:00Z,80.6,79.4
2016-01-12T00:00:00Z,96.8,95.2
2016-01-13T00:00:00Z,128,127
2016-01-14T00:00:00Z,179,178
2016-01-15T00:00:00Z,190,194
2016-01-16T00:00:00Z,164,167
2016-01-17T00:00:00Z,145,151
2016-01-18T00:00:00Z,128,132
2016-01-19T00:00:00Z,106,111
2016-01-20T00:00:00Z,86.1,86.9
2016-01-21T00:00:00Z,76.4,75.4
2016-01-22T00:00:00Z,70.7,68.5
2016-01-23T00:00:00Z,76.5,72
2016-01-24T00:00:00Z,73.6,70.9
2016-01-25T00:00:00Z,83.9,80.3
2016-01-26T00:00:00Z,99.7,94.9
2016-01-27T00:00:00Z,120,121
2016-01-28T00:00:00Z,141,145
2016-01-29T00:00:00Z,133,140
2016-01-30T00:00:00Z,161,169
2016-01-31T00:00:00Z,240,254
2016-02-01T00:00:00Z,267,276
2016-02-02T00:00:00Z,299,306
2016-02-03T00:00:00Z,419,433
2016-02-04T00:00:00Z,379,420
2016-02-05T00:00:00Z,301,328
2016-02-06T00:00:00Z,249,264
2016-02-07T00:00:00Z,219,232
2016-02-08T00:00:00Z,224,231
2016-02-09T00:00:00Z,248,260
2016-02-10T00:00:00Z,303,320
2016-02-11T00:00:00Z,278,300
2016-02-12T00:00:00Z,236,253
2016-02-13T00:00:00Z,202,214
2016-02-14T00:00:00Z,177,190
2016-02-15T00:00:00Z,156,164
2016-02-16T00:00:00Z,127,134
2016-02-17T00:00:00Z,100,106
2016-02-18T00:00:00Z,92.5,95
2016-02-19T00:00:00Z,86.1,89
2016-02-20T00:00:00Z,87.9,88.3
2016-02-21T00:00:00Z,141,146
2016-02-22T00:00:00Z,179,185
2016-02-23T00:00:00Z,245,261
2016-02-24T00:00:00Z,227,241
2016-02-25T00:00:00Z,198,212
2016-02-26T00:00:00Z,165,179
2016-02-27T00:00:00Z,140,145
2016-02-28T00:00:00Z,123,128
2016-02-29T00:00:00Z,107,111
2016-03-01T00:00:00Z,95.2,98.5
2016-03-02T00:00:00Z,91.2,94
2016-03-03T00:00:00Z,91.1,93.8
2016-03-04T00:00:00Z,86.1,90.8
2016-03-05T00:00:00Z,85,86.7
2016-03-06T00:00:00Z,79,82.2
2016-03-07T00:00:00Z,78.1,79
2016-03-08T00:00:00Z,79.3,81.5
2016-03-09T00:00:00Z,74.6,75.5
2016-03-10T00:00:00Z,71.9,72.3
2016-03-11T00:00:00Z,66.1,65.9
2016-03-12T00:00:00Z,60.3,62.4
2016-03-13T00:00:00Z,57.5,56.3
2016-03-14T00:00:00Z,53,55.2
2016-03-15T00:00:00Z,50.6,52.2
2016-03-16T00:00:00Z,50,50.5
2016-03-17T00:00:00Z,44.1,42.4
2016-03-18T00:00:00Z,45,43.2
2016-03-19T00:00:00Z,43.5,43.1
2016-03-20T00:00:00Z,42.5,41.3
2016-03-21T00:00:00Z,43.6,42.5
2016-03-22T00:00:00Z,41.4,41.9
2016-03-23T00:00:00Z,43.9,42.2
2016-03-24T00:00:00Z,44.5,44.5
2016-03-25T00:00:00Z,46.7,46.7
2016-03-26T00:00:00Z,57.7,57.3
2016-03-27T00:00:00Z,53,53.6
2016-03-28T00:00:00Z,59.4,60.6
2016-03-29T00:00:00Z,73.3,74.4
2016-03-30T00:00:00Z,80.8,79.2
2016-03-31T00:00:00Z,95.5,96
2016-04-01T00:00:00Z,117,116
2016-04-02T00:00:00Z,108,114
2016-04-03T00:00:00Z,95.4,97.6
2016-04-04T00:00:00Z,86.5,88.6
2016-04-05T00:00:00Z,80.9,81.9
2016-04-06T00:00:00Z,83.6,85.6
2016-04-07T00:00:00Z,73.4,75.7
2016-04-08T00:00:00Z,64.5,65.5
2016-04-09T00:00:00Z,57.1,58.1
2016-04-10T00:00:00Z,53.1,51.7
2016-04-11T00:00:00Z,53.7,53.4
2016-04-12T00:00:00Z,50.1,50.6
2016-04-13T00:00:00Z,46.1,46.7
2016-04-14T00:00:00Z,42,41.2
2016-04-15T00:00:00Z,41.1,42.7
2016-04-16T00:00:00Z,41.1,40.2
2016-04-17T00:00:00Z,41.2,40.5
2016-04-18T00:00:00Z,38.8,38.1
2016-04-19T00:00:00Z,35.3,34.7
2016-04-20T00:00:00Z,33,32.4
2016-04-21T00:00:00Z,29.8,29.1
2016-04-22T00:00:00Z,30.5,28.6
2016-04-23T00:00:00Z,31.5,29.7
2016-04-24T00:00:00Z,30.3,29.3
2016-04-25T00:00:00Z,36.6,33.9
2016-04-26T00:00:00Z,48.4,47.6
2016-04-27T00:00:00Z,53.3,53.5
2016-04-28T00:00:00Z,77.8,77.1
2016-04-29T00:00:00Z,68.4,68.1
2016-04-30T00:00:00Z,67,68.6
2016-05-01T00:00:00Z,63.4,63.7
2016-05-02T00:00:00Z,58.4,58.1
2016-05-03T00:00:00Z,55.4,55.3
2016-05-04T00:00:00Z,49.1,49
2016-05-05T00:00:00Z,44.3,44.8
2016-05-06T00:00:00Z,41.3,40.5
2016-05-07T00:00:00Z,39.1,39.4
2016-05-08T00:00:00Z,36.7,36.4
2016-05-09T00:00:00Z,36.5,36.6
2016-05-10T00:00:00Z,33.6,32.1
2016-05-11T00:00:00Z,31.7,30.6
2016-05-12T00:00:00Z,29.9,29.3
2016-05-13T00:00:00Z,31.7,29.1
2016-05-14T00:00:00Z,27.5,25.1
2016-05-15T00:00:00Z,26.8,23.8
2016-05-16T00:00:00Z,29.4,27.8
2016-05-17T00:00:00Z,27.5,25
2016-05-18T00:00:00Z,26.8,25.3
2016-05-19T00:00:00Z,26.8,24.6
2016-05-20T00:00:00Z,26.1,23.2
2016-05-21T00:00:00Z,23.8,21.8
2016-05-22T00:00:00Z,23.8,21.4
2016-05-23T00:00:00Z,33,32
2016-05-24T00:00:00Z,35,33.6
2016-05-25T00:00:00Z,26.6,25.9
2016-05-26T00:00:00Z,21.3,18.1
2016-05-27T00:00:00Z,23.2,20.8
2016-05-28T00:00:00Z,26.7,24.1
2016-05-29T00:00:00Z,27.4,25.2
2016-05-30T00:00:00Z,64.3,65.5
2016-05-31T00:00:00Z,63.8,67.2
2016-06-01T00:00:00Z,44.4,47.9
2016-06-02T00:00:00Z,78.3,80.7
2016-06-03T00:00:00Z,60.1,58.7
2016-06-04T00:00:00Z,57.2,54.9
2016-06-05T00:00:00Z,55.4,54.7
2016-06-06T00:00:00Z,47.7,44.5
2016-06-07T00:00:00Z,46.6,48.4
2016-06-08T00:00:00Z,50.2,49.9
2016-06-09T00:00:00Z,36.5,34.1
2016-06-10T00:00:00Z,33.7,33.4
2016-06-11T00:00:00Z,33.1,31.7
2016-06-12T00:00:00Z,32,29.4
2016-06-13T00:00:00Z,39.4,36.7
2016-06-14T00:00:00Z,44.6,45.1
2016-06-15T00:00:00Z,39.4,42
2016-06-16T00:00:00Z,42.3,41.3
2016-06-17T00:00:00Z,39.1,38
2016-06-18T00:00:00Z,37.3,37.7
2016-06-19T00:00:00Z,44.1,43.7
2016-06-20T00:00:00Z,38.3,38.8
2016-06-21T00:00:00Z,44.4,45.2
2016-06-22T00:00:00Z,34.5,33.3
2016-06-23T00:00:00Z,33.7,27.6
2016-06-24T00:00:00Z,33.5,33.2
2016-06-25T00:00:00Z,59.4,61
2016-06-26T00:00:00Z,93.2,94.1
2016-06-27T00:00:00Z,69.3,69.7
2016-06-28T00:00:00Z,68.5,66.6
2016-06-29T00:00:00Z,76.3,77
2016-06-30T00:00:00Z,63.4,63.5
2016-07-01T00:00:00Z,68,65.8
2016-07-02T00:00:00Z,68.4,68.4
2016-07-03T00:00:00Z,63.5,64
2016-07-04T00:00:00Z,55.3,55.8
2016-07-05T00:00:00Z,36.2,36.6
2016-07-06T00:00:00Z,37.3,36.7
2016-07-07T00:00:00Z,30.4,28.5
2016-07-08T00:00:00Z,31.9,30.8
2016-07-09T00:00:00Z,29.1,26
2016-07-10T00:00:00Z,27.9,26.1
2016-07-11T00:00:00Z,26.4,21.7
2016-07-12T00:00:00Z,27.1,25.3
2016-07-13T00:00:00Z,25.2,21.9
2016-07-14T00:00:00Z,33.1,29.6
2016-07-15T00:00:00Z,27,24.2
2016-07-16T00:00:00Z,25.3,21.6
2016-07-17T00:00:00Z,27.3,23.5
2016-07-18T00:00:00Z,25.5,21.6
2016-07-19T00:00:00Z,24,21.5
2016-07-20T00:00:00Z,26.8,23.2
2016-07-21T00:00:00Z,24.5,19.9
2016-07-22T00:00:00Z,26,24.2
2016-07-23T00:00:00Z,38.3,32.9
2016-07-24T00:00:00Z,29,26.2
2016-07-25T00:00:00Z,27.7,23.8
2016-07-26T00:00:00Z,26.8,22.2
2016-07-27T00:00:00Z,27.4,24.6
2016-07-28T00:00:00Z,23.3,19.4
2016-07-29T00:00:00Z,34.8,31.9
2016-07-30T00:00:00Z,25.8,21.8
2016-07-31T00:00:00Z,24.9,24
2016-08-01T00:00:00Z,28,23.4
2016-08-02T00:00:00Z,26.6,25.9
2016-08-03T00:00:00Z,37,36.1
2016-08-04T00:00:00Z,37.7,35.3
2016-08-05T00:00:00Z,29.5,27.4
2016-08-06T00:00:00Z,26.5,24.3
2016-08-07T00:00:00Z,25.9,22.8
2016-08-08T00:00:00Z,25.2,21.5
2016-08-09T00:00:00Z,25.6,22.1
2016-08-10T00:00:00Z,27.8,24.5
2016-08-11T00:00:00Z,23,20.1
2016-08-12T00:00:00Z,32.7,29.4
2016-08-13T00:00:00Z,30.8,29.6
2016-08-14T00:00:00Z,23.7,20.2
2016-08-15T00:00:00Z,21.5,18.1
2016-08-16T00:00:00Z,23.6,19.6
2016-08-17T00:00:00Z,27,23.7
2016-08-18T00:00:00Z,21,18.6
2016-08-19T00:00:00Z,23.3,19.3
2016-08-20T00:00:00Z,24,21.1
2016-08-21T00:00:00Z,24.8,22.2
2016-08-22T00:00:00Z,22.5,19.7
2016-08-23T00:00:00Z,25.1,21.5
2016-08-24T00:00:00Z,24.7,20.9
2016-08-25T00:00:00Z,24,21.2
2016-08-26T00:00:00Z,23.8,19.2
2016-08-27T00:00:00Z,23.7,20.5
2016-08-28T00:00:00Z,24.6,21.6
2016-08-29T00:00:00Z,26.6,23.9
2016-08-30T00:00:00Z,24,20.1
2016-08-31T00:00:00Z,24.3,21.3
2016-09-01T00:00:00Z,22.1,17.7
2016-09-02T00:00:00Z,24.2,19.8
2016-09-03T00:00:00Z,24.1,20.4
2016-09-04T00:00:00Z,31.2,28.5
2016-09-05T00:00:00Z,31,26.4
2016-09-06T00:00:00Z,25.5,21.1
2016-09-07T00:00:00Z,23.7,20
2016-09-08T00:00:00Z,25.1,22.2
2016-09-09T00:00:00Z,24,20.2
2016-09-10T00:00:00Z,21.4,17.3
2016-09-11T00:00:00Z,23.1,19.1
2016-09-12T00:00:00Z,23.3,19
2016-09-13T00:00:00Z,22.4,19.6
2016-09-14T00:00:00Z,22.7,18
2016-09-15T00:00:00Z,21.4,20.3
2016-09-16T00:00:00Z,22.2,18.9
2016-09-17T00:00:00Z,23.2,19.9
2016-09-18T00:00:00Z,24.8,20.1
2016-09-19T00:00:00Z,25.3,21.9
2016-09-20T00:00:00Z,23.8,20.1
2016-09-21T00:00:00Z,23.3,19.2
2016-09-22T00:00:00Z,20.7,16.9
2016-09-23T00:00:00Z,23.3,19.4
2016-09-24T00:00:00Z,20.8,16.3
2016-09-25T00:00:00Z,24,19.5
2016-09-26T00:00:00Z,23.3,19
2016-09-27T00:00:00Z,23.6,19.8
2016-09-28T00:00:00Z,20.9,19.1
2016-09-29T00:00:00Z,24.8,19.6
2016-09-30T00:00:00Z,24.8,20.8
2016-10-01T00:00:00Z,23.4,20.6
2016-10-02T00:00:00Z,27.8,23.3
2016-10-03T00:00:00Z,25.7,21.9
2016-10-04T00:00:00Z,25.5,22.7
2016-10-05T00:00:00Z,23.4,18
2016-10-06T00:00:00Z,22.4,18.1
2016-10-07T00:00:00Z,22.2,18.8
2016-10-08T00:00:00Z,22.9,18.3
2016-10-09T00:00:00Z,24,20.9
2016-10-10T00:00:00Z,23,18.3
2016-10-11T00:00:00Z,24.2,20.7
2016-10-12T00:00:00Z,24.1,19.8
2016-10-13T00:00:00Z,23.8,20.1
2016-10-14T00:00:00Z,21.1,16.7
2016-10-15T00:00:00Z,20.2,17.4
2016-10-16T00:00:00Z,21.1,17.1
2016-10-17T00:00:00Z,22.3,17.5
2016-10-18T00:00:00Z,22.1,19.2
2016-10-19T00:00:00Z,33.3,30.2
2016-10-20T00:00:00Z,35.3,34.1
2016-10-21T00:00:00Z,22.7,21.1
2016-10-22T00:00:00Z,28.8,25.5
2016-10-23T00:00:00Z,27.3,25.4
2016-10-24T00:00:00Z,20.6,16.7
2016-10-25T00:00:00Z,32.9,30.5
2016-10-26T00:00:00Z,23.1,21.7
2016-10-27T00:00:00Z,24.1,22.7
2016-10-28T00:00:00Z,21.3,16.8
2016-10-29T00:00:00Z,21.5,18
2016-10-30T00:00:00Z,22.1,18.9
2016-10-31T00:00:00Z,23.1,19.7
2016-11-01T00:00:00Z,22.6,19.5
2016-11-02T00:00:00Z,23.8,21.8
2016-11-03T00:00:00Z,23,20.4
2016-11-04T00:00:00Z,25.2,22.6
2016-11-05T00:00:00Z,22.4,19.7
2016-11-06T00:00:00Z,22.9,20.4
2016-11-07T00:00:00Z,22.3,18.9
2016-11-08T00:00:00Z,24.8,22.8
2016-11-09T00:00:00Z,24.2,21.4
2016-11-10T00:00:00Z,31,29.4
2016-11-11T00:00:00Z,34,32.7
2016-11-12T00:00:00Z,29.6,27.7
2016-11-13T00:00:00Z,25.3,22.3
2016-11-14T00:00:00Z,22.4,19.7
2016-11-15T00:00:00Z,21.3,18.4
2016-11-16T00:00:00Z,40.5,41.2
2016-11-17T00:00:00Z,56.8,58.5
2016-11-18T00:00:00Z,72,68.8
2016-11-19T00:00:00Z,85.6,84.7
2016-11-20T00:00:00Z,65.4,65.4
2016-11-21T00:00:00Z,56.8,56.5
2016-11-22T00:00:00Z,47.7,47.7
2016-11-23T00:00:00Z,41.4,39.4
2016-11-24T00:00:00Z,34.1,33.3
2016-11-25T00:00:00Z,30.6,28
2016-11-26T00:00:00Z,30.2,28.4
2016-11-27T00:00:00Z,28.3,26.5
2016-11-28T00:00:00Z,24.9,21.5
2016-11-29T00:00:00Z,26.3,22.8
2016-11-30T00:00:00Z,25.2,22.7
2016-12-01T00:00:00Z,22.8,19
2016-12-02T00:00:00Z,26,23.2
2016-12-03T00:00:00Z,31.3,28.5
2016-12-04T00:00:00Z,26,23.1
2016-12-05T00:00:00Z,23.1,19.6
2016-12-06T00:00:00Z,23.3,20.7
2016-12-07T00:00:00Z,23.3,20.1
2016-12-08T00:00:00Z,23.8,20.8
2016-12-09T00:00:00Z,25.2,22.4
2016-12-10T00:00:00Z,24.6,21.5
2016-12-11T00:00:00Z,25.1,23.5
2016-12-12T00:00:00Z,28.3,25.7
2016-12-13T00:00:00Z,26.3,23.4
2016-12-14T00:00:00Z,23,20.3
2016-12-15T00:00:00Z,24.6,20.9
2016-12-16T00:00:00Z,23.3,19.8
2016-12-17T00:00:00Z,20.6,18
2016-12-18T00:00:00Z,23.7,19.5
2016-12-19T00:00:00Z,23.2,19.9
2016-12-20T00:00:00Z,22.2,18.8
2016-12-21T00:00:00Z,24.2,21.8
2016-12-22T00:00:00Z,27.3,25
2016-12-23T00:00:00Z,26.7,25.3
2016-12-24T00:00:00Z,23.1,21.8
2016-12-25T00:00:00Z,24.1,22.2
2016-12-26T00:00:00Z,31.7,30.1
2016-12-27T00:00:00Z,35.7,35.4
2016-12-28T00:00:00Z,31.2,30
2016-12-29T00:00:00Z,28.9,26.8
2016-12-30T00:00:00Z,31.6,29.4
2016-12-31T00:00:00Z,27.9,26.2
2017-01-01T00:00:00Z,26.3,23.4
2017-01-02T00:00:00Z,26.2,25.1
2017-01-03T00:00:00Z,28,25.8
2017-01-04T00:00:00Z,32.5,31.2
2017-01-05T00:00:00Z,37.9,37.6
2017-01-06T00:00:00Z,27,23.6
2017-01-07T00:00:00Z,24.1,21.8
2017-01-08T00:00:00Z,29.2,26.4
2017-01-09T00:00:00Z,29.6,29.3
2017-01-10T00:00:00Z,27.9,25.8
2017-01-11T00:00:00Z,31.3,30.2
2017-01-12T00:00:00Z,39.9,39.8
2017-01-13T00:00:00Z,57.3,59.5
2017-01-14T00:00:00Z,63.4,64.9
2017-01-15T00:00:00Z,52.8,53.4
2017-01-16T00:00:00Z,43,42.5
2017-01-17T00:00:00Z,36.7,36.7
2017-01-18T00:00:00Z,34.2,32.6
2017-01-19T00:00:00Z,36.5,33.8
2017-01-20T00:00:00Z,33.2,33.3
2017-01-21T00:00:00Z,30.1,27.4
2017-01-22T00:00:00Z,27.2,25.2
2017-01-23T00:00:00Z,27.5,25.3
2017-01-24T00:00:00Z,30.9,27.3
2017-01-25T00:00:00Z,32.4,30.8
2017-01-26T00:00:00Z,27.5,25
2017-01-27T00:00:00Z,24.5,22
2017-01-28T00:00:00Z,27.1,24.8
2017-01-29T00:00:00Z,23.9,22
2017-01-30T00:00:00Z,30,28.4
2017-01-31T00:00:00Z,42.3,40.5
2017-02-01T00:00:00Z,47.6,46.3
2017-02-02T00:00:00Z,38.9,37.3
2017-02-03T00:00:00Z,44.2,42.1
2017-02-04T00:00:00Z,53.1,52.7
2017-02-05T00:00:00Z,67.9,63.2
2017-02-06T00:00:00Z,68.4,64.5
2017-02-07T00:00:00Z,60.6,58.9
2017-02-08T00:00:00Z,51.2,49.4
2017-02-09T00:00:00Z,45.4,43.1
2017-02-10T00:00:00Z,41.5,40.5
2017-02-11T00:00:00Z,37.2,35.9
2017-02-12T00:00:00Z,32.6,30.8
2017-02-13T00:00:00Z,33.1,31.8
2017-02-14T00:00:00Z,29.5,26.3
2017-02-15T00:00:00Z,27.4,25.2
2017-02-16T00:00:00Z,26.1,23.9
2017-02-17T00:00:00Z,28.5,26.7
2017-02-18T00:00:00Z,32.7,30.1
2017-02-19T00:00:00Z,29.2,27.2
2017-02-20T00:00:00Z,30.1,28.7
2017-02-21T00:00:00Z,40,40.1
2017-02-22T00:00:00Z,55,53.6
2017-02-23T00:00:00Z,196,195
2017-02-24T00:00:00Z,274,284
2017-02-25T00:00:00Z,204,220
2017-02-26T00:00:00Z,146,154
2017-02-27T00:00:00Z,114,121
2017-02-28T00:00:00Z,107,111
2017-03-01T00:00:00Z,109,112
2017-03-02T00:00:00Z,138,138
2017-03-03T00:00:00Z,153,156
2017-03-04T00:00:00Z,140,144
2017-03-05T00:00:00Z,119,125
2017-03-06T00:00:00Z,112,117
2017-03-07T00:00:00Z,117,117
2017-03-08T00:00:00Z,127,133
2017-03-09T00:00:00Z,168,175
2017-03-10T00:00:00Z,154,161
2017-03-11T00:00:00Z,134,141
2017-03-12T00:00:00Z,111,113
2017-03-13T00:00:00Z,99.4,102
2017-03-14T00:00:00Z,83.2,82.8
2017-03-15T00:00:00Z,64.2,64.6
2017-03-16T00:00:00Z,59.1,58.9
2017-03-17T00:00:00Z,55.7,55.2
2017-03-18T00:00:00Z,69.8,69.4
2017-03-19T00:00:00Z,110,116
2017-03-20T00:00:00Z,108,115
2017-03-21T00:00:00Z,104,110
2017-03-22T00:00:00Z,98.8,104
2017-03-23T00:00:00Z,86.8,89.1
2017-03-24T00:00:00Z,76.5,76.9
2017-03-25T00:00:00Z,61.9,60.6
2017-03-26T00:00:00Z,57.2,56.4
2017-03-27T00:00:00Z,52,49.8
2017-03-28T00:00:00Z,47.1,46
2017-03-29T00:00:00Z,41.1,39.3
2017-03-30T00:00:00Z,39.2,36.7
2017-03-31T00:00:00Z,35.7,34.9
2017-04-01T00:00:00Z,34.4,34.5
2017-04-02T00:00:00Z,33.6,33.4
2017-04-03T00:00:00Z,32.8,32.9
2017-04-04T00:00:00Z,29.8,30.2
2017-04-05T00:00:00Z,28.7,29.5
2017-04-06T00:00:00Z,27.7,28.8
2017-04-07T00:00:00Z,26.3,28.2
2017-04-08T00:00:00Z,25.5,27
2017-04-09T00:00:00Z,25.9,27.8
2017-04-10T00:00:00Z,24.3,26.4
2017-04-11T00:00:00Z,25,27.9
2017-04-12T00:00:00Z,24.9,27.7
2017-04-13T00:00:00Z,25,27.1
2017-04-14T00:00:00Z,25.9,28.7
2017-04-15T00:00:00Z,23.3,26.6
2017-04-16T00:00:00Z,26,29.2
2017-04-17T00:00:00Z,31.9,32.3
2017-04-18T00:00:00Z,35.6,35.2
2017-04-19T00:00:00Z,29.3,30.3
2017-04-20T00:00:00Z,24.7,26.6
2017-04-21T00:00:00Z,23.8,27.1
2017-04-22T00:00:00Z,24.6,27.3
2017-04-23T00:00:00Z,27,29.1
2017-04-24T00:00:00Z,23.9,27.1
2017-04-25T00:00:00Z,26,28.5
2017-04-26T00:00:00Z,24.6,27.4
2017-04-27T00:00:00Z,24.5,27.3
2017-04-28T00:00:00Z,22.6,25.4
2017-04-29T00:00:00Z,22.2,24.7
2017-04-30T00:00:00Z,24,26.1
2017-05-01T00:00:00Z,21.4,24.6
2017-05-02T00:00:00Z,30.1,31.3
2017-05-03T00:00:00Z,37.4,36.7
2017-05-04T00:00:00Z,28.5,29
2017-05-05T00:00:00Z,24.8,26.9
2017-05-06T00:00:00Z,22.4,24.4
2017-05-07T00:00:00Z,24.5,26.3
2017-05-08T00:00:00Z,21.7,24.7
2017-05-09T00:00:00Z,24.9,27
2017-05-10T00:00:00Z,21.2,23.6
2017-05-11T00:00:00Z,22.2,23.9
2017-05-12T00:00:00Z,22.7,25.2
2017-05-13T00:00:00Z,25.9,27.9
2017-05-14T00:00:00Z,22.3,23.8
2017-05-15T00:00:00Z,27.5,30.4
2017-05-16T00:00:00Z,21.7,21.9
2017-05-17T00:00:00Z,23.4,24.4
2017-05-18T00:00:00Z,26.7,26.8
2017-05-19T00:00:00Z,34.2,39.2
2017-05-20T00:00:00Z,48.6,55.1
2017-05-21T00:00:00Z,28.8,28.9
2017-05-22T00:00:00Z,28.7,28.8
2017-05-23T00:00:00Z,26,25.4
2017-05-24T00:00:00Z,22.7,21.3
2017-05-25T00:00:00Z,22.5,21.6
2017-05-26T00:00:00Z,23.6,24.5
2017-05-27T00:00:00Z,19.5,18
2017-05-28T00:00:00Z,25.3,25.2
2017-05-29T00:00:00Z,26.3,25.8
2017-05-30T00:00:00Z,20.9,22.2
2017-05-31T00:00:00Z,22.3,19.6
2017-06-01T00:00:00Z,21.7,19.5
2017-06-02T00:00:00Z,22.7,19.3
2017-06-03T00:00:00Z,32.5,32.4
2017-06-04T00:00:00Z,38.2,41.8
2017-06-05T00:00:00Z,30.7,30.4
2017-06-06T00:00:00Z,24.8,22.5
2017-06-07T00:00:00Z,24.8,22.9
2017-06-08T00:00:00Z,23.1,20.6
2017-06-09T00:00:00Z,21.8,19.6
2017-06-10T00:00:00Z,26.7,23.2
2017-06-11T00:00:00Z,20.1,17.4
2017-06-12T00:00:00Z,22,18.4
2017-06-13T00:00:00Z,21.5,18.5
2017-06-14T00:00:00Z,20,19
2017-06-15T00:00:00Z,21.1,18.9
2017-06-16T00:00:00Z,29.5,27.9
2017-06-17T00:00:00Z,20.5,18.5
2017-06-18T00:00:00Z,21.3,19.1
2017-06-19T00:00:00Z,20.6,17.4
2017-06-20T00:00:00Z,20.7,20.5
2017-06-21T00:00:00Z,20.2,18
2017-06-22T00:00:00Z,23.6,23.3
2017-06-23T00:00:00Z,26.3,26.9
2017-06-24T00:00:00Z,25.3,25.2
2017-06-25T00:00:00Z,22.4,19.3
2017-06-26T00:00:00Z,25.5,24.3
2017-06-27T00:00:00Z,23.3,22.5
2017-06-28T00:00:00Z,22.3,26.5
2017-06-29T00:00:00Z,24.9,23.4
2017-06-30T00:00:00Z,22.2,17.7
2017-07-01T00:00:00Z,23.4,21.4
2017-07-02T00:00:00Z,24.3,20.4
2017-07-03T00:00:00Z,22.2,17.5
2017-07-04T00:00:00Z,18.5,13.5
2017-07-05T00:00:00Z,20.1,16.2
2017-07-06T00:00:00Z,21.2,18.5
2017-07-07T00:00:00Z,27.5,27.8
2017-07-08T00:00:00Z,20.1,18.6
2017-07-09T00:00:00Z,20.8,18.7
2017-07-10T00:00:00Z,25.5,20.8
2017-07-11T00:00:00Z,29.3,27.4
2017-07-12T00:00:00Z,34.4,37.2
2017-07-13T00:00:00Z,36.6,37.9
2017-07-14T00:00:00Z,22.3,21.3
2017-07-15T00:00:00Z,23.8,19.4
2017-07-16T00:00:00Z,19.3,15.4
2017-07-17T00:00:00Z,24.2,18.3
2017-07-18T00:00:00Z,22.8,21.9
2017-07-19T00:00:00Z,23.7,20.3
2017-07-20T00:00:00Z,34.4,40.7
2017-07-21T00:00:00Z,25.1,22.7
2017-07-22T00:00:00Z,26,20.3
2017-07-23T00:00:00Z,37.5,41
2017-07-24T00:00:00Z,29.7,28.2
2017-07-25T00:00:00Z,55.4,53.8
2017-07-26T00:00:00Z,150,169
2017-07-27T00:00:00Z,96.8,112
2017-07-28T00:00:00Z,67.7,72.1
2017-07-29T00:00:00Z,49.8,50.5
2017-07-30T00:00:00Z,40.5,41.3
2017-07-31T00:00:00Z,34.2,35.1
2017-08-01T00:00:00Z,30.5,30.9
2017-08-02T00:00:00Z,33.4,33.2
2017-08-03T00:00:00Z,31.9,29.8
2017-08-04T00:00:00Z,23.4,18.1
2017-08-05T00:00:00Z,42.6,42
2017-08-06T00:00:00Z,38.5,36.9
2017-08-07T00:00:00Z,23.4,19.9
2017-08-08T00:00:00Z,23.9,22.8
2017-08-09T00:00:00Z,22.9,19.3
2017-08-10T00:00:00Z,22.2,20.5
2017-08-11T00:00:00Z,39.5,40
2017-08-12T00:00:00Z,111,102
2017-08-13T00:00:00Z,106,112
2017-08-14T00:00:00Z,85.6,88
2017-08-15T00:00:00Z,71.1,75.6
2017-08-16T00:00:00Z,56.3,59.6
2017-08-17T00:00:00Z,54.5,57.2
2017-08-18T00:00:00Z,52.9,49.6
2017-08-19T00:00:00Z,87.4,85.9
2017-08-20T00:00:00Z,86.5,87.3
2017-08-21T00:00:00Z,69.8,68.2
2017-08-22T00:00:00Z,58.6,59.3
2017-08-23T00:00:00Z,52,57.3
2017-08-24T00:00:00Z,42.3,45.9
2017-08-25T00:00:00Z,36.9,37.4
2017-08-26T00:00:00Z,34.2,37.1
2017-08-27T00:00:00Z,30.5,31.1
2017-08-28T00:00:00Z,28.2,28.2
2017-08-29T00:00:00Z,24.7,24.8
2017-08-30T00:00:00Z,23.9,22.8
2017-08-31T00:00:00Z,44.8,46.6
2017-09-01T00:00:00Z,38,38.3
2017-09-02T00:00:00Z,45.3,49.9
2017-09-03T00:00:00Z,37.9,42.6
2017-09-04T00:00:00Z,30.3,30.1
2017-09-05T00:00:00Z,27.8,27.6
2017-09-06T00:00:00Z,27.4,26.9
2017-09-07T00:00:00Z,29.3,30.2
2017-09-08T00:00:00Z,27.9,30.2
2017-09-09T00:00:00Z,63.6,73.4
2017-09-10T00:00:00Z,63.1,70.7
2017-09-11T00:00:00Z,46.6,52.4
2017-09-12T00:00:00Z,44.8,47.9
2017-09-13T00:00:00Z,55.1,57.4
2017-09-14T00:00:00Z,61.9,70.5
2017-09-15T00:00:00Z,94.9,103
2017-09-16T00:00:00Z,94.4,102
2017-09-17T00:00:00Z,85.2,95.2
2017-09-18T00:00:00Z,80.2,86.1
2017-09-19T00:00:00Z,84.4,90.4
2017-09-20T00:00:00Z,72.4,80.4
2017-09-21T00:00:00Z,58.9,63
2017-09-22T00:00:00Z,56.9,62.8
2017-09-23T00:00:00Z,51.2,55.8
2017-09-24T00:00:00Z,45.1,49.7
2017-09-25T00:00:00Z,41.1,43.1
2017-09-26T00:00:00Z,40.7,43.6
2017-09-27T00:00:00Z,44.8,50.3
2017-09-28T00:00:00Z,40.4,43.7
2017-09-29T00:00:00Z,34.4,36.5
2017-09-30T00:00:00Z,49.5,52.3
2017-10-01T00:00:00Z,78.7,88
2017-10-02T00:00:00Z,55.9,62.7
2017-10-03T00:00:00Z,59.4,65.3
2017-10-04T00:00:00Z,60.7,65
2017-10-05T00:00:00Z,62.3,68.6
2017-10-06T00:00:00Z,79.5,86
2017-10-07T00:00:00Z,79.2,84.7
2017-10-08T00:00:00Z,126,129
2017-10-09T00:00:00Z,147,154
2017-10-10T00:00:00Z,127,137
2017-10-11T00:00:00Z,111,121
2017-10-12T00:00:00Z,104,112
2017-10-13T00:00:00Z,91.2,98.2
2017-10-14T00:00:00Z,79.5,84.8
2017-10-15T00:00:00Z,69.9,75.4
2017-10-16T00:00:00Z,62.3,65.8
2017-10-17T00:00:00Z,64.1,69.7
2017-10-18T00:00:00Z,53,54.5
2017-10-19T00:00:00Z,50.4,54.7
2017-10-20T00:00:00Z,47.1,51
2017-10-21T00:00:00Z,49.4,51.1
2017-10-22T00:00:00Z,45.1,47.2
2017-10-23T00:00:00Z,49.4,52.6
2017-10-24T00:00:00Z,42,40.6
2017-10-25T00:00:00Z,38.4,38.9
2017-10-26T00:00:00Z,39.4,38.6
2017-10-27T00:00:00Z,39.8,40
2017-10-28T00:00:00Z,36.4,35.5
2017-10-29T00:00:00Z,52.7,58.7
2017-10-30T00:00:00Z,62.3,66.3
2017-10-31T00:00:00Z,58,61.3
2017-11-01T00:00:00Z,57.2,60.3
2017-11-02T00:00:00Z,53.9,58.6
2017-11-03T00:00:00Z,49.1,51.2
2017-11-04T00:00:00Z,43.9,47.4
2017-11-05T00:00:00Z,60.6,63.4
2017-11-06T00:00:00Z,78.1,81.9
2017-11-07T00:00:00Z,62.9,67.9
2017-11-08T00:00:00Z,62.6,64.2
2017-11-09T00:00:00Z,60.2,62.4
2017-11-10T00:00:00Z,61,66.1
2017-11-11T00:00:00Z,64.7,70.6
2017-11-12T00:00:00Z,64,68.1
2017-11-13T00:00:00Z,71.8,75.7
2017-11-14T00:00:00Z,73.4,74.6
2017-11-15T00:00:00Z,77.7,82.4
2017-11-16T00:00:00Z,71.2,74.5
2017-11-17T00:00:00Z,76.8,79
2017-11-18T00:00:00Z,71,76.2
2017-11-19T00:00:00Z,76.1,77.7
2017-11-20T00:00:00Z,73.6,78.7
2017-11-21T00:00:00Z,116,122
2017-11-22T00:00:00Z,189,195
2017-11-23T00:00:00Z,203,224
2017-11-24T00:00:00Z,213,231
2017-11-25T00:00:00Z,208,238
2017-11-26T00:00:00Z,175,191
2017-11-27T00:00:00Z,167,186
2017-11-28T00:00:00Z,219,238
2017-11-29T00:00:00Z,218,232
2017-11-30T00:00:00Z,188,201
2017-12-01T00:00:00Z,161,175
2017-12-02T00:00:00Z,137,149
2017-12-03T00:00:00Z,123,137
2017-12-04T00:00:00Z,118,128
2017-12-05T00:00:00Z,121,131
2017-12-06T00:00:00Z,111,121
2017-12-07T00:00:00Z,109,120
2017-12-08T00:00:00Z,137,151
2017-12-09T00:00:00Z,134,151
2017-12-10T00:00:00Z,131,146
2017-12-11T00:00:00Z,156,174
2017-12-12T00:00:00Z,209,220
2017-12-13T00:00:00Z,232,257
2017-12-14T00:00:00Z,332,373
2017-12-15T00:00:00Z,299,350
2017-12-16T00:00:00Z,241,268
2017-12-17T00:00:00Z,199,223
2017-12-18T00:00:00Z,181,205
2017-12-19T00:00:00Z,161,179
2017-12-20T00:00:00Z,162,183
2017-12-21T00:00:00Z,175,190
2017-12-22T00:00:00Z,201,215
2017-12-23T00:00:00Z,218,234
2017-12-24T00:00:00Z,213,233
2017-12-25T00:00:00Z,206,224
2017-12-26T00:00:00Z,184,206
2017-12-27T00:00:00Z,160,180
2017-12-28T00:00:00Z,144,162
2017-12-29T00:00:00Z,120,137
2017-12-30T00:00:00Z,118,132
2017-12-31T00:00:00Z,147,159
