datum,r_essenruhrhaus,r_essensteele,r_hattingen,r_essenbrw,r_poertingsiepen,r_hattingenstade,r_langenberg
2014-05-01,16.19,15.54,3.9,28.16,19.76,6.43,13.75
2014-05-02,0.19,0.15,0.3,0.09,0.19,0.18,0.73
2014-05-03,0,0,0,0,0,0,0
2014-05-04,0,0,0,0,0,0,0
2014-05-05,0,0,0,0,0,0,0
2014-05-06,15.84,20.19,10.9,21.15,16.35,11.57,13.41
2014-05-07,2.07,1.12,1.3,1.64,1,1.04,1.88
2014-05-08,9.92,10.79,9.2,9.89,9.59,8.3,10.65
2014-05-09,13.98,15.75,12.3,13.91,10.24,14.32,7.96
2014-05-10,6.68,5.94,5.6,6.18,6.29,5.03,8.1
2014-05-11,1.32,2.82,1.8,2.89,1.82,1.43,2.35
2014-05-12,13.63,12.5,8.6,11.25,7.59,11.87,10.65
2014-05-13,1.02,0.95,3.7,1.93,1.69,0.4,4.22
2014-05-14,0,0.64,7.1,2.19,0.86,2.96,2.55
2014-05-15,0,0,0,0,0,0,0
2014-05-16,0,0.03,0,0,0,0,0.03
2014-05-17,0,0,0,0,0,0,0
2014-05-18,0,0,0,0,0,0,0
2014-05-19,0,0.03,0,0,0,0,0
2014-05-20,0,0,0,0,0,0,0
2014-05-21,0,0,0,0,0,0,0
2014-05-22,6.07,6.24,7.4,4.97,6.68,9.29,8.87
2014-05-23,0.99,0.92,1.8,4.45,1.12,2.94,2.15
2014-05-24,0,0,0,0,0,0,0.03
2014-05-25,0,0,0,0,0,0,0
2014-05-26,11.73,12.69,13.7,14.52,17.09,12.58,20.35
2014-05-27,8.2,7.7,10,6.87,9.02,7.66,18.23
2014-05-28,6.29,5.38,6.3,7.49,5.72,4.51,3.95
2014-05-29,1.68,1.36,2.2,1.91,3.07,1.03,2.16
2014-05-30,0,0,0,0,0,0,0
2014-05-31,0,0,0,0.03,0,0,0
2014-06-01,0,0,0,0,0,0,0
2014-06-02,0,0,0,0,0,0,0
2014-06-03,0,0,0,0.18,0,0,0
2014-06-04,5,4.1,4.3,5.23,7.3,5.11,6.12
2014-06-05,1.48,1.78,1,2.24,3.43,1.95,1.23
2014-06-06,0,0,0,0,0,0,0
2014-06-07,0,0,0,0.01,0,0,0
2014-06-08,0.89,0.82,1.1,0.84,0.54,1.26,0.73
2014-06-09,30.85,31.61,26.3,33.44,27.04,26.92,10.26
2014-06-10,6.84,7.21,7.6,6.6,7.37,10.65,11.1
2014-06-11,0,0,0,0.01,0.03,0,0
2014-06-12,0,0,0,0.02,0,0,0
2014-06-13,0,0,0,0.02,0,0,0
2014-06-14,0,0,0.1,0,0,0,0
2014-06-15,0,0,0,0,0,0,0
2014-06-16,0.25,0,0,0.24,0.03,0,0.18
2014-06-17,0,0,0.1,0.02,0,0,0
2014-06-18,0,0,0,0.03,0,0,0
2014-06-19,0.87,1.05,1.6,1.51,0.15,0.82,1.52
2014-06-20,0.47,0.09,0.1,2.65,0.29,0.07,0.61
2014-06-21,0,0,0,0,0,0,0
2014-06-22,0,0,0,0,0,0,0
2014-06-23,0,0,0,0.02,0,0,0
2014-06-24,0,0.89,2.8,0.88,0,2.3,0
2014-06-25,0,0,0,0.01,0,0,0.03
2014-06-26,0,0,0,0.21,0,0,0
2014-06-27,5.1,4.09,4.2,6.37,2.39,2.81,4.82
2014-06-28,12.02,13.49,12.7,10.86,8.27,11.64,13.73
2014-06-29,12.99,12.16,5.1,3.69,14.66,5.4,9.61
2014-06-30,3.64,1.82,3.3,0.76,0.73,2.09,3.75
2014-07-01,0,0,0,0,0,0,0
2014-07-02,0,0,0,0,0,0,0
2014-07-03,0,0,0,0,0,0,0
2014-07-04,0.16,0.03,0,0.4,0,0,0
2014-07-05,13.05,6.66,4.8,13.38,10.35,9.7,4.78
2014-07-06,1.29,1.91,5.5,2.93,0.7,1.37,3.24
2014-07-07,6.03,5.86,6.3,6.57,5.35,5.23,6.78
2014-07-08,30.67,28.29,36.8,36.52,34.16,29.25,39.22
2014-07-09,40.32,39.64,30.7,45.1,51.38,31.6,29.24
2014-07-10,0.25,1.06,2.6,2.04,4.12,2.73,4.1
2014-07-11,0.28,0.13,1.8,0.32,0,1.84,0.25
2014-07-12,0.04,0.51,0,0.06,0,2.1,0.05
2014-07-13,0.55,0.31,1.4,1.04,0.58,1.03,5.55
2014-07-14,0.67,0.29,2.6,0.2,0,0.07,0.62
2014-07-15,0,0,0,0.03,0,0,0
2014-07-16,0,0,0,0,0,0,0
2014-07-17,0,0,0,0,0,0,0
2014-07-18,0,0,0,0,0,0,0
2014-07-19,0,0,0.1,0.16,0.09,0.22,0.03
2014-07-20,28.67,29.74,12.1,12.92,50.37,36.5,34.71
2014-07-21,10.01,9.43,18.3,10.02,11.01,13.25,12.84
2014-07-22,0,0,0,0,0,0,0
2014-07-23,0,0,0,0,0,0,0
2014-07-24,0,0,0,0,0,0,0
2014-07-25,0.09,0.06,0.2,0,0,0,0
2014-07-26,0,0,0,0,0,0,0
2014-07-27,0,0,0.1,0.03,0.06,0,0
2014-07-28,28.82,1.94,40.6,1.22,10.72,5.16,4.32
2014-07-29,5.4,37.14,12.6,5.35,18.63,22.04,8.8
2014-07-30,0,0,0,0,0,0,0
2014-07-31,0,0,0,0,0,0,0
2014-08-01,0,0,0,0,0,0,0
2014-08-02,6.8,4.25,5.3,17.86,13.92,5.96,11.84
2014-08-03,17.16,11.93,10.9,14.41,17.34,10.57,15.3
2014-08-04,0.65,1.16,1.5,0.54,1.89,2.42,4.88
2014-08-05,0,0,0,0,0,0,0
2014-08-06,4.93,3.45,1.8,5.49,5.42,2.59,3.88
2014-08-07,0,0,0,0,0,0,0.09
2014-08-08,7.79,3.9,7.1,6.63,4.06,3.46,4.33
2014-08-09,0.04,0.1,0.5,0,0.64,1.02,0.43
2014-08-10,1.96,2.81,1.6,2.68,2.18,1.69,2.09
2014-08-11,1.34,0.62,0.6,1.24,0.59,0.17,0.95
2014-08-12,4.33,2.65,1.7,4.03,1.62,0.79,1.39
2014-08-13,0,0,0.5,0,1.94,1.97,0.74
2014-08-14,0.63,0.42,1.4,0.1,0.64,0.48,2.37
2014-08-15,9.86,13.08,15.2,14.17,10.46,17.64,30.08
2014-08-16,1.68,0.99,0.6,0.44,1.35,0.33,2.45
2014-08-17,0.28,0.17,1.8,0.71,0.67,0.28,2.49
2014-08-18,2.31,1.95,3.6,4.88,5.85,2.4,2.5
2014-08-19,4.96,3.57,7,4.06,4.53,3.77,6.63
2014-08-20,4.02,2.45,0.2,2.88,1.43,2.34,0.87
2014-08-21,0.06,0,0.1,0.03,0.19,0.27,0.3
2014-08-22,3.3,3.82,2.3,3.85,3.1,2.46,3.16
2014-08-23,0.61,0.58,1.2,0,1.87,3.6,0
2014-08-24,0.75,0.22,0.3,0.32,0.34,0.27,0.2
2014-08-25,13.83,13.74,15.2,14.41,14.77,14.64,14.99
2014-08-26,8.24,7.9,9.9,8.13,8.34,7.93,9.72
2014-08-27,0,0,0,0,0.03,0,0
2014-08-28,0.76,0.48,0.5,1.31,0.44,0.41,0.77
2014-08-29,0.79,1.61,0.6,1.52,0.55,0.44,0.61
2014-08-30,4,4.37,4.1,4.7,4.72,4.73,4.55
2014-08-31,0.27,1.89,3.2,3.18,2.36,5.24,5.59
2014-09-01,0,0,0,0,0,0,0
2014-09-02,0,0,0,0,0,0,0
2014-09-03,0,0,0,0,0,0,0
2014-09-04,0,0,0,0,0,0,0
2014-09-05,0,0,0,0,0,0,0
2014-09-06,0,0,0.5,0,0.06,0.03,0.99
2014-09-07,0,0,0,0,0,0,0
2014-09-08,0,0,0,0,0,0,0
2014-09-09,0,0,0,0,0,0,0
2014-09-10,0,0,0,0,0,0,0.56
2014-09-11,0,0,0,0,0,0,0
2014-09-12,0,0,0,0,0,0,0
2014-09-13,0,0,0,0,0,0,0
2014-09-14,0,0,0,0,0,0.03,0
2014-09-15,0,0,0,0,0,0,0
2014-09-16,0,0,0,0,0,0,0
2014-09-17,0,0,0,0,0,0,0
2014-09-18,37.46,29.62,24.8,18.61,22.45,26.7,17.4
2014-09-19,0,0.39,0,0,0.03,0,0
2014-09-20,5.38,11.26,6.2,8.37,3.58,8.78,2.5
2014-09-21,4.81,4.37,10.2,2.54,4.34,9.56,3.39
2014-09-22,1.06,0.63,2.8,1.65,1.78,5.25,0.92
2014-09-23,0,0,0,0,0,0,0
2014-09-24,5.99,6.59,10.5,7.85,9.67,8.3,11.23
2014-09-25,0.28,0.35,0.4,0.16,0.28,0.22,0.44
2014-09-26,1.07,1.18,1.2,1.43,0.92,0.79,0.82
2014-09-27,0,0,0,0,0,0,0
2014-09-28,0,0,0,0,0,0,0
2014-09-29,0.79,0.96,1.8,1.22,0.97,1.34,2.64
2014-09-30,1.52,1.42,0.9,1.29,0.58,0.62,1.51
2014-10-01,0,0,0,0,0.03,0,0
2014-10-02,0,0,0,0,0,0,0
2014-10-03,0,0,0,0,0,0,0
2014-10-04,0.12,0,0,0,0,0,0
2014-10-05,0.57,0.83,0.8,0.27,1.93,0.06,0.63
2014-10-06,2.59,2.09,2.5,2.2,2.35,1.76,3.28
2014-10-07,11.84,13.83,12.7,9.31,14.5,10.28,8.42
2014-10-08,13.71,13.15,15,14.66,14.77,11.65,17.78
2014-10-09,3.65,4.01,0.7,2.4,0.31,0.46,0.78
2014-10-10,0,0,0,0,0,0,0
2014-10-11,2.9,1.76,4.4,1.14,2.11,0.75,1.13
2014-10-12,2.08,1.33,1.7,2.12,1.44,1.53,1.77
2014-10-13,0.06,0.06,0,0,0,0,0
2014-10-14,0,0,0,0,0.03,0,0
2014-10-15,2.59,2.48,2,2.43,2.36,2.32,1.7
2014-10-16,7.54,7.69,8.8,8.23,8.11,8.33,5.42
2014-10-17,0.1,0.12,0.6,0.43,2.32,0.07,1.85
2014-10-18,0,0,0,0,0,0,0
2014-10-19,3.89,1.02,0.6,1.72,1.14,2.55,0.95
2014-10-20,0.18,1.05,0.4,2.29,1.43,0.63,0.23
2014-10-21,18.08,16.51,20.7,11.21,13.09,17.22,11.86
2014-10-22,4.21,4.74,3.7,3.84,4.4,5.13,4.76
2014-10-23,0.11,0.16,0.2,0,0,0,0
2014-10-24,0.8,0.54,0.3,0.77,0.55,0.37,0.32
2014-10-25,1.01,1.02,2,0.88,1.01,0.9,2.43
2014-10-26,0,0,0,0,0,0,0
2014-10-26,0,0,0,0,0,0,0
2014-10-27,0,0,0,0,0,0,0
2014-10-28,0,0,0,0.03,0,0,0
2014-10-29,0.77,0.62,0.6,0.38,0.32,0.44,0.32
2014-10-30,0,0,0,0,0,0,0
2014-10-31,0,0,0,0,0,0,0
2014-11-01,0,0,0,0,0,0,0
2014-11-02,5.66,3.14,6.7,2.68,3.88,4.23,4.74
2014-11-03,12.53,13.47,20.1,13.1,15.04,17.03,20.82
2014-11-04,1.2,1.3,6.1,1.34,1.75,2.56,4.81
2014-11-05,1.1,0.65,1.1,1.19,0.35,0.24,0.29
2014-11-06,0.32,0.23,1,0.4,0.54,0.19,1.14
2014-11-07,0.16,0.18,0.2,0.13,0.23,0.07,0.42
2014-11-08,0,0,0,0,0,0,0
2014-11-09,0.57,0.52,0.7,0.76,0.48,0.21,0.81
2014-11-10,0,0,0,0,0,0,0
2014-11-11,2.39,1.95,1.6,2.62,1.78,1.41,1.92
2014-11-12,0.21,0.3,0.4,0.24,0.21,0.15,0.24
2014-11-13,0,0.05,0,0,0,0,0
2014-11-14,0,0,0.1,0,0,0,0
2014-11-15,9.28,8.51,10.5,8.79,9.18,9.04,9.74
2014-11-16,7.11,7.23,7.8,7.14,6.6,6.6,6.23
2014-11-17,0.74,0.33,0.4,0.56,0.69,0.29,0.44
2014-11-18,0.12,0.03,0.3,0.06,0.06,0,0.09
2014-11-19,0,0,0,0,0,0,0
2014-11-20,0,0,0,0,0,0,0
2014-11-21,0,0,0,0,0,0,0
2014-11-22,0,0.03,0,0,0,0,0
2014-11-23,2.34,2.59,4.1,2.47,2.09,2.62,3.29
2014-11-24,0,0,0,0,0,0,0
2014-11-25,0,0,0,0,0,0,0
2014-11-26,0.35,0.7,0.4,0.03,0.65,0.41,1.06
2014-11-27,0.85,0.7,0.8,1.27,0.88,0.6,0.94
2014-11-28,0,0,0,0,0,0,0
2014-11-29,0,0,0,0,0,0,0
2014-11-30,0,0,0,0,0,0,0
2014-12-01,0,0,0,0,0,0,0
2014-12-02,0,0,0.1,0,0,0.03,0.09
2014-12-03,0,0,0,0,0,0.06,0
2014-12-04,0,0,0,0,0,0,0
2014-12-05,0,0,0,0,0,0,0
2014-12-06,0,0,0,0,0,0,0
2014-12-07,7.07,6.95,4.8,5.26,5.7,4.68,6.93
2014-12-08,4.5,3.9,3.8,5.43,5.35,3.67,3.76
2014-12-09,2.58,1.79,1.2,1.35,1.67,0.8,1.79
2014-12-10,3.12,2.78,2.7,3.44,3.53,2.36,3.5
2014-12-11,6.45,7.17,9.2,5.77,6.4,5.64,6.38
2014-12-12,19.43,21.26,24.1,17.2,17.31,20.17,19.35
2014-12-13,0,0,0,0,0,0,0
2014-12-14,0,0,0,0,0,0,0
2014-12-15,1.71,2.02,4.5,1.89,3.43,2.69,5.59
2014-12-16,0.47,0.43,0.2,0.82,0.5,0.17,1.42
2014-12-17,6.6,6.16,6.7,6.46,7.32,3.65,7.86
2014-12-18,1.68,2.23,3.1,1.4,0.92,1.17,3.22
2014-12-19,9.93,10.68,13.5,10.11,11.57,10.1,13.5
2014-12-20,3.54,3.97,4.1,4.9,6.28,3.76,4
2014-12-21,2.37,2.62,1.5,2.01,1.43,1.4,1.71
2014-12-22,1.38,1.58,2,0.9,0.83,1.05,1.37
2014-12-23,0.15,0.31,0.2,0.36,0.39,0.32,0.35
2014-12-24,8.97,10.05,9.8,8.41,8.8,8.51,8.4
2014-12-25,2.52,2.73,2.9,2.02,2.2,2.43,2.29
2014-12-26,1.6,1.38,1.4,2.58,1.82,1.11,2.08
2014-12-27,8.68,8.04,7.2,6.67,7.88,7.83,4.61
2014-12-28,2.18,2.28,1.8,3.67,2.86,2.14,1.2
2014-12-29,0.76,1.15,1.1,1.31,0.89,1.03,10.46
2014-12-30,0.6,0.76,0.6,0.56,0.68,0.35,0.9
2014-12-31,0.36,0.45,1.7,0.3,0.48,1.15,1.24
2015-01-01,4.1,5.5,4.7,4.58,6.04,4.7,5.53
2015-01-02,2.2,2.4,3.4,2.28,2.7,1.74,2.17
2015-01-03,4,4.2,4.4,4.27,4.96,4.09,4.71
2015-01-04,0,0,0,0,0,0,0
2015-01-05,0,0,0,0,0,0,0
2015-01-06,2.2,2.3,1.9,2.49,2.19,1.53,2.24
2015-01-07,2.6,3,2.5,3.29,3.3,1.99,2.9
2015-01-08,25.2,23.8,21.7,23.16,23.31,19.01,25.19
2015-01-09,8.5,8.9,10.3,7.73,8.64,8.19,7.96
2015-01-10,5.9,4.8,5.5,4.17,5.66,4.31,3.77
2015-01-11,2.2,2,2.1,1.94,1.75,1.76,2.12
2015-01-12,2.5,3.4,4,1.41,3.02,2.85,4.31
2015-01-13,7.3,8.2,9.3,6.51,8.96,7.45,9.41
2015-01-14,2.1,2.7,5,1.23,2.81,2.44,5.06
2015-01-15,10.7,8.2,8.7,5.43,8.21,6.2,8.24
2015-01-16,0.1,0.1,0,0.06,0.03,0,0.04
2015-01-17,0,0,0.1,0.03,0.03,0,0.13
2015-01-18,0.2,0.1,0,0.03,0.06,0,0.03
2015-01-19,0,0,0,0,0,0,0
2015-01-20,0,0,0.1,0,0,0,0
2015-01-21,0,0,0,0,0,0,0
2015-01-22,0,0,0,0,0,0,0
2015-01-23,0,0,0,0,0,0,0
2015-01-24,6.4,6.6,5.6,5.02,6.38,5.93,7.4
2015-01-25,3.3,2.8,3.8,5.03,3.8,2.7,3.81
2015-01-26,5.7,4.4,6,4.71,5.84,4.05,5.64
2015-01-27,0.6,0.3,0.8,1.4,0.8,0.32,0.8
2015-01-28,7.7,6.9,7.9,5.14,7.14,5.49,7.77
2015-01-29,7,5.4,6.9,4.36,5.24,4.3,5.94
2015-01-30,2.9,3.2,2.8,2.64,3.52,2.96,3.38
2015-01-31,0,0,0.3,0.23,0.08,0.67,0.22
2015-02-01,1.9,2,1.4,3.38,2.5,1.71,3.37
2015-02-02,2.2,1.6,3.4,1.8,2.24,2.34,2
2015-02-03,1.1,1.6,1.5,1.11,0.91,1.61,1.65
2015-02-04,0,0.1,0,0,0,0,0.12
2015-02-05,0,0,0,0,0,0,0
2015-02-06,0,0,0,0,0,0,0
2015-02-07,1,2.1,1.3,0.54,1.32,0.61,0.35
2015-02-08,0,0,0.6,0.43,0.18,0.15,0.12
2015-02-09,1.8,1.9,4.6,2.72,2.29,1.67,1.37
2015-02-10,0.2,0,0.3,0.12,0.06,0.23,0.09
2015-02-11,0,0,0,0,0,0,0
2015-02-12,0,0,0,0,0,0,0
2015-02-13,0,0.2,0,0,0,0,0
2015-02-14,0,0.1,0,0,0,0,0
2015-02-15,0,0,0,0,0,0,0
2015-02-16,0,0,0,0.03,0.03,0,0
2015-02-17,0.1,0.2,0.3,0.39,0.37,0.16,0.18
2015-02-18,0,0,0,0,0,0,0
2015-02-19,0,0,0,0,0,0,0
2015-02-20,13.3,9.8,14.7,10.07,13.43,9.74,15.89
2015-02-21,1.6,2.4,1.7,1.5,1.04,1.14,0.44
2015-02-22,8.1,5.6,10,3.6,8.09,6.67,8.57
2015-02-23,10.3,9.2,7.6,3.57,6.7,5.19,6.25
2015-02-24,7.8,7.7,5.2,5.38,4.66,4.59,1.71
2015-02-25,0.5,0.2,0.1,0.66,0.73,0.13,0.71
2015-02-26,9.9,10.6,11.3,10.75,9.9,10.65,11.27
2015-02-27,0.1,0.2,1.1,0.03,0.47,0.51,0.4
2015-02-28,2.2,1.9,1.9,1.7,2.53,1.28,3.32
2015-03-01,1,0.8,1.6,1.67,1.34,1.03,2.77
2015-03-02,2.4,2.4,2.5,1.57,2.39,1.65,2.35
2015-03-03,3,3.3,2.9,2.89,4.35,2.15,2.83
2015-03-04,0.6,0.7,0.1,1.79,1.9,0.15,0.81
2015-03-05,0,0,0,0,0,0,0
2015-03-06,0,0,0,0.15,0,0,0
2015-03-07,0,0,0,0,0.03,0,0
2015-03-08,0,0.1,0,0.24,0.09,0,0
2015-03-09,0.2,0.3,0.3,0.45,0.24,0.25,0.22
2015-03-10,0.3,0.3,0.5,0.55,0.34,0.46,0.18
2015-03-11,0,0,0,0,0,0,0
2015-03-12,0,0,0,0,0,0,0
2015-03-13,0,0,0,0,0,0,0
2015-03-14,0.4,0.4,0.9,0.67,0.39,0.24,0.37
2015-03-15,0,0,0,0.03,0,0,0.06
2015-03-16,0,0,0,0,0,0,0
2015-03-17,0,0,0,0,0,0,0
2015-03-18,0,0,0,0,0,0,0
2015-03-19,0,0,0,0,0,0,0
2015-03-20,2,2.2,1.9,2.56,2.05,1.77,1.79
2015-03-21,7,5.7,3.3,6.09,7.26,3.84,4.61
2015-03-22,0,0,0,0,0,0,0
2015-03-23,0,0,0,0,0,0,0
2015-03-24,0,0.1,0.1,0.12,0.1,0.24,0.31
2015-03-25,0.4,0.4,0,1.11,0.52,0.18,0.15
2015-03-26,2.1,1.5,1,1.97,2.18,1.31,3.12
2015-03-27,0.7,0.6,0.5,0.3,0.41,0.35,0
2015-03-28,4.2,4.2,4.5,4.83,5.63,3.9,7.09
2015-03-30,14.9,18.4,19.4,15.65,17.83,14.96,16.12
2015-03-31,5.3,3.4,5.9,3.76,4.37,3.99,2.64
2015-04-01,11.6,14.6,16.4,9.68,11.71,13.49,10.22
2015-04-02,1.5,0.6,0.7,0.5,1.6,0.96,0.44
2015-04-03,0,0,0,0,0,0,0
2015-04-04,0.1,0,0.1,0.06,0,0,0.12
2015-04-05,0,0,0,0,0,0,0
2015-04-06,0.7,0.8,0.6,0.51,0.55,0.92,0.72
2015-04-07,0,0,0,0,0,0,0
2015-04-08,0,0,0,0,0,0,0
2015-04-09,0,0,0,0,0,0,0
2015-04-10,0,0,0,0,0,0,0
2015-04-11,0.7,1.8,0.2,0.51,0.12,0.3,0.37
2015-04-12,0,0,0,0.09,0.06,0,0
2015-04-13,0,0,0,0,0,0,0
2015-04-14,0,0,0,0,0,0,0
2015-04-15,0,0,0,0,0,0,0
2015-04-16,0,0,0,0,0,0,0
2015-04-17,0,0,0,0,0,0,0
2015-04-18,0,0,0,0,0,0,0
2015-04-19,0,0,0,0,0,0,0.07
2015-04-20,0,0,0,0,0,0,0
2015-04-21,0,0,0,0,0,0,0
2015-04-22,0,0,0,0,0,0,0
2015-04-23,0,0,0,0,0,0,0
2015-04-24,0.6,1.2,0.1,0.95,0.4,0.43,0.34
2015-04-25,3,2.4,2.3,3.67,4.07,1.8,2.8
2015-04-26,15,12.4,9.7,13.14,7.81,7.75,14.48
2015-04-27,0.4,0.1,0.1,0,0,0,0.06
2015-04-28,0,0,0.2,0,0,0.33,0
2015-04-29,0.3,0.5,2.1,0.27,0.69,0.67,1.61
2015-04-30,0.9,3.6,0.3,3.86,1.66,0.77,0.62
2015-05-01,0,0,0,0,0,0,0
2015-05-02,0,0.3,0,0,0,0,0
2015-05-03,6.5,7.4,7.2,8.47,6.79,6,7.76
2015-05-04,3.5,3.9,3.5,3.56,2.24,2.34,3.19
2015-05-05,0.9,1.2,3.6,0.31,2.88,2.86,3.43
2015-05-06,0.3,0.4,2.2,0.25,1.36,2.3,2.39
2015-05-07,0,0,0,0,0,0,0
2015-05-08,0,1.7,0,0.06,0,0,0.03
2015-05-09,1,3.3,0.6,1.06,1.09,0.68,0.54
2015-05-10,0,0,0,0,0,0,0
2015-05-11,0,0,0,0,0,0,0
2015-05-12,0,0,0,0,0,0,0
2015-05-13,0,0,0,0,0,0,0
2015-05-14,0,0,0,0,0,0,0
2015-05-15,0,0,0,0,0,0,0
2015-05-16,1.2,1.2,1.3,1.81,1.07,0.29,0.64
2015-05-17,0,0,0,0,0,0,0
2015-05-18,1.5,1.7,2.1,1.79,1.81,0.88,2.08
2015-05-19,1.1,1.1,0.6,1.3,2.03,1.34,1.42
2015-05-20,0.2,0,0.5,0.87,0.48,0.41,3.28
2015-05-21,0,0,0,0,0,0,0
2015-05-22,0,0,0.1,0,0,0,0
2015-05-23,0,0,0,0,0,0,0.26
2015-05-24,0.6,0.9,1,0.62,0.78,0.94,0.69
2015-05-25,1.4,1.9,1.6,1.89,1.05,1.35,1.67
2015-05-26,0,0,0,0,0,0,0.04
2015-05-27,0,0,0,0,0,0,0
2015-05-28,6,5.3,3.9,6.73,5.47,4.03,4.52
2015-05-29,3.6,3.7,4.3,3.38,4.35,3,4.92
2015-05-30,3.4,2.5,3.8,3.08,3.51,2.6,5.07
2015-05-31,9,8.2,7.7,8.77,8.33,4.79,7.74
2015-06-01,0.2,0.2,0.3,0.38,0.28,0.18,0.48
2015-06-02,1.7,1.2,1.4,1.47,1.35,0.77,0.58
2015-06-03,0,0,0,0,0,0,0.03
2015-06-04,0,0,0,0.03,0,0,0
2015-06-05,3.4,2.3,1.4,3.34,2.03,1.01,1.27
2015-06-06,0,0,0,0,0,0,0
2015-06-07,0,0,0,0,0,0,0
2015-06-08,0,0,0.1,0,0,0,0
2015-06-09,0,0,0,0,0,0,0
2015-06-10,0,0,0,0,0,0,0
2015-06-11,0,0,0,0,0,0,0
2015-06-12,0,0,0,0,0,0,0.04
2015-06-13,2.2,3.7,0.9,2.06,2.39,1.42,1.58
2015-06-14,0,17.5,0,0,0,0,0
2015-06-15,0,1.6,0.1,0,0,0,0
2015-06-16,0,6.2,0,0,0,0,0
2015-06-17,6.1,17.8,8.1,8.42,9.78,5.09,8.99
2015-06-18,0.2,12.9,2.5,0.41,0.42,1.78,0.91
2015-06-19,4.7,6.9,7.2,3.46,4.94,4.67,5.43
2015-06-20,1.2,1.4,1,1.42,1.06,1.11,1.05
2015-06-21,5.4,11.2,3.9,5.39,3.12,6.77,1.9
2015-06-22,19.7,16.9,19.6,19.35,18.41,15.97,19.44
2015-06-23,4.2,4.2,6.8,8.14,4.5,3.43,5.55
2015-06-24,0,0,0,0,0,0,0
2015-06-25,0,0,0,0,0,0,0
2015-06-26,0.8,1.5,2.3,3.27,5.21,4.03,2.44
2015-06-27,0.1,0,0.3,2.07,0.55,0.28,0.18
2015-06-28,0,0,0,0,0,0,0
2015-06-29,0,0,0,0,0,0,0
2015-06-30,0,0,0,0,0,0,0
2015-07-01,0,0,0,0,0,0.02,0
2015-07-02,0.1,1.1,0.5,0.91,1.42,6.73,3.26
2015-07-03,0,0,0,0,0,0,0
2015-07-04,0.2,1,3.1,0.74,1.86,4.34,4.77
2015-07-05,8.3,9,5,5.95,1.81,0.98,1.57
2015-07-06,0,0,0,0,0,0,0
2015-07-07,0.8,0.9,1,1,1.28,1.61,1.51
2015-07-08,17.8,15.1,16.9,13.65,21.15,12.38,20.11
2015-07-09,0,6.1,0.1,0.14,0.23,0.03,0
2015-07-10,0,6.3,0,0,0,0,0
2015-07-11,0,30.4,0,0,0,0,0
2015-07-12,3,17.5,4.8,3.72,3.78,3.1,3.99
2015-07-13,8.5,12.5,8.6,12.77,10.57,6.94,10.47
2015-07-14,3,4.4,6.5,4.53,4.77,3.6,4.7
2015-07-15,2.3,0.2,0.8,0.25,1.74,0.5,3.39
2015-07-16,1.1,0.4,0.3,0.32,0.16,0.26,0
2015-07-17,0,0.6,0,0.24,0.08,0.14,0.03
2015-07-18,8.1,7.1,12.6,8.09,8.89,7.92,9.99
2015-07-19,0.1,0.1,0.3,0.23,0.43,0.11,0.28
2015-07-20,1.9,1.3,1,1.86,2.74,1.28,2.35
2015-07-21,0,0,0,0,0.04,0,0.41
2015-07-22,0,0,0,0,0,0,0
2015-07-23,0,0,0,0,0,0,0
2015-07-24,2.5,1.7,6.9,3.15,2.4,1.34,2.26
2015-07-25,9,5,12.2,5.88,8.68,5.73,24.4
2015-07-26,2.4,2.6,3.2,3.28,3.83,2.53,4.28
2015-07-27,0.6,1.4,1.1,1.83,1.73,0.72,3.2
2015-07-28,0,0,0.1,0.03,0.36,0,0.73
2015-07-29,7.6,5.4,1.7,4.62,3.36,3.94,3.83
2015-07-30,5.8,4.3,0.6,0.47,0.63,1.23,0.3
2015-07-31,0,0,0,0,0,0,0
2015-08-01,0,0,0,0,0,0,0
2015-08-02,0,0,0,0,0,0,0
2015-08-03,0,0.1,0,0,0,0,0
2015-08-04,7.9,8.5,7.5,8.28,8.61,7.79,9.02
2015-08-05,0,0,0,0,0,0,0
2015-08-06,2,2.1,6.8,3.12,2.28,2.34,7.4
2015-08-07,5.8,9.1,4.3,7.51,7.3,6.18,5
2015-08-08,0,0,0,0,0,0,0
2015-08-09,1.9,1.5,3.6,1.7,2.01,1.83,1.84
2015-08-10,10.3,8,8.6,14.76,13.94,6.59,7.32
2015-08-11,0,0,0,0,0,0,0
2015-08-12,0,0,0,0,0.03,0,0
2015-08-13,7.5,8,9,8.72,4.24,10.12,8.73
2015-08-14,4.1,5.1,1.4,3.19,2.55,0,0.16
2015-08-15,24.5,25.1,15.4,20.31,21.47,14.94,18.66
2015-08-16,31.6,29.1,27.2,29.93,26.88,23.24,24.29
2015-08-17,29.2,30.9,36.1,29.21,27.2,30.89,26.78
2015-08-18,0.1,0,0,0.22,0.08,0,0.06
2015-08-19,0,0,0,0,0,0,0
2015-08-20,0,0,0,0,0,0,0
2015-08-21,0,0,0,0,0,0,0
2015-08-22,0,0,0,0,0,0,0.01
2015-08-23,4.8,4.4,4,6.16,4.03,1.93,2.4
2015-08-24,4.1,7.8,10.2,9.5,11.18,8.41,12.06
2015-08-25,3.2,0.4,0.1,0.48,0.24,0.18,0.19
2015-08-26,0.2,0.5,0.3,0.84,0.36,0.3,0.92
2015-08-27,22.3,23.6,24.3,24.69,23.57,19.59,24.59
2015-08-28,0,0,0,0,0,0,0
2015-08-29,0,0.1,0,0,0,0,0
2015-08-30,0,0,0,0,0,0,0
2015-08-31,1,1.7,0.7,1.82,1.01,0.8,1.1
2015-09-01,12.1,11,13.3,12.74,12.99,12.89,13.65
2015-09-02,1.8,0.7,1.6,0.65,1.01,2.12,1.55
2015-09-03,0,0.2,1.4,0.1,0.68,0.06,1.05
2015-09-04,11.6,11.7,9.6,11.59,11.38,8.39,10.11
2015-09-05,3.4,7.2,2.8,5.98,2.85,4.78,5.66
2015-09-06,1.4,1.8,5.2,7.04,4.63,2.04,4.39
2015-09-07,0.8,0.5,1.7,2.93,1.08,0.91,0.92
2015-09-08,0.5,0.6,1.5,0.29,0.76,1.11,0.82
2015-09-09,0,0,0,0,0,0,0
2015-09-10,0,0,0,0,0,0,0
2015-09-11,0,0,0,0,0,0,0
2015-09-12,5.3,6.1,19.4,6.01,8.36,8.64,12.87
2015-09-13,0.3,0.5,1.1,0.78,0.31,0.2,1.35
2015-09-14,1.3,0.6,4,0.81,3.15,0.97,2.06
2015-09-15,1.8,2.1,7.6,1.79,2.53,8.5,8.05
2015-09-16,13,9.7,11.9,11.09,10.25,9.96,14.82
2015-09-17,6.3,4.9,7,7.61,4.33,5.05,6.7
2015-09-18,0.3,0.8,0.9,0.59,0.25,0.16,0.25
2015-09-19,0,0,0.7,0.03,0,0.12,0
2015-09-20,0,0,0.1,0,0,0,0
2015-09-21,0.9,0.7,1,0.85,0.98,0.6,1.41
2015-09-22,10.7,6.2,7.2,9.02,5.93,6.46,2.8
2015-09-23,1,1.1,2.4,1.97,1.65,0.73,3.08
2015-09-24,0.2,0.2,2.5,0.23,0.1,0.17,0.23
2015-09-25,0,0,2.2,0,0,0,0
2015-09-26,0,0,0,0,0,0,0
2015-09-27,0,0,0,0,0,0,0
2015-09-28,0,0,0,0,0,0,0
2015-09-29,0,0,0,0,0,0,0
2015-09-30,0,0,0.5,0,0,0,0
2015-10-01,0,0,0.4,0,0,0,0
2015-10-02,0,0,0,0,0,0,0
2015-10-03,0,0,0,0,0,0,0
2015-10-04,0,0,0.6,0,0,0,0
2015-10-05,9.1,8.3,12.5,7.94,7.78,8.17,8.96
2015-10-06,0.9,0.9,7.2,0.77,0.7,1.32,1.49
2015-10-07,2.8,5.3,6.7,6.05,2.78,2.47,2.82
2015-10-08,6.8,6.6,13.3,7.73,5.47,4.06,6.01
2015-10-09,0.4,1.4,1,0.72,1.45,2.15,1.29
2015-10-10,0,0,0,0,0,0,0
2015-10-11,0,0,0,0,0,0,0
2015-10-12,0,0,0,0,0,0,0
2015-10-13,1.1,1.7,2.2,1.77,2.03,1.87,1.61
2015-10-14,6.5,5.7,5.6,5.6,6.15,5.64,4.85
2015-10-15,13.9,13.8,16.4,15.88,12.9,13.68,12.7
2015-10-16,10,9.2,7.1,10.23,7.59,7.3,7.03
2015-10-17,0,0.1,0,0.15,0.12,0,0.15
2015-10-18,0.1,0.4,0.2,0.15,0.33,0.09,0.03
2015-10-19,0.1,0,0,0,0,0,0
2015-10-20,0,0.1,0.7,0,0,0.38,0.78
2015-10-21,1.4,1.7,0,1.13,1.51,0,1.27
2015-10-22,1,1,0.4,1.13,1.54,0.26,1.08
2015-10-23,0,0,0,0,0,0,0
2015-10-24,0.2,0.3,0.2,0.33,0.33,0.48,0.33
2015-10-25,0.5,0.6,0.5,0.47,0.28,0.24,0.52
2015-10-25,0.5,0.6,0.5,0.47,0.28,0.24,0.52
2015-10-26,0,0,0,0,0,0,0
2015-10-27,0,0.2,0,0,0,0,0
2015-10-28,0,0.1,0.1,0,0,0,0
2015-10-29,0,0,0,0,0,0,0
2015-10-30,0,0.1,0,0,0,0,0
2015-10-31,0,0.1,0,0,0,0,0
2015-11-01,0,0,0,0,0,0,0
2015-11-02,0,0,0,0,0,0,0
2015-11-03,0,0,0,0,0.04,0,0
2015-11-04,4.2,1.6,1.4,2.53,1.69,1.73,2.07
2015-11-05,2.4,1.8,1.1,2.37,2,1.12,1.45
2015-11-06,4,3.2,3.2,2.46,3.01,1.85,5.6
2015-11-07,0.2,0.3,0.1,0.33,0.34,0.47,0.36
2015-11-08,1.2,1.5,2.6,1.49,1.9,1.68,1.76
2015-11-09,0,0,0,0.13,0.1,0,0.19
2015-11-10,1.1,23.7,0.7,1.19,1.08,0.59,0.37
2015-11-11,0,0,0,0.09,0,0,0
2015-11-12,0,0,0,0.03,0,0,0
2015-11-13,5.7,4.8,5,4.68,4.36,4.3,5.83
2015-11-14,9.7,11.5,13,10.42,11.77,8.59,13.72
2015-11-15,2.8,3.4,5.5,4.13,5.14,3.2,6.44
2015-11-16,12.6,14.6,16.5,13.81,16.06,12.99,19.13
2015-11-17,4.5,3.2,5.2,1.88,3.2,2.28,4.51
2015-11-18,0.4,0.5,0.2,0.29,0.26,0.69,0.44
2015-11-19,11.5,10.4,9,8.47,9.32,7.88,10.52
2015-11-20,1.7,1.4,2.2,2.01,1.57,2.01,1.66
2015-11-21,3,3.2,1.5,2.26,2.56,1.94,1.88
2015-11-22,0.2,3.2,1.5,0.54,0.58,2.46,0.88
2015-11-23,0,0,0,0,0,0,0
2015-11-24,6.4,6.2,7.4,5.51,8.33,6.15,9.52
2015-11-25,0.1,0.2,0.3,0.21,0.33,0.16,0.63
2015-11-26,0,0,0,0.03,0,0,0
2015-11-27,3.5,3.5,3,3.85,4.06,2.55,3.39
2015-11-28,5.3,7,8.8,3.72,5.91,5.68,9.25
2015-11-29,12,13.7,16.7,15.92,17.16,10.84,16.23
2015-11-30,26.1,29.2,30.4,31.36,31.13,23.68,29.25
2015-12-01,2.2,2.1,2.4,2.75,2.85,1.83,2.62
2015-12-02,0,0,0,0,0,0,0
2015-12-03,6,5,3,4.16,4.4,4.03,5.8
2015-12-04,1.9,2.5,3.7,3.02,2.91,3.59,2.08
2015-12-05,0,0,0,0,0,0,0
2015-12-06,6.4,6.4,2.8,5.72,6.44,3.6,5.45
2015-12-07,0,0,0,0,0,0,0
2015-12-08,6.3,6,7,6.67,7.83,5.72,10.71
2015-12-09,0,0,0,0,0,0,0
2015-12-10,2.7,2.9,1.9,2.69,2.47,2.24,2.68
2015-12-11,9.1,10,11.8,8.27,9.73,9.49,11.58
2015-12-12,3.5,3.5,3.5,3.73,3.32,2.88,2.95
2015-12-13,0.7,0.4,1.2,0.87,0.76,0.58,0.58
2015-12-14,0,0.1,0,0.06,0.01,0,0
2015-12-15,1.6,1.8,1.7,2.26,2.77,1.22,2.87
2015-12-16,3.4,4.2,5.4,3.9,4.38,3.5,4.62
2015-12-17,0.1,0.4,0.5,0.18,0.43,0.32,0.62
2015-12-18,0,0,0,0,0,0,0
2015-12-19,0,0,0,0,0,0,0
2015-12-20,3,3.3,4,2.8,3.17,3.26,4.69
2015-12-21,4.2,4.9,5,4.06,4.76,3.96,6.02
2015-12-22,0.4,0.6,1.4,0.32,0.87,0.44,1.68
2015-12-23,0.1,0,0.1,0.04,0.07,0.03,0.07
2015-12-24,5.7,4.8,4,4.89,3.26,3.29,3.83
2015-12-25,2.6,2.7,3.3,3.21,3.41,2.71,3.67
2015-12-26,0,0,0,0,0,0,0
2015-12-27,0,0,0,0,0,0,0
2015-12-28,0,0.1,0,0,0,0,0
2015-12-29,0,0,0,0,0,0,0
2015-12-30,0.4,0.3,0,0.48,0.52,0.06,1.24
2015-12-31,2.5,2.2,2.3,1.78,2.2,1.77,1.89
2016-01-01,0,0,0,0,0,0,0
2016-01-02,3.2,3.5,2.8,1.82,2.38,2.77,3.04
2016-01-03,5.4,5.7,4.6,5.22,7.04,5.08,8.84
2016-01-04,5.4,5.7,5.5,3.55,4.56,4.18,3.89
2016-01-05,0.7,0.5,0.2,0.44,0.39,0.22,0.18
2016-01-06,0.7,0.2,0.2,0.95,0.78,0.13,1.51
2016-01-07,5.7,5.4,7.1,3.64,6.32,4.84,7.15
2016-01-08,0,0,0,0,0,0,0
2016-01-09,2.8,4,6.1,2.3,4.75,5.77,5.67
2016-01-10,0.2,0.2,0.2,0.37,0.43,0.1,0.47
2016-01-11,4.5,5.1,8.5,3.89,7.28,6.2,8.01
2016-01-12,6.2,6.9,6.7,6.78,6.2,5.48,6.64
2016-01-13,3,2.8,3,3.99,3.02,1.95,2.55
2016-01-14,11.8,10.3,11.5,7.52,10.32,10.32,9.64
2016-01-15,0.6,0.6,0,1.42,1.35,0.12,0.51
2016-01-16,1.8,1.6,2,1.52,1.55,1.81,1.18
2016-01-17,0,0,0,0,0,0,0
2016-01-18,0,0,0,0,0,0.05,0
2016-01-19,0,0,0,0,0,0,0
2016-01-20,0.2,0.3,0.3,0.17,0.19,0.83,0.33
2016-01-21,0,0,0,0,0,0,0
2016-01-22,4.1,4.2,5.1,2.9,4.49,3.79,4.92
2016-01-23,0,0.5,1.2,0,0,0,0
2016-01-24,1,1.2,2.4,0.53,0.93,1.13,0.85
2016-01-25,0,0,0,0,0.02,0,0
2016-01-26,2.3,2.5,2.5,1.97,2.37,1.96,2.24
2016-01-27,12.4,14.1,15.4,11.43,15.72,11.27,17.52
2016-01-28,0,0,0,0,0.02,0,0
2016-01-29,3.9,4.6,5.9,2.79,4.13,3.39,0.32
2016-01-30,14.8,18.2,29.7,12.4,15.44,16.99,0
2016-01-31,11.7,12.8,13.9,11.01,11.06,8.91,8.79
2016-02-01,2.4,3.4,2,2.06,2.37,1.39,1.34
2016-02-02,10,11.2,14.7,10.13,14.66,11.63,16.38
2016-02-03,0.9,0.9,1.4,0.32,0.34,1.31,0.44
2016-02-04,5.4,5.5,5.3,5.45,6.26,4.61,5.53
2016-02-05,1.9,2.1,2,1.61,1.79,1.21,1.79
2016-02-06,0,0.2,0.4,0,0.13,0.23,0.28
2016-02-07,6.4,5.3,4.9,3.94,6.28,5.27,6.44
2016-02-08,6.6,7.7,10.3,7.73,8,9.6,7.79
2016-02-09,15.7,14.1,18.7,15.33,19.98,13.94,18.08
2016-02-10,5.4,4.6,6.1,6.46,6.35,4.34,0.62
2016-02-11,0.6,0.6,0.5,0.27,0.38,0.97,0.79
2016-02-12,0,0,0,0,0,0,0
2016-02-13,6.4,4,5.5,4.46,5.65,4.85,5.98
2016-02-14,4.4,3.3,5,4.56,3.62,3.7,4.32
2016-02-15,1.4,1.5,2.3,1.38,1.42,1.3,1.68
2016-02-16,0,0,0,0,0,0,0
2016-02-17,0.1,0.1,0.1,0.21,0.17,0,0.3
2016-02-18,0,0.4,0,0.03,0,0,0
2016-02-19,2.4,1.8,2.3,1.97,3.12,1.36,3.37
2016-02-20,10.6,11.6,15.3,12.67,12.67,9.42,10.34
2016-02-21,2.2,11.9,2.2,1.87,1.48,1.22,1.63
2016-02-22,15.6,4.9,15.6,15.07,12.95,13.2,12.83
2016-02-23,3.2,1.6,4.4,2.38,2.42,5.31,1.44
2016-02-24,0,0.3,0.6,1.43,1.11,0.84,0.42
2016-02-25,0.3,0.7,0.1,0.18,0.18,0.06,1.28
2016-02-26,0,0.1,0,0,0,0.03,0
2016-02-27,0,2,0,0,0,0,0
2016-02-28,0,5.2,0,0,0,0,0
2016-02-29,0,1,0,0,0,0,0
2016-03-01,7.1,5.6,5.7,6.08,6.33,3.06,7.57
2016-03-02,3.8,5.7,5.9,4.25,5.65,4.99,5.68
2016-03-03,0.3,1.4,0,0,0.39,0,0.23
2016-03-04,11.7,3.6,13.3,4.94,12.33,10.07,10.29
2016-03-05,0.1,0.2,1.6,0.52,0.32,0.33,0.69
2016-03-06,1.5,2,1.3,3.26,10.27,2.59,8.02
2016-03-07,0.4,0.1,1.7,0.15,0.59,0.58,2.53
2016-03-08,0,0.3,0,0.03,0,0,0
2016-03-09,0,0.8,0,0,0,0,0
2016-03-10,0,0.5,0,0,0,0,0
2016-03-11,0,0.8,0,0.03,0,0,0
2016-03-12,0,1.4,0,0,0,0,0
2016-03-13,0,1.6,0,0,0,0,0
2016-03-14,0,0.2,0,0,0,0,0
2016-03-15,0,0,0,0,0,0,0
2016-03-16,0,0,0,0,0,0,0
2016-03-17,0,0.1,0,0,0,0,0.01
2016-03-18,0.1,0,0.1,0.18,0.05,0,0.2
2016-03-19,0,0,0,0.09,0.05,0.03,0.11
2016-03-20,1.1,1.1,2.1,0.95,1.23,1.58,2.11
2016-03-21,0.2,0,0.3,0.22,0.15,0.07,0.2
2016-03-22,0.2,0.3,0,0.23,0.35,0.04,0.93
2016-03-23,0.1,0.2,0.4,0.49,0.34,0.52,0.49
2016-03-24,2.3,2.4,2.5,2.38,2.82,1.73,3
2016-03-25,6.9,6.6,6.8,7.95,8,5.29,8.02
2016-03-26,3.2,3,2,2.98,3.13,1.55,2.34
2016-03-28,5.7,4.9,11.6,3.35,6.96,6.99,8.5
2016-03-29,1,1.5,3.9,1.74,2,1.75,2.85
2016-03-30,0.4,0.2,0.4,0.49,0.47,0.31,0.47
2016-03-31,0.8,0.4,2.6,0.55,0.86,1.38,2.3
2016-04-01,0,0,0,0,0,0,0
2016-04-02,0,0,0,0,0,0,0
2016-04-03,0.6,0.5,0.4,1.07,1.13,0.46,1.33
2016-04-04,0.1,0.3,0.4,0.63,0.5,0.15,0.48
2016-04-05,7,5.9,8.8,10,8.48,5.94,8.64
2016-04-06,3,1.1,2.7,0.76,1.65,0.69,1.35
2016-04-07,0.9,1.1,1.5,0.86,0.74,0.13,2.43
2016-04-08,0,0,0,0.35,0.4,0,0.16
2016-04-09,0,0,0,0,0,0,0.01
2016-04-10,0,0,0,0,0,0,0
2016-04-11,0,0.1,0.1,0.24,0.16,0.06,0.15
2016-04-12,2.7,2.1,1.8,2.9,2.02,1.02,1.64
2016-04-13,0,0,0,0.07,0,0,0.01
2016-04-14,3,3.2,2.8,3.17,3.04,2.17,3.41
2016-04-15,0.1,0,0,0,0,0,0.05
2016-04-16,2.2,5.2,5.7,7.3,7.33,4.27,2.78
2016-04-17,0.6,0.3,0.3,0.45,1.94,0.08,1.15
2016-04-18,0.2,0.2,0.3,0.18,0.2,0.19,0.1
2016-04-19,0,0,0,0,0,0,0
2016-04-20,0,0,0,0,0,0,0
2016-04-21,0,0,0,0,0,0,0
2016-04-22,0,0,0.2,0,0.05,0,0.31
2016-04-23,0,0,0.1,0.1,0.09,0,0.09
2016-04-24,0.1,0.2,0.9,1.1,0.3,0.42,0.46
2016-04-25,8.2,8.6,12,8.62,10.12,8.87,11.92
2016-04-26,8.1,8.7,9.6,6.85,8.4,6.25,11.4
2016-04-27,13.7,14.8,16,11.17,13.53,13.22,16.18
2016-04-28,1.4,0.6,0.3,1.64,0.77,0.58,1.29
2016-04-29,8.5,8.3,8.1,8.56,8.07,6.82,7.98
2016-04-30,1.4,1.7,2.2,2.23,1.67,2.2,1.81
2016-05-01,0,0.5,0,0,0,0,0
2016-05-02,3.4,3.3,3.1,3.88,4.44,2.8,4.08
2016-05-03,0.4,1.6,0.5,0.03,0.36,0.27,0.26
2016-05-04,0,0,0,0,0,0,0
2016-05-05,0,0.1,0,0,0,0,0
2016-05-06,0,0.1,0,0,0,0,0
2016-05-07,0,0,0,0,0,0,0
2016-05-08,0,0,0,0,0,0,0
2016-05-09,0,0,0,0,0,0,0
2016-05-10,2.4,2.5,0,0,0,0,0
2016-05-11,0,0.8,0,0,0,0,0.07
2016-05-12,0,0.6,0,0,0,0,0
2016-05-13,0,11.9,0,0,0,0,0
2016-05-14,1.1,2.4,1.9,0.38,0.74,1.7,1.04
2016-05-15,0,0.1,1.8,1.27,1.4,0.59,2.58
2016-05-16,0,0,0,0.3,0,0,0.33
2016-05-17,0,0,0,0,0,0,0
2016-05-18,0,0.5,0.8,0.66,0.93,0.79,1.42
2016-05-19,0,0,0,0.09,0,0.03,0
2016-05-20,0,0.2,0,0.38,0.46,0.05,0.06
2016-05-21,0,0,0,0,0,0,0
2016-05-22,5.7,6.7,11.6,6.39,6.9,8.07,11.75
2016-05-23,9.7,8.1,10.8,10.75,9.47,9.22,9.35
2016-05-24,0.1,0.1,0,0.03,0.05,0,0.09
2016-05-25,0,0,0,0,0,0,0
2016-05-26,0.2,0,1.2,0,0,0,0
2016-05-27,0,0,2,0,0,0.15,5.21
2016-05-28,0,0.4,0,0,0,0,0
2016-05-29,7.8,25.1,10.9,12.11,8.85,11.73,15.65
2016-05-30,40.1,14.2,11.1,10.38,6.8,7.29,12.55
2016-05-31,12.1,7.7,1.5,11.64,16.13,5.88,2.97
2016-06-01,11.7,11.6,8.4,13.29,12.86,18.29,18.47
2016-06-02,9.5,5,1.4,6.33,4.16,1.18,1.53
2016-06-03,0,0,0.2,0.03,0,0.07,0.03
2016-06-04,0,0.1,0,0.14,0,0,0.92
2016-06-05,0.8,0.8,0,9.2,0,0,0.03
2016-06-06,0,0,0,0,0,0,0
2016-06-07,20.3,31,30.8,20.65,32.23,11.32,10.19
2016-06-08,0,0,0.1,0,0,0,0
2016-06-09,0,0,0,0,0,0,0
2016-06-10,0,0,0,0,0,0,0.09
2016-06-11,0,0,0,0.03,0,0,0.15
2016-06-12,6,4.4,3.3,7.47,4.73,1.66,5.72
2016-06-13,2.4,7.9,7.9,8.04,7.9,7.62,8.05
2016-06-14,2.3,0.3,4.6,0.23,1.34,2.44,9.27
2016-06-15,2.8,19,1.8,3.44,27.32,6.12,6.78
2016-06-16,16.3,13.9,0.6,11.11,8.65,2.69,5.27
2016-06-17,6,5.9,4.5,10.45,4.74,1.9,13.96
2016-06-18,14.6,15.5,8.1,15.34,9.14,8.09,8.14
2016-06-19,0,0,0,0,0,0,0.22
2016-06-20,11.2,10,8.2,10.9,10.21,6.01,10.5
2016-06-21,2.5,1.3,0.5,3.49,0.92,1.87,0.9
2016-06-22,0,0,0,0,0,0,0
2016-06-23,3.5,6,3,3.81,5.09,4.34,1.75
2016-06-24,3.7,3.7,6.2,2.01,5.15,3.91,13.97
2016-06-25,24.3,23.7,22.3,34.79,26.41,18.79,14.99
2016-06-26,3.9,3.6,5.6,7.95,5.91,2.69,2.49
2016-06-27,5.4,4.5,3.4,5.39,4.74,3.29,4.13
2016-06-28,11,9.1,12.3,10.69,9.54,9.63,12.38
2016-06-29,0.5,0.6,1.1,0.74,1.07,0.79,1.86
2016-06-30,0.8,0.4,0.1,0.29,1.01,1.11,0.53
2016-07-01,8.7,5.9,11.4,7.85,6.23,5.18,10.14
2016-07-02,6,0.9,0.2,0.73,0.76,0.22,0.13
2016-07-03,1.2,5.5,0.8,3.63,2.5,1.84,2.29
2016-07-04,0,21.1,0,0,0,0,0.09
2016-07-05,0,0.1,1,0.6,0.57,0.06,3.96
2016-07-06,0,0,0,0,0,0,0
2016-07-07,0,0,0,0,0,0,0
2016-07-08,0,0,0,0,0,0,0
2016-07-09,0,0,0,0,0,0,0
2016-07-10,0,0,0,0,0,0,0
2016-07-11,0,0,0,0,0,0,0
2016-07-12,0,0,2.3,0,0,0.18,1.26
2016-07-13,0.3,0.6,4.1,0.76,0.44,0.36,0.47
2016-07-14,0,0,0,0.03,0,0,0
2016-07-15,0,0,0,0,0,0,0
2016-07-16,0,0,0,0,0,0,0
2016-07-17,1.1,1.1,2.1,0.71,0.91,1.2,0.59
2016-07-18,0,0,0,0,0,0,0
2016-07-19,0,0,0,0,0,0,0
2016-07-20,0,0,2.8,0,0,1.91,1.37
2016-07-21,19.1,8.2,2.4,0,3.24,10.33,1
2016-07-22,0,0,0,0,0,0,0
2016-07-23,0,0,0.9,0,0,0.5,0.99
2016-07-24,0,0,0,0,0,0,0
2016-07-25,0.2,1.2,3.6,0,0,6.41,0
2016-07-26,0,0,0,0,0,0,0
2016-07-27,0.5,0.2,0.7,0.55,1.32,1.16,2.09
2016-07-28,1.2,1,4.5,1.5,1.42,1.3,5.43
2016-07-29,0.5,0.2,0.1,0.16,0.11,0,0.74
2016-07-30,0,0,0,0,0,0,0
2016-07-31,12,11.1,4.3,12.17,10.12,10.98,4.97
2016-08-01,4.5,5.8,8.5,8.38,10.1,9.3,5.22
2016-08-02,9.7,10.9,13.1,11.87,12.55,8.24,21.8
2016-08-03,9.7,8.4,10,10.79,11.65,7.62,9.19
2016-08-04,0.1,0,0,0,0,0,0
2016-08-05,0.4,0.1,1,1.5,0.38,0,0.59
2016-08-06,4.6,3.7,0.5,0.26,0.13,1.23,0
2016-08-07,0,0,0,0,0,0,0
2016-08-08,0.4,0.8,0.3,0.99,0.54,0.4,2.46
2016-08-09,1.8,1.5,1.4,5.96,2.68,0.73,2.16
2016-08-10,0.3,0.1,0,1.88,0.81,0,0.21
2016-08-11,7.4,7.5,8.6,10.87,9.93,5.6,9.41
2016-08-12,0.5,0.3,0.7,0.34,0.71,0.17,0.38
2016-08-13,0,0,0,0,0,0,0
2016-08-14,0,0,0,0,0,0,0
2016-08-15,0,0,0,0,0,0,0
2016-08-16,0,0,0,0,0,0,0
2016-08-17,0,0,0,0,0,0,0
2016-08-18,0,0,0,0,0,0,0
2016-08-19,5,16,1,3.07,16.46,5.8,2.69
2016-08-20,0.8,1.4,0.8,3.76,1.82,0.76,1.07
2016-08-21,2.5,3.1,4.2,7.25,7.36,2.32,4.58
2016-08-22,0.5,0.3,0.2,0.4,0.44,0.1,0.5
2016-08-23,0,0,0,0,0,0,0
2016-08-24,0,0,0,0,0,0,0
2016-08-25,0,0,0,0,0,0,0
2016-08-26,0,0,0,0,0,0,0
2016-08-27,0.4,2.6,3.6,1.23,3.42,1.98,1.06
2016-08-28,0,0.4,0,0.16,0,0.28,0
2016-08-29,0.7,0.9,0.7,1.97,1.15,0.6,4.61
2016-08-30,0,0,0,0,0,0,0
2016-08-31,0,0,0,0,0,0,0
2016-09-01,0,0,0,0,0,0,0
2016-09-02,0,0,0,0,0,0,0
2016-09-03,0.7,1.3,1.2,1.3,1.34,1.01,1.2
2016-09-04,14.8,15.7,11.8,18.44,18.62,14.32,8.14
2016-09-05,0,0.1,0.2,0,0.09,0.17,0.23
2016-09-06,0,0,0,0,0,0,0
2016-09-07,0,0,0,0,0,0,0
2016-09-08,0,0,0,0,0,0,0
2016-09-09,0,0,0,0,0,0,0
2016-09-10,0,0,0,0,0,0,0
2016-09-11,0,0,0,0,0,0,0
2016-09-12,0,0,0,0,0,0,0
2016-09-13,0,0,0,0,0,0,0
2016-09-14,0,0,0,0,0,0,0
2016-09-15,3.9,4.9,2.9,1.51,1.99,2.52,1.43
2016-09-16,0,0,0,0,0,0,0
2016-09-17,0.7,0.9,1.8,0.88,1.17,1.21,1.53
2016-09-18,0,0,0,0,0,0,0
2016-09-19,0,0,0,0,0,0,0
2016-09-20,0,0,0,0.09,0.06,0,0
2016-09-21,0,0,0,0,0,0,0
2016-09-22,0,0,0,0,0,0,0
2016-09-23,0,0,0,0,0,0,0
2016-09-24,0,0,0,0,0,0,0
2016-09-25,0,0,0.1,0,0,0.07,0.27
2016-09-26,0,0,0,0,0,0,0
2016-09-27,0,0,0,0,0,0,0
2016-09-28,0,0,0,0,0,0,0
2016-09-29,2.1,1.7,3.8,2.35,1.87,1.75,2.42
2016-09-30,0.1,0.1,0.7,0.12,0.17,0.18,0.57
2016-10-01,2.6,4,0.7,3.35,3.91,4.83,0.4
2016-10-02,2.9,2.5,3.3,2.99,3.78,1.33,4.69
2016-10-03,0.4,0.4,0.4,2.05,0.33,0.78,0.72
2016-10-04,0,0,0,0,0,0,0
2016-10-05,0,0,0,0,0,0,0
2016-10-06,0,0,0.2,0,0,0,0.42
2016-10-07,0,0.2,0.5,0,0.15,0.06,1.44
2016-10-08,0,0,0,0,0.07,0,0
2016-10-09,0,0,0,0.75,0.07,0,0.45
2016-10-10,0,0,0,0.04,0.53,0,0
2016-10-11,1.2,1.9,2.2,1.31,2.3,1.31,2.02
2016-10-12,0.1,0,0,0,0,0,0
2016-10-13,0,0,0,0,0,0,0
2016-10-14,0.3,0.3,0.4,0.37,0.36,0.15,0.79
2016-10-15,0.2,0.4,0.4,0.12,0.77,0.09,0.56
2016-10-16,0,0,0,0,0,0,0
2016-10-17,0,0,0,0,0,0,0
2016-10-18,5.4,5.8,7.1,6.18,6.35,4.9,7.23
2016-10-19,10.6,9.6,12.2,14.1,11.8,8.96,10.31
2016-10-20,1.8,1.5,0.7,2,1.71,0.94,1.54
2016-10-21,4.5,5.1,10.2,6.36,3.89,6.54,6.06
2016-10-22,0,0,0,0,0,0,0
2016-10-23,0,0,0,0,0,0,0
2016-10-24,5.1,5,10.2,5.08,5.51,5.49,8.39
2016-10-25,0.2,0,0.1,0.03,0,0,0
2016-10-26,0,0,0,0,0,0,0
2016-10-27,0,0,0,0,0,0,0.03
2016-10-28,1.1,1.2,0.7,1.33,1.95,0.34,1.03
2016-10-29,0,0,0,0,0,0,0
2016-10-30,0,0,0,0,0,0,0
2016-10-30,0,0,0,0,0,0,0
2016-10-31,0,0,0,0,0,0,0
2016-11-01,0.6,0.7,0.5,0.74,0.7,0.87,0.98
2016-11-02,0.8,1.1,1.1,0.29,0.7,0.75,0.6
2016-11-03,0,0,0,0,0,0,0
2016-11-04,2.5,3.1,1.6,3.43,2,1.33,1.72
2016-11-05,0,0,0,0.06,0.11,0,0.29
2016-11-06,0.9,1.2,2.5,1.74,1.55,1.38,3.29
2016-11-07,5.2,4.7,5.5,4.04,3.89,4.34,4.44
2016-11-08,2.7,2,0.7,1.87,1.65,0.98,1.36
2016-11-09,10.7,9.5,9.7,8.26,7.65,8.58,8.03
2016-11-10,7.5,8.2,11.2,8.87,9.39,9.68,13.35
2016-11-11,0.4,0,0,0,0.02,0,0.06
2016-11-12,0,0,0,0,0,0,0
2016-11-13,0,0,0,0,0,0,0
2016-11-14,1,1.2,1.9,1.09,1.26,0.87,1.7
2016-11-15,7.5,6.8,5.1,8.22,9.1,4.02,8.7
2016-11-16,12,14.9,14.2,13.98,14.11,11.51,16.66
2016-11-17,5.5,5.4,8.6,3.57,5.53,6.73,7.23
2016-11-18,5.2,4.7,5,4.73,3.22,3.43,3.75
2016-11-19,0.3,0.2,0.7,0.23,0.19,0.03,0.69
2016-11-20,1.9,2.5,4.8,0.77,2.37,2.51,3.71
2016-11-21,5.5,5.6,7.6,3.09,7.5,6.9,9.12
2016-11-22,0.2,0.4,0.3,0.18,0.32,0.12,0.31
2016-11-23,0,0.2,0,0,0.24,0.1,0.06
2016-11-24,0,0,0,0,0,0,0.15
2016-11-25,0,0,0,0,0,0,0
2016-11-26,0.5,0.7,0.9,0.71,0.74,0.69,0.82
2016-11-27,0.2,0.2,0.3,0.09,0.28,0.21,0.28
2016-11-28,0,0,0,0,0,0,0
2016-11-29,0,0,0,0,0,0,0
2016-11-30,0,0,0,0,0.17,0,0
2016-12-01,0.4,0.3,0.9,1.55,1,0.45,0.21
2016-12-02,0.2,0.5,1,1.39,0.73,1.38,1.38
2016-12-03,0,0,0,0.03,0,0,0
2016-12-04,0,0,0,0,0,0,0
2016-12-05,0,0,0,0,0,0,0
2016-12-06,0,0,0,0.03,0,0,0
2016-12-07,0,0,0,0,0.94,0,0
2016-12-08,0,0.1,0.2,0.06,0.17,0,0.31
2016-12-09,0,0,0,0,0.05,0.03,0.09
2016-12-10,6.6,6.6,8.3,5.51,6.84,6.34,7.16
2016-12-11,1.2,1.8,3.6,1.22,1.15,2.39,1.03
2016-12-12,0,0,0,0,0,0,0
2016-12-13,0.7,0.8,1.6,1.05,0.83,1.52,0.86
2016-12-14,0.1,0,0,0,0,0,0
2016-12-15,0,0,0,0,0,0,0
2016-12-16,0,0,0,0,0,0,0
2016-12-17,0.2,0.3,0.3,0.24,0.27,0.21,0.24
2016-12-18,0,0,0,0,0,0,0
2016-12-19,0,0,0,0,0,0,0
2016-12-20,0,0,0,0.06,0,0,0
2016-12-21,5.8,6.7,6.3,6.03,7.04,5.22,7.45
2016-12-22,2.6,2.1,3.4,2.1,2.47,2.09,3.19
2016-12-23,2.4,2.7,2.3,2.14,2.86,1.8,2.9
2016-12-24,0.9,1.1,1.4,0.95,0.93,0.77,1.46
2016-12-25,2.7,3.4,1.8,2.34,1.88,1.44,1.99
2016-12-26,4.1,5.2,5.8,6.01,4.95,4.44,3.39
2016-12-27,0.1,0,0,0,0,0,0
2016-12-28,0,0,0,0,0,0,0
2016-12-29,0,0,0,0,0,0,0
2016-12-30,0,0,0,0,0.22,0.05,0
2016-12-31,0,0,0,0,0.12,0,0
2017-01-01,0,0,5,5.23,3.88,3.7,4.64
2017-01-02,4.2,4.2,0.1,0.35,0.59,0.13,0.39
2017-01-03,0,0.1,5.5,4.45,5.27,3.79,3.66
2017-01-04,6.5,5.7,0.4,1.25,1.43,0.8,1.25
2017-01-05,0,0,0,0,0,0,0
2017-01-06,0,0,0.2,0,0,0.06,0.09
2017-01-07,0.30000000000000004,0.4,1.6,2.01,1.89,1.34,1.59
2017-01-08,1.1,0.6000000000000001,0,0.06,0,0,0
2017-01-09,0.30000000000000004,0.2,4,2.16,4.53,2.96,4.54
2017-01-10,2.9000000000000004,1.9000000000000001,0.3,0,0.09,0.09,0.18
2017-01-11,4.6000000000000005,4.9,5.6,5.42,5.86,2.37,6.47
2017-01-12,6.6000000000000005,6,14.6,9.42,16.68,11.8,10.57
2017-01-13,8.8,9.3,3.9,4.34,4.14,2.98,3.75
2017-01-14,1.9000000000000001,2.1,2.9,2.42,2.47,1.91,1.74
2017-01-15,0,0,0.6,0.72,0.57,0.94,0.55
2017-01-16,0.5,0.6000000000000001,0,0,0,0,0
2017-01-17,0,0,0,0,0,0,0
2017-01-18,0,0,0,0,0,0,0
2017-01-19,0,0,0,0,0,0,0
2017-01-20,0,0,0,0,0,0,0
2017-01-21,0,0,0,0,0.22,0,0
2017-01-22,0,0,0,0,0,0.05,0
2017-01-23,0.5,0,0,0.46,0.52,0.09,0.3
2017-01-24,0,0,0,0,0.14,0,0
2017-01-25,0,0,0,0,0,0,0
2017-01-26,0,0,0,0,0,0,0
2017-01-27,0,0,0,0,0,0,0
2017-01-28,1.5,1.7000000000000002,0.5,2.31,2.22,1.35,1.19
2017-01-29,1.3,1.1,1.9,1.78,2.37,1.2,3.18
2017-01-30,8,7.6000000000000005,5.3,4.58,5.67,3.88,6.33
2017-01-31,0,0,0,0,0,0,0
2017-02-01,0,0,0,0.09,0.12,0.03,0.14
2017-02-02,0,0,0,0.19,0.18,0.03,0.17
2017-02-03,0,0.6000000000000001,2.8,1.48,2.25,1.57,4.44
2017-02-04,6.4,5.4,4,5.64,4.83,3.8,4.03
2017-02-05,1.1,1.2000000000000002,0,0,0,0,0
2017-02-06,0,0,0,0,0,0,0
2017-02-07,1.4000000000000001,1.2000000000000002,2.8,3.27,2.64,2.22,2.17
2017-02-08,0,0,0,0,0,0,0
2017-02-09,0,0,0,0,0,0,0
2017-02-10,0,0,2.1,2.89,3.01,2.02,3.42
2017-02-11,6.4,4.6000000000000005,1.2,4.77,2.92,1.31,1.98
2017-02-12,0,0,0,0,0,0,0
2017-02-13,0,0,0,0,0,0,0
2017-02-14,0,0,0,0,0,0,0
2017-02-15,0,0,0,0,0,0,0
2017-02-16,0,0,0.1,0,0,0,0.03
2017-02-17,3.6,3.6,3.3,3.89,4.02,3.59,3.68
2017-02-18,0,0,0,0,0,0.03,0
2017-02-19,1,1.2,0.6,0.84,0.85,1.17,0.83
2017-02-20,4.6000000000000005,4.8,6.6,7.46,7.6,5.74,5.42
2017-02-21,2.5,2.8000000000000003,2.2,1.64,1.91,1.21,2.46
2017-02-22,14.4,16.3,24.6,25.22,25.82,18.96,23.07
2017-02-23,14.200000000000001,16.1,10.7,5.26,7.33,6.01,5.42
2017-02-24,2.5,2.6,0,0.31,0.6,0,0.19
2017-02-25,0,0,0,0,0,0,0
2017-02-26,0,0,0,0,0,0,0
2017-02-27,8.3,6.9,7.4,8.07,8,6.75,6.23
2017-02-28,4,4.7,9.2,8.67,10.47,7.33,9.11
2017-03-01,8.8,7.800000000000001,2.5,2.08,2.53,1.82,5.6
2017-03-02,2.5,1.5,0.2,0.19,0.1,0.51,0.32
2017-03-03,0,0,0,0,0,0,0
2017-03-04,4.2,3.6,4.5,6.66,5.69,4.04,5.06
2017-03-05,3.9000000000000004,3.5,5.4,4.55,6.42,4.7,7.73
2017-03-06,5,4.8,6.2,10.05,3.97,3.42,4.91
2017-03-07,10.3,9,5.3,0.85,1.37,7,2.06
2017-03-08,13.4,11.5,13.8,10.08,13.96,11.37,13.58
2017-03-09,1,0.8,0.5,1.42,1.54,0.79,2.64
2017-03-10,0,0,0,0,0,0,0
2017-03-11,0,0,0,0,0,0,0
2017-03-12,0,0,0,0,0,0,0
2017-03-13,0,0,0,0,0,0,0
2017-03-14,0,0,0,0,0,0,0
2017-03-15,0,0,0,0,0,0,0
2017-03-16,0,0,0,0.06,0,0,0
2017-03-17,0.1,0.1,6.4,6.76,6.68,4.63,7.36
2017-03-18,16.6,16.6,17.1,15.11,16.43,12.71,13.49
2017-03-19,3,3.1,0.1,0.15,0.2,0.22,0.39
2017-03-20,0,0,1.5,1.5,1.3,0.88,2.96
2017-03-21,7.6,3.6,1.6,0.28,0.43,0.78,3.55
2017-03-22,0,0,0,0,0,0,0
2017-03-23,0,0,0,0,0,0,0
2017-03-24,0,0,0,0,0,0,0
2017-03-25,0,0,0,0,0,0,0
2017-03-27,0,0,0,0,0,0,0
2017-03-28,0,0,0,0,0,0,0
2017-03-29,0,0,0,0,0,0,0
2017-03-30,0,0,0,0,0,0,0
2017-03-31,0,0,0,0.15,0.09,0,0.06
2017-04-01,0.2,0.8999999999999999,1.8,0.88,1.97,1.67,2.39
2017-04-02,0,0,0.1,0,0.02,0,0
2017-04-03,0,0,0,0,0,0,0
2017-04-04,0,0,0,0,0,0,0
2017-04-05,0,0,0,0,0,0,0.03
2017-04-06,0,0,0,0,0.02,0,0
2017-04-07,0,0,0,0,0,0,0
2017-04-08,0,0,0,0,0,0,0
2017-04-09,0,0,0,0,0,0,0
2017-04-10,0,0,0,0,0,0,0
2017-04-11,0,0,0,0,0,0,0
2017-04-12,0.7000000000000001,0.7000000000000001,1.1,0.89,0.82,1.02,1.02
2017-04-13,0.30000000000000004,0.30000000000000004,0,0,0,0,0
2017-04-14,0,0,0.3,0.35,0.54,0.25,0.59
2017-04-15,1.4000000000000001,1.3,0.8,1.06,1.17,0.54,0.78
2017-04-16,3.1,3.1,14.7,16.46,18.09,14.51,16.92
2017-04-17,10.8,10.700000000000001,1.2,0.46,0.68,0.71,0.63
2017-04-18,0,0,0.6,0.03,0.32,0.3,0.45
2017-04-19,0,0,0,0,0,0,0
2017-04-20,0,0,0,0.06,0.06,0.03,0
2017-04-21,0,0,2.9,2.25,2.05,2.77,1.82
2017-04-22,2.8000000000000003,2.2,0,0.11,0.11,0.06,0.35
2017-04-23,0.4,0,0,0,0.06,0,0.04
2017-04-24,0,0,2,1.36,1.76,1.59,1.83
2017-04-25,1.2000000000000002,1.4000000000000001,0,0.45,0.59,0,1.13
2017-04-26,0.30000000000000004,0.5,0.1,0.93,0.67,0.27,0.36
2017-04-27,0,0,0,0.28,0.06,0,0
2017-04-28,0.4,0.6000000000000001,0.4,0.48,1.12,0.76,0.49
2017-04-29,0,0,0,0,0,0,0
2017-04-30,0,0,0,0,0,0,0
2017-05-01,2.4000000000000004,2.7,6.7,5.22,4.49,5.41,4.38
2017-05-02,7.2,6.6000000000000005,7.9,6.89,8.61,6.66,8.18
2017-05-03,3.8,1.7,2.5,1.66,1.52,2.23,1.6
2017-05-04,0.2,0,0.3,0.48,0.65,0,0.85
2017-05-05,0,0,0,0,0,0,0
2017-05-06,0,0,0,0,0,0,0
2017-05-07,0,0,0,0,0,0,0
2017-05-08,0,0,0,0,0,0,0.03
2017-05-09,0,0,0,0,0,0,0
2017-05-10,0,0,0,0,0,0,0
2017-05-11,0,0,0.2,0.1,0.22,0,0.19
2017-05-12,0.6000000000000001,0.5,3.3,4.47,5.06,3.26,3.46
2017-05-13,1.2,2.5,0,0,0,0,0
2017-05-14,8.2,6.7,0.4,3.91,0.96,4.42,0.18
2017-05-15,0,0,0,0,0,0.03,0
2017-05-16,0,0,0.1,0,0,0,0
2017-05-17,0,0,0,0.22,0.07,0,0
2017-05-18,5,7.2,14.2,6.36,1.4,4.35,6.41
2017-05-19,3.1,3.5,9.1,4.3,5.04,5.4,6.73
2017-05-20,0.1,0,0,0,0,0,0
2017-05-21,0,0,0,0,0,0,0
2017-05-22,0,0,0,0,0,0,0
2017-05-23,0,0,0,0,0,0,0
2017-05-24,0,0,0,0,0,0,0
2017-05-25,0,0,0,0,0,0,0
2017-05-26,0,0,0,0,0,0,0
2017-05-27,0,0,0,1.55,1.63,0.12,0.15
2017-05-28,6.6,4.2,3.9,1.99,5.56,2.28,5.04
2017-05-29,0,0,0,7.36,12.27,1.59,0.06
2017-05-30,4.9,7.9,0.1,0.57,8.62,4.16,0.24
2017-05-31,0,0,0,0,0,0,0
2017-06-01,0,0,0,0,0,0,0
2017-06-02,13.7,6,4.2,0.72,2.52,4.49,2.94
2017-06-03,5.2,6.6,15.8,6.16,4.92,4.06,6.69
2017-06-04,4,3.9000000000000004,0,0.48,0.2,0.07,0
2017-06-05,0,0,0,0,0,0,0
2017-06-06,3.1,4.1,8.6,3.18,3.27,3.15,8.99
2017-06-07,1.8,1.4000000000000001,2.5,2.89,0.88,0.57,3.01
2017-06-08,0,0,0,0,0,0,0
2017-06-09,5.1,4.8,4.5,5.98,8.55,5.1,4.88
2017-06-10,0,0,0,0,0,0,0
2017-06-11,0.1,0.30000000000000004,0.7,0.17,0.28,0.18,1.71
2017-06-12,0,0,0,0,0,0,0
2017-06-13,0,0,0,0,0,0,0
2017-06-14,0,0,0,0,0,0,0
2017-06-15,4.3,1.7000000000000002,1.8,1.83,0.83,0.89,2.52
2017-06-16,0,0,0,0,0,0,0
2017-06-17,0,0,0,0,0,0,0
2017-06-18,0,0,0,0,0,0,0
2017-06-19,0,0,0,0,0,0,0
2017-06-20,0,0,0,0,0,0,0
2017-06-21,0,0,0,0,0,0,0
2017-06-22,0.4,1.2,3.5,4.59,15.9,8.11,0
2017-06-23,0,0,0,0,0,0,0
2017-06-24,0.30000000000000004,0.2,2.6,1.72,2.3,1.99,2.6
2017-06-25,2.3000000000000003,2.4,0.1,0.46,0.15,0.05,0.03
2017-06-26,0,0.2,0.1,0.37,0.5,0.11,0.67
2017-06-27,0,0.30000000000000004,1.6,1.17,2.08,2.45,3.14
2017-06-28,15.9,14,7.1,22.95,12.2,9.04,8.34
2017-06-29,0,0.1,0,0,0.25,0.15,0
2017-06-30,0.1,0.8,2.5,3.35,4.25,1.92,3.03
2017-07-01,5.9,6,3.8,4.95,3.74,4.32,2.81
2017-07-02,1.2,1.1,2.8,2.19,1.67,1.1,1.73
2017-07-03,0,0,0,0,0,0,0
2017-07-04,0,0,0,0,0,0,0
2017-07-05,0,0,0,0,0,0,0
2017-07-06,7.5,7.8,17.6,15.41,12.45,11.99,8.24
2017-07-07,0.2,0.1,0,0.14,0,0,0
2017-07-08,0,0.2,0,0,0,1.32,0
2017-07-09,0,0,0.5,0.03,0,0.09,0.18
2017-07-10,0,0.1,0.1,0.07,0,0,0
2017-07-11,0,0,6.6,4.44,6.4,5.27,7.73
2017-07-12,22.900000000000002,23.8,22.3,17.29,18.09,17.71,20.68
2017-07-13,0,0,0,0,0,0,0
2017-07-14,4,4.4,7.8,5.85,5.41,8.44,2.69
2017-07-15,0,0,0,0,0,0.03,0.03
2017-07-16,1.3,1.3,3.4,2.39,2.29,3.77,2.96
2017-07-17,1.7,1.5,0.2,0.03,0.07,0.11,0.13
2017-07-18,0,0,0,0,0,0,0
2017-07-19,2.2,18.5,24.4,13.06,35.57,19.06,25.26
2017-07-20,15,22.3,0,1.74,0.12,18.12,0.06
2017-07-21,0,0,4.4,0,0.08,1.24,0.57
2017-07-22,0,0.5,14,10.71,9.13,11.35,16.97
2017-07-23,10.4,13.9,4.2,2.59,5.41,4.04,8.21
2017-07-24,3.6,4.2,12.3,4.07,4.08,4.96,5.82
2017-07-25,22.2,22.900000000000002,26.9,18.11,23.77,22.55,25.7
2017-07-26,0.5,0.8,0.9,1.16,1.09,0.48,1.19
2017-07-27,0.7000000000000001,0.6000000000000001,0.5,0.07,0.18,0.06,0
2017-07-28,1,1,0.8,1,0.87,0.84,0.76
2017-07-29,0,0,0.1,0,0.09,0,0.09
2017-07-30,0.4,0.1,2.2,0.86,1.15,1.54,1.06
2017-07-31,0.8,0.6000000000000001,0.3,0.19,0.28,0.2,0.29
2017-08-01,0.1,3,0.1,1.26,3.15,0.5,0.1
2017-08-02,5.2,4.6000000000000005,7,5.88,5.93,5.76,9.55
2017-08-03,1.1,1.5,0.3,0.29,0.23,0.15,0.24
2017-08-04,0,0,3.3,4.38,5.49,5.78,4.12
2017-08-05,15.6,15.2,16.4,12.39,12.21,10.63,13.28
2017-08-06,0,0,0,0,0,0,0
2017-08-07,0,0,0,0,0,0,0
2017-08-08,3.5,5.9,5.6,10.15,7.98,5.93,3.28
2017-08-09,0,0,2,1.69,2.13,1.11,3.42
2017-08-10,4.1000000000000005,4.800000000000001,6.6,8.59,10.8,6.98,7.72
2017-08-11,1.9000000000000001,5.4,10.1,2.24,5.91,8.14,8.17
2017-08-12,2.3000000000000003,2.3000000000000003,2.3,3.67,3.42,1.31,2.53
2017-08-13,0.1,0,0,0,0,0,0
2017-08-14,0,0,0.3,0,0,0,0
2017-08-15,0.7000000000000001,0.6000000000000001,0.9,1.07,0.98,0.47,1.31
2017-08-16,0,0,0,0,0,0.07,0.64
2017-08-17,0.2,0.1,5.7,2.52,2.11,2.67,6.99
2017-08-18,7.3,9.700000000000001,5.7,4.99,4.59,5.32,4.26
2017-08-19,5.8,6.5,1,8.38,2.97,5.95,0.16
2017-08-20,0,0,0,0,0.16,0,0
2017-08-21,0,0,0,0,0,0,0
2017-08-22,0,0,0,0,0,0,0
2017-08-23,0,0,0,0,0,0,0
2017-08-24,0,0,0,0,0,0,0
2017-08-25,0,0,0,0,0,0,0
2017-08-26,0,0,0,0,0,0,0
2017-08-27,0,0,0,0,0,0,0
2017-08-28,0,0,0,0,0,0,0
2017-08-29,0,0,0,0,0,0,0
2017-08-30,0.4,0.4,5.7,2.17,6.09,5,3.61
2017-08-31,2,2.3000000000000003,2,1.71,1.58,1.24,1.08
2017-09-01,0,1.5,7.1,0,0,0.04,0
2017-09-02,8.9,0.1,3.6,0.19,0.8,1.27,0
2017-09-03,0,0,0,0,0,0,0
2017-09-04,0,0,0,0,0,0,0
2017-09-05,4,3.2,1.5,3.59,4.56,5.56,1.53
2017-09-06,4.6000000000000005,5.3,2.6,2.41,2.06,4.37,2.53
2017-09-07,0,0,0,0,0,0,0
2017-09-08,17.1,23,35.1,30.32,42.08,33.88,39.58
2017-09-09,16.1,16.400000000000002,6.5,6.17,7.01,2.73,12.77
2017-09-10,0,0.1,1.7,1.49,2.33,0.63,2.42
2017-09-11,2.4,2.3000000000000003,2.6,1.05,2.05,2.39,2.98
2017-09-12,1.2000000000000002,2.1,8.1,6.69,9.28,5.54,6.24
2017-09-13,10.6,9.6,4,1.55,1.53,1.7,1.9
2017-09-14,13.3,13,12.2,15.05,14.33,7.55,16.5
2017-09-15,1.4000000000000001,0.8,5.8,2.07,4.48,3.95,8.09
2017-09-16,0,7.2,0,0.25,0,0.18,0.08
2017-09-17,1,1.8,0.1,0.03,0,0.15,1.27
2017-09-18,10.6,7.8,7.7,11.8,10.95,7.01,8.6
2017-09-19,0,6.8,0,0.13,0.66,0,0
2017-09-20,0,0,0,0,0,0,0
2017-09-21,0,0,0,0,0,0,0
2017-09-22,2.8000000000000003,0,2.3,4.39,1.64,0.59,1.47
2017-09-23,0,0,0,0,0,0,0
2017-09-24,0,0,0,0,0,0,0
2017-09-25,0,0,0,0,0,0,0
2017-09-26,8.1,0,11.5,0,4.43,8.26,3.19
2017-09-27,0,0,0,0,0,0,0.03
2017-09-28,0.6,0,1.1,3.04,1.39,1.91,1.89
2017-09-29,1.2000000000000002,0,6.5,15.13,8.51,4.21,5.71
2017-09-30,25.2,0,10.5,11.11,11.48,8.94,11.28
