Station;Essen BRW LANUV
Stationsnummer;45070215
Unterbezeichnung;
Parameter;Niederschlag
Einheit;mm
Aussage;Summe
Lebenslauf; Summen je ‚  1 Tag
Zeitangabe;Linke Seite des Zeitintervalls mit Intervallwert
01.05.2014 07:30:00;     28,16
02.05.2014 07:30:00;      0,09
03.05.2014 07:30:00;         0
04.05.2014 07:30:00;         0
05.05.2014 07:30:00;         0
06.05.2014 07:30:00;     21,15
07.05.2014 07:30:00;      1,64
08.05.2014 07:30:00;      9,89
09.05.2014 07:30:00;     13,91
10.05.2014 07:30:00;      6,18
11.05.2014 07:30:00;      2,89
12.05.2014 07:30:00;     11,25
13.05.2014 07:30:00;      1,93
14.05.2014 07:30:00;      2,19
15.05.2014 07:30:00;         0
16.05.2014 07:30:00;         0
17.05.2014 07:30:00;         0
18.05.2014 07:30:00;         0
19.05.2014 07:30:00;         0
20.05.2014 07:30:00;         0
21.05.2014 07:30:00;         0
22.05.2014 07:30:00;      4,97
23.05.2014 07:30:00;      4,45
24.05.2014 07:30:00;         0
25.05.2014 07:30:00;         0
26.05.2014 07:30:00;     14,52
27.05.2014 07:30:00;      6,87
28.05.2014 07:30:00;      7,49
29.05.2014 07:30:00;      1,91
30.05.2014 07:30:00;         0
31.05.2014 07:30:00;      0,03
01.06.2014 07:30:00;         0
02.06.2014 07:30:00;         0
03.06.2014 07:30:00;      0,18
04.06.2014 07:30:00;      5,23
05.06.2014 07:30:00;      2,24
06.06.2014 07:30:00;         0
07.06.2014 07:30:00;      0,01
08.06.2014 07:30:00;      0,84
09.06.2014 07:30:00;     33,44
10.06.2014 07:30:00;      6,60
11.06.2014 07:30:00;      0,01
12.06.2014 07:30:00;      0,02
13.06.2014 07:30:00;      0,02
14.06.2014 07:30:00;         0
15.06.2014 07:30:00;         0
16.06.2014 07:30:00;      0,24
17.06.2014 07:30:00;      0,02
18.06.2014 07:30:00;      0,03
19.06.2014 07:30:00;      1,51
20.06.2014 07:30:00;      2,65
21.06.2014 07:30:00;         0
22.06.2014 07:30:00;         0
23.06.2014 07:30:00;      0,02
24.06.2014 07:30:00;      0,88
25.06.2014 07:30:00;      0,01
26.06.2014 07:30:00;      0,21
27.06.2014 07:30:00;      6,37
28.06.2014 07:30:00;     10,86
29.06.2014 07:30:00;      3,69
30.06.2014 07:30:00;      0,76
01.07.2014 07:30:00;         0
02.07.2014 07:30:00;         0
03.07.2014 07:30:00;         0
04.07.2014 07:30:00;      0,40
05.07.2014 07:30:00;     13,38
06.07.2014 07:30:00;      2,93
07.07.2014 07:30:00;      6,57
08.07.2014 07:30:00;     36,52
09.07.2014 07:30:00;     45,10
10.07.2014 07:30:00;      2,04
11.07.2014 07:30:00;      0,32
12.07.2014 07:30:00;      0,06
13.07.2014 07:30:00;      1,04
14.07.2014 07:30:00;      0,20
15.07.2014 07:30:00;      0,03
16.07.2014 07:30:00;         0
17.07.2014 07:30:00;         0
18.07.2014 07:30:00;         0
19.07.2014 07:30:00;      0,16
20.07.2014 07:30:00;     12,92
21.07.2014 07:30:00;     10,02
22.07.2014 07:30:00;         0
23.07.2014 07:30:00;         0
24.07.2014 07:30:00;         0
25.07.2014 07:30:00;         0
26.07.2014 07:30:00;         0
27.07.2014 07:30:00;      0,03
28.07.2014 07:30:00;      1,22
29.07.2014 07:30:00;      5,35
30.07.2014 07:30:00;         0
31.07.2014 07:30:00;         0
01.08.2014 07:30:00;         0
02.08.2014 07:30:00;     17,86
03.08.2014 07:30:00;     14,41
04.08.2014 07:30:00;      0,54
05.08.2014 07:30:00;         0
06.08.2014 07:30:00;      5,49
07.08.2014 07:30:00;         0
08.08.2014 07:30:00;      6,63
09.08.2014 07:30:00;         0
10.08.2014 07:30:00;      2,68
11.08.2014 07:30:00;      1,24
12.08.2014 07:30:00;      4,03
13.08.2014 07:30:00;         0
14.08.2014 07:30:00;      0,10
15.08.2014 07:30:00;     14,17
16.08.2014 07:30:00;      0,44
17.08.2014 07:30:00;      0,71
18.08.2014 07:30:00;      4,88
19.08.2014 07:30:00;      4,06
20.08.2014 07:30:00;      2,88
21.08.2014 07:30:00;      0,03
22.08.2014 07:30:00;      3,85
23.08.2014 07:30:00;         0
24.08.2014 07:30:00;      0,32
25.08.2014 07:30:00;     14,41
26.08.2014 07:30:00;      8,13
27.08.2014 07:30:00;         0
28.08.2014 07:30:00;      1,31
29.08.2014 07:30:00;      1,52
30.08.2014 07:30:00;      4,70
31.08.2014 07:30:00;      3,18
01.09.2014 07:30:00;         0
02.09.2014 07:30:00;         0
03.09.2014 07:30:00;         0
04.09.2014 07:30:00;         0
05.09.2014 07:30:00;         0
06.09.2014 07:30:00;         0
07.09.2014 07:30:00;         0
08.09.2014 07:30:00;         0
09.09.2014 07:30:00;         0
10.09.2014 07:30:00;         0
11.09.2014 07:30:00;         0
12.09.2014 07:30:00;         0
13.09.2014 07:30:00;         0
14.09.2014 07:30:00;         0
15.09.2014 07:30:00;         0
16.09.2014 07:30:00;         0
17.09.2014 07:30:00;         0
18.09.2014 07:30:00;     18,61
19.09.2014 07:30:00;         0
20.09.2014 07:30:00;      8,37
21.09.2014 07:30:00;      2,54
22.09.2014 07:30:00;      1,65
23.09.2014 07:30:00;         0
24.09.2014 07:30:00;      7,85
25.09.2014 07:30:00;      0,16
26.09.2014 07:30:00;      1,43
27.09.2014 07:30:00;         0
28.09.2014 07:30:00;         0
29.09.2014 07:30:00;      1,22
30.09.2014 07:30:00;      1,29
01.10.2014 07:30:00;         0
02.10.2014 07:30:00;         0
03.10.2014 07:30:00;         0
04.10.2014 07:30:00;         0
05.10.2014 07:30:00;      0,27
06.10.2014 07:30:00;      2,20
07.10.2014 07:30:00;      9,31
08.10.2014 07:30:00;     14,66
09.10.2014 07:30:00;      2,40
10.10.2014 07:30:00;         0
11.10.2014 07:30:00;      1,14
12.10.2014 07:30:00;      2,12
13.10.2014 07:30:00;         0
14.10.2014 07:30:00;         0
15.10.2014 07:30:00;      2,43
16.10.2014 07:30:00;      8,23
17.10.2014 07:30:00;      0,43
18.10.2014 07:30:00;         0
19.10.2014 07:30:00;      1,72
20.10.2014 07:30:00;      2,29
21.10.2014 07:30:00;     11,21
22.10.2014 07:30:00;      3,84
23.10.2014 07:30:00;         0
24.10.2014 07:30:00;      0,77
25.10.2014 07:30:00;      0,88
26.10.2014 07:30:00;         0
27.10.2014 07:30:00;         0
28.10.2014 07:30:00;      0,03
29.10.2014 07:30:00;      0,38
30.10.2014 07:30:00;         0
31.10.2014 07:30:00;         0
01.11.2014 07:30:00;         0
02.11.2014 07:30:00;      2,68
03.11.2014 07:30:00;     13,10
04.11.2014 07:30:00;      1,34
05.11.2014 07:30:00;      1,19
06.11.2014 07:30:00;      0,40
07.11.2014 07:30:00;      0,13
08.11.2014 07:30:00;         0
09.11.2014 07:30:00;      0,76
10.11.2014 07:30:00;         0
11.11.2014 07:30:00;      2,62
12.11.2014 07:30:00;      0,24
13.11.2014 07:30:00;         0
14.11.2014 07:30:00;         0
15.11.2014 07:30:00;      8,79
16.11.2014 07:30:00;      7,14
17.11.2014 07:30:00;      0,56
18.11.2014 07:30:00;      0,06
19.11.2014 07:30:00;         0
20.11.2014 07:30:00;         0
21.11.2014 07:30:00;         0
22.11.2014 07:30:00;         0
23.11.2014 07:30:00;      2,47
24.11.2014 07:30:00;         0
25.11.2014 07:30:00;         0
26.11.2014 07:30:00;      0,03
27.11.2014 07:30:00;      1,27
28.11.2014 07:30:00;         0
29.11.2014 07:30:00;         0
30.11.2014 07:30:00;         0
01.12.2014 07:30:00;         0
02.12.2014 07:30:00;         0
03.12.2014 07:30:00;         0
04.12.2014 07:30:00;         0
05.12.2014 07:30:00;         0
06.12.2014 07:30:00;         0
07.12.2014 07:30:00;      5,26
08.12.2014 07:30:00;      5,43
09.12.2014 07:30:00;      1,35
10.12.2014 07:30:00;      3,44
11.12.2014 07:30:00;      5,77
12.12.2014 07:30:00;     17,20
13.12.2014 07:30:00;         0
14.12.2014 07:30:00;         0
15.12.2014 07:30:00;      1,89
16.12.2014 07:30:00;      0,82
17.12.2014 07:30:00;      6,46
18.12.2014 07:30:00;      1,40
19.12.2014 07:30:00;     10,11
20.12.2014 07:30:00;      4,90
21.12.2014 07:30:00;      2,01
22.12.2014 07:30:00;      0,90
23.12.2014 07:30:00;      0,36
24.12.2014 07:30:00;      8,41
25.12.2014 07:30:00;      2,02
26.12.2014 07:30:00;      2,58
27.12.2014 07:30:00;      6,67
28.12.2014 07:30:00;      3,67
29.12.2014 07:30:00;      1,31
30.12.2014 07:30:00;      0,56
31.12.2014 07:30:00;      0,30
01.01.2015 07:30:00;      4,58
02.01.2015 07:30:00;      2,28
03.01.2015 07:30:00;      4,27
04.01.2015 07:30:00;         0
05.01.2015 07:30:00;         0
06.01.2015 07:30:00;      2,49
07.01.2015 07:30:00;      3,29
08.01.2015 07:30:00;     23,16
09.01.2015 07:30:00;      7,73
10.01.2015 07:30:00;      4,17
11.01.2015 07:30:00;      1,94
12.01.2015 07:30:00;      1,41
13.01.2015 07:30:00;      6,51
14.01.2015 07:30:00;      1,23
15.01.2015 07:30:00;      5,43
16.01.2015 07:30:00;      0,06
17.01.2015 07:30:00;      0,03
18.01.2015 07:30:00;      0,03
19.01.2015 07:30:00;         0
20.01.2015 07:30:00;         0
21.01.2015 07:30:00;         0
22.01.2015 07:30:00;         0
23.01.2015 07:30:00;         0
24.01.2015 07:30:00;      5,02
25.01.2015 07:30:00;      5,03
26.01.2015 07:30:00;      4,71
27.01.2015 07:30:00;      1,40
28.01.2015 07:30:00;      5,14
29.01.2015 07:30:00;      4,36
30.01.2015 07:30:00;      2,64
31.01.2015 07:30:00;      0,23
01.02.2015 07:30:00;      3,38
02.02.2015 07:30:00;      1,80
03.02.2015 07:30:00;      1,11
04.02.2015 07:30:00;         0
05.02.2015 07:30:00;         0
06.02.2015 07:30:00;         0
07.02.2015 07:30:00;      0,54
08.02.2015 07:30:00;      0,43
09.02.2015 07:30:00;      2,72
10.02.2015 07:30:00;      0,12
11.02.2015 07:30:00;         0
12.02.2015 07:30:00;         0
13.02.2015 07:30:00;         0
14.02.2015 07:30:00;         0
15.02.2015 07:30:00;         0
16.02.2015 07:30:00;      0,03
17.02.2015 07:30:00;      0,39
18.02.2015 07:30:00;         0
19.02.2015 07:30:00;         0
20.02.2015 07:30:00;     10,07
21.02.2015 07:30:00;      1,50
22.02.2015 07:30:00;      3,60
23.02.2015 07:30:00;      3,57
24.02.2015 07:30:00;      5,38
25.02.2015 07:30:00;      0,66
26.02.2015 07:30:00;     10,75
27.02.2015 07:30:00;      0,03
28.02.2015 07:30:00;      1,70
01.03.2015 07:30:00;      1,67
02.03.2015 07:30:00;      1,57
03.03.2015 07:30:00;      2,89
04.03.2015 07:30:00;      1,79
05.03.2015 07:30:00;         0
06.03.2015 07:30:00;      0,15
07.03.2015 07:30:00;         0
08.03.2015 07:30:00;      0,24
09.03.2015 07:30:00;      0,45
10.03.2015 07:30:00;      0,55
11.03.2015 07:30:00;         0
12.03.2015 07:30:00;         0
13.03.2015 07:30:00;         0
14.03.2015 07:30:00;      0,67
15.03.2015 07:30:00;      0,03
16.03.2015 07:30:00;         0
17.03.2015 07:30:00;         0
18.03.2015 07:30:00;         0
19.03.2015 07:30:00;         0
20.03.2015 07:30:00;      2,56
21.03.2015 07:30:00;      6,09
22.03.2015 07:30:00;         0
23.03.2015 07:30:00;         0
24.03.2015 07:30:00;      0,12
25.03.2015 07:30:00;      1,11
26.03.2015 07:30:00;      1,97
27.03.2015 07:30:00;      0,30
28.03.2015 07:30:00;      4,83
29.03.2015 07:30:00;     14,36
30.03.2015 07:30:00;     15,65
31.03.2015 07:30:00;      3,76
01.04.2015 07:30:00;      9,68
02.04.2015 07:30:00;      0,50
03.04.2015 07:30:00;         0
04.04.2015 07:30:00;      0,06
05.04.2015 07:30:00;         0
06.04.2015 07:30:00;      0,51
07.04.2015 07:30:00;         0
08.04.2015 07:30:00;         0
09.04.2015 07:30:00;         0
10.04.2015 07:30:00;         0
11.04.2015 07:30:00;      0,51
12.04.2015 07:30:00;      0,09
13.04.2015 07:30:00;         0
14.04.2015 07:30:00;         0
15.04.2015 07:30:00;         0
16.04.2015 07:30:00;         0
17.04.2015 07:30:00;         0
18.04.2015 07:30:00;         0
19.04.2015 07:30:00;         0
20.04.2015 07:30:00;         0
21.04.2015 07:30:00;         0
22.04.2015 07:30:00;         0
23.04.2015 07:30:00;         0
24.04.2015 07:30:00;      0,95
25.04.2015 07:30:00;      3,67
26.04.2015 07:30:00;     13,14
27.04.2015 07:30:00;         0
28.04.2015 07:30:00;         0
29.04.2015 07:30:00;      0,27
30.04.2015 07:30:00;      3,86
01.05.2015 07:30:00;         0
02.05.2015 07:30:00;         0
03.05.2015 07:30:00;      8,47
04.05.2015 07:30:00;      3,56
05.05.2015 07:30:00;      0,31
06.05.2015 07:30:00;      0,25
07.05.2015 07:30:00;         0
08.05.2015 07:30:00;      0,06
09.05.2015 07:30:00;      1,06
10.05.2015 07:30:00;         0
11.05.2015 07:30:00;         0
12.05.2015 07:30:00;         0
13.05.2015 07:30:00;         0
14.05.2015 07:30:00;         0
15.05.2015 07:30:00;         0
16.05.2015 07:30:00;      1,81
17.05.2015 07:30:00;         0
18.05.2015 07:30:00;      1,79
19.05.2015 07:30:00;      1,30
20.05.2015 07:30:00;      0,87
21.05.2015 07:30:00;         0
22.05.2015 07:30:00;         0
23.05.2015 07:30:00;         0
24.05.2015 07:30:00;      0,62
25.05.2015 07:30:00;      1,89
26.05.2015 07:30:00;         0
27.05.2015 07:30:00;         0
28.05.2015 07:30:00;      6,73
29.05.2015 07:30:00;      3,38
30.05.2015 07:30:00;      3,08
31.05.2015 07:30:00;      8,77
01.06.2015 07:30:00;      0,38
02.06.2015 07:30:00;      1,47
03.06.2015 07:30:00;         0
04.06.2015 07:30:00;      0,03
05.06.2015 07:30:00;      3,34
06.06.2015 07:30:00;         0
07.06.2015 07:30:00;         0
08.06.2015 07:30:00;         0
09.06.2015 07:30:00;         0
10.06.2015 07:30:00;         0
11.06.2015 07:30:00;         0
12.06.2015 07:30:00;         0
13.06.2015 07:30:00;      2,06
14.06.2015 07:30:00;         0
15.06.2015 07:30:00;         0
16.06.2015 07:30:00;         0
17.06.2015 07:30:00;      8,42
18.06.2015 07:30:00;      0,41
19.06.2015 07:30:00;      3,46
20.06.2015 07:30:00;      1,42
21.06.2015 07:30:00;      5,39
22.06.2015 07:30:00;     19,35
23.06.2015 07:30:00;      8,14
24.06.2015 07:30:00;         0
25.06.2015 07:30:00;         0
26.06.2015 07:30:00;      3,27
27.06.2015 07:30:00;      2,07
28.06.2015 07:30:00;         0
29.06.2015 07:30:00;         0
30.06.2015 07:30:00;         0
01.07.2015 07:30:00;         0
02.07.2015 07:30:00;      0,91
03.07.2015 07:30:00;         0
04.07.2015 07:30:00;      0,74
05.07.2015 07:30:00;      5,95
06.07.2015 07:30:00;         0
07.07.2015 07:30:00;      1,00
08.07.2015 07:30:00;     13,65
09.07.2015 07:30:00;      0,14
10.07.2015 07:30:00;         0
11.07.2015 07:30:00;         0
12.07.2015 07:30:00;      3,72
13.07.2015 07:30:00;     12,77
14.07.2015 07:30:00;      4,53
15.07.2015 07:30:00;      0,25
16.07.2015 07:30:00;      0,32
17.07.2015 07:30:00;      0,24
18.07.2015 07:30:00;      8,09
19.07.2015 07:30:00;      0,23
20.07.2015 07:30:00;      1,86
21.07.2015 07:30:00;         0
22.07.2015 07:30:00;         0
23.07.2015 07:30:00;         0
24.07.2015 07:30:00;      3,15
25.07.2015 07:30:00;      5,88
26.07.2015 07:30:00;      3,28
27.07.2015 07:30:00;      1,83
28.07.2015 07:30:00;      0,03
29.07.2015 07:30:00;      4,62
30.07.2015 07:30:00;      0,47
31.07.2015 07:30:00;         0
01.08.2015 07:30:00;         0
02.08.2015 07:30:00;         0
03.08.2015 07:30:00;         0
04.08.2015 07:30:00;      8,28
05.08.2015 07:30:00;         0
06.08.2015 07:30:00;      3,12
07.08.2015 07:30:00;      7,51
08.08.2015 07:30:00;         0
09.08.2015 07:30:00;      1,70
10.08.2015 07:30:00;     14,76
11.08.2015 07:30:00;         0
12.08.2015 07:30:00;         0
13.08.2015 07:30:00;      8,72
14.08.2015 07:30:00;      3,19
15.08.2015 07:30:00;     20,31
16.08.2015 07:30:00;     29,93
17.08.2015 07:30:00;     29,21
18.08.2015 07:30:00;      0,22
19.08.2015 07:30:00;         0
20.08.2015 07:30:00;         0
21.08.2015 07:30:00;         0
22.08.2015 07:30:00;         0
23.08.2015 07:30:00;      6,16
24.08.2015 07:30:00;      9,50
25.08.2015 07:30:00;      0,48
26.08.2015 07:30:00;      0,84
27.08.2015 07:30:00;     24,69
28.08.2015 07:30:00;         0
29.08.2015 07:30:00;         0
30.08.2015 07:30:00;         0
31.08.2015 07:30:00;      1,82
01.09.2015 07:30:00;     12,74
02.09.2015 07:30:00;      0,65
03.09.2015 07:30:00;      0,10
04.09.2015 07:30:00;     11,59
05.09.2015 07:30:00;      5,98
06.09.2015 07:30:00;      7,04
07.09.2015 07:30:00;      2,93
08.09.2015 07:30:00;      0,29
09.09.2015 07:30:00;         0
10.09.2015 07:30:00;         0
11.09.2015 07:30:00;         0
12.09.2015 07:30:00;      6,01
13.09.2015 07:30:00;      0,78
14.09.2015 07:30:00;      0,81
15.09.2015 07:30:00;      1,79
16.09.2015 07:30:00;     11,09
17.09.2015 07:30:00;      7,61
18.09.2015 07:30:00;      0,59
19.09.2015 07:30:00;      0,03
20.09.2015 07:30:00;         0
21.09.2015 07:30:00;      0,85
22.09.2015 07:30:00;      9,02
23.09.2015 07:30:00;      1,97
24.09.2015 07:30:00;      0,23
25.09.2015 07:30:00;         0
26.09.2015 07:30:00;         0
27.09.2015 07:30:00;         0
28.09.2015 07:30:00;         0
29.09.2015 07:30:00;         0
30.09.2015 07:30:00;         0
01.10.2015 07:30:00;         0
02.10.2015 07:30:00;         0
03.10.2015 07:30:00;         0
04.10.2015 07:30:00;         0
05.10.2015 07:30:00;      7,94
06.10.2015 07:30:00;      0,77
07.10.2015 07:30:00;      6,05
08.10.2015 07:30:00;      7,73
09.10.2015 07:30:00;      0,72
10.10.2015 07:30:00;         0
11.10.2015 07:30:00;         0
12.10.2015 07:30:00;         0
13.10.2015 07:30:00;      1,77
14.10.2015 07:30:00;      5,60
15.10.2015 07:30:00;     15,88
16.10.2015 07:30:00;     10,23
17.10.2015 07:30:00;      0,15
18.10.2015 07:30:00;      0,15
19.10.2015 07:30:00;         0
20.10.2015 07:30:00;         0
21.10.2015 07:30:00;      1,13
22.10.2015 07:30:00;      1,13
23.10.2015 07:30:00;         0
24.10.2015 07:30:00;      0,33
25.10.2015 07:30:00;      0,47
26.10.2015 07:30:00;         0
27.10.2015 07:30:00;         0
28.10.2015 07:30:00;         0
29.10.2015 07:30:00;         0
30.10.2015 07:30:00;         0
31.10.2015 07:30:00;         0
01.11.2015 07:30:00;         0
02.11.2015 07:30:00;         0
03.11.2015 07:30:00;         0
04.11.2015 07:30:00;      2,53
05.11.2015 07:30:00;      2,37
06.11.2015 07:30:00;      2,46
07.11.2015 07:30:00;      0,33
08.11.2015 07:30:00;      1,49
09.11.2015 07:30:00;      0,13
10.11.2015 07:30:00;      1,19
11.11.2015 07:30:00;      0,09
12.11.2015 07:30:00;      0,03
13.11.2015 07:30:00;      4,68
14.11.2015 07:30:00;     10,42
15.11.2015 07:30:00;      4,13
16.11.2015 07:30:00;     13,81
17.11.2015 07:30:00;      1,88
18.11.2015 07:30:00;      0,29
19.11.2015 07:30:00;      8,47
20.11.2015 07:30:00;      2,01
21.11.2015 07:30:00;      2,26
22.11.2015 07:30:00;      0,54
23.11.2015 07:30:00;         0
24.11.2015 07:30:00;      5,51
25.11.2015 07:30:00;      0,21
26.11.2015 07:30:00;      0,03
27.11.2015 07:30:00;      3,85
28.11.2015 07:30:00;      3,72
29.11.2015 07:30:00;     15,92
30.11.2015 07:30:00;     31,36
01.12.2015 07:30:00;      2,75
02.12.2015 07:30:00;         0
03.12.2015 07:30:00;      4,16
04.12.2015 07:30:00;      3,02
05.12.2015 07:30:00;         0
06.12.2015 07:30:00;      5,72
07.12.2015 07:30:00;         0
08.12.2015 07:30:00;      6,67
09.12.2015 07:30:00;         0
10.12.2015 07:30:00;      2,69
11.12.2015 07:30:00;      8,27
12.12.2015 07:30:00;      3,73
13.12.2015 07:30:00;      0,87
14.12.2015 07:30:00;      0,06
15.12.2015 07:30:00;      2,26
16.12.2015 07:30:00;      3,90
17.12.2015 07:30:00;      0,18
18.12.2015 07:30:00;         0
19.12.2015 07:30:00;         0
20.12.2015 07:30:00;      2,80
21.12.2015 07:30:00;      4,06
22.12.2015 07:30:00;      0,32
23.12.2015 07:30:00;      0,04
24.12.2015 07:30:00;      4,89
25.12.2015 07:30:00;      3,21
26.12.2015 07:30:00;         0
27.12.2015 07:30:00;         0
28.12.2015 07:30:00;         0
29.12.2015 07:30:00;         0
30.12.2015 07:30:00;      0,48
31.12.2015 07:30:00;      1,78
01.01.2016 07:30:00;         0
02.01.2016 07:30:00;      1,82
03.01.2016 07:30:00;      5,22
04.01.2016 07:30:00;      3,55
05.01.2016 07:30:00;      0,44
06.01.2016 07:30:00;      0,95
07.01.2016 07:30:00;      3,64
08.01.2016 07:30:00;         0
09.01.2016 07:30:00;      2,30
10.01.2016 07:30:00;      0,37
11.01.2016 07:30:00;      3,89
12.01.2016 07:30:00;      6,78
13.01.2016 07:30:00;      3,99
14.01.2016 07:30:00;      7,52
15.01.2016 07:30:00;      1,42
16.01.2016 07:30:00;      1,52
17.01.2016 07:30:00;         0
18.01.2016 07:30:00;         0
19.01.2016 07:30:00;         0
20.01.2016 07:30:00;      0,17
21.01.2016 07:30:00;         0
22.01.2016 07:30:00;      2,90
23.01.2016 07:30:00;         0
24.01.2016 07:30:00;      0,53
25.01.2016 07:30:00;         0
26.01.2016 07:30:00;      1,97
27.01.2016 07:30:00;     11,43
28.01.2016 07:30:00;         0
29.01.2016 07:30:00;      2,79
30.01.2016 07:30:00;     12,40
31.01.2016 07:30:00;     11,01
01.02.2016 07:30:00;      2,06
02.02.2016 07:30:00;     10,13
03.02.2016 07:30:00;      0,32
04.02.2016 07:30:00;      5,45
05.02.2016 07:30:00;      1,61
06.02.2016 07:30:00;         0
07.02.2016 07:30:00;      3,94
08.02.2016 07:30:00;      7,73
09.02.2016 07:30:00;     15,33
10.02.2016 07:30:00;      6,46
11.02.2016 07:30:00;      0,27
12.02.2016 07:30:00;         0
13.02.2016 07:30:00;      4,46
14.02.2016 07:30:00;      4,56
15.02.2016 07:30:00;      1,38
16.02.2016 07:30:00;         0
17.02.2016 07:30:00;      0,21
18.02.2016 07:30:00;      0,03
19.02.2016 07:30:00;      1,97
20.02.2016 07:30:00;     12,67
21.02.2016 07:30:00;      1,87
22.02.2016 07:30:00;     15,07
23.02.2016 07:30:00;      2,38
24.02.2016 07:30:00;      1,43
25.02.2016 07:30:00;      0,18
26.02.2016 07:30:00;         0
27.02.2016 07:30:00;         0
28.02.2016 07:30:00;         0
29.02.2016 07:30:00;         0
01.03.2016 07:30:00;      6,08
02.03.2016 07:30:00;      4,25
03.03.2016 07:30:00;         0
04.03.2016 07:30:00;      4,94
05.03.2016 07:30:00;      0,52
06.03.2016 07:30:00;      3,26
07.03.2016 07:30:00;      0,15
08.03.2016 07:30:00;      0,03
09.03.2016 07:30:00;         0
10.03.2016 07:30:00;         0
11.03.2016 07:30:00;      0,03
12.03.2016 07:30:00;         0
13.03.2016 07:30:00;         0
14.03.2016 07:30:00;         0
15.03.2016 07:30:00;         0
16.03.2016 07:30:00;         0
17.03.2016 07:30:00;         0
18.03.2016 07:30:00;      0,18
19.03.2016 07:30:00;      0,09
20.03.2016 07:30:00;      0,95
21.03.2016 07:30:00;      0,22
22.03.2016 07:30:00;      0,23
23.03.2016 07:30:00;      0,49
24.03.2016 07:30:00;      2,38
25.03.2016 07:30:00;      7,95
26.03.2016 07:30:00;      2,98
27.03.2016 07:30:00;      2,69
28.03.2016 07:30:00;      3,35
29.03.2016 07:30:00;      1,74
30.03.2016 07:30:00;      0,49
31.03.2016 07:30:00;      0,55
01.04.2016 07:30:00;         0
02.04.2016 07:30:00;         0
03.04.2016 07:30:00;      1,07
04.04.2016 07:30:00;      0,63
05.04.2016 07:30:00;     10,00
06.04.2016 07:30:00;      0,76
07.04.2016 07:30:00;      0,86
08.04.2016 07:30:00;      0,35
09.04.2016 07:30:00;         0
10.04.2016 07:30:00;         0
11.04.2016 07:30:00;      0,24
12.04.2016 07:30:00;      2,90
13.04.2016 07:30:00;      0,07
14.04.2016 07:30:00;      3,17
15.04.2016 07:30:00;         0
16.04.2016 07:30:00;      7,30
17.04.2016 07:30:00;      0,45
18.04.2016 07:30:00;      0,18
19.04.2016 07:30:00;         0
20.04.2016 07:30:00;         0
21.04.2016 07:30:00;         0
22.04.2016 07:30:00;         0
23.04.2016 07:30:00;      0,10
24.04.2016 07:30:00;      1,10
25.04.2016 07:30:00;      8,62
26.04.2016 07:30:00;      6,85
27.04.2016 07:30:00;     11,17
28.04.2016 07:30:00;      1,64
29.04.2016 07:30:00;      8,56
30.04.2016 07:30:00;      2,23
01.05.2016 07:30:00;         0
02.05.2016 07:30:00;      3,88
03.05.2016 07:30:00;      0,03
04.05.2016 07:30:00;         0
05.05.2016 07:30:00;         0
06.05.2016 07:30:00;         0
07.05.2016 07:30:00;         0
08.05.2016 07:30:00;         0
09.05.2016 07:30:00;         0
10.05.2016 07:30:00;         0
11.05.2016 07:30:00;         0
12.05.2016 07:30:00;         0
13.05.2016 07:30:00;         0
14.05.2016 07:30:00;      0,38
15.05.2016 07:30:00;      1,27
16.05.2016 07:30:00;      0,30
17.05.2016 07:30:00;         0
18.05.2016 07:30:00;      0,66
19.05.2016 07:30:00;      0,09
20.05.2016 07:30:00;      0,38
21.05.2016 07:30:00;         0
22.05.2016 07:30:00;      6,39
23.05.2016 07:30:00;     10,75
24.05.2016 07:30:00;      0,03
25.05.2016 07:30:00;         0
26.05.2016 07:30:00;         0
27.05.2016 07:30:00;         0
28.05.2016 07:30:00;         0
29.05.2016 07:30:00;     12,11
30.05.2016 07:30:00;     10,38
31.05.2016 07:30:00;     11,64
01.06.2016 07:30:00;     13,29
02.06.2016 07:30:00;      6,33
03.06.2016 07:30:00;      0,03
04.06.2016 07:30:00;      0,14
05.06.2016 07:30:00;      9,20
06.06.2016 07:30:00;         0
07.06.2016 07:30:00;     20,65
08.06.2016 07:30:00;         0
09.06.2016 07:30:00;         0
10.06.2016 07:30:00;         0
11.06.2016 07:30:00;      0,03
12.06.2016 07:30:00;      7,47
13.06.2016 07:30:00;      8,04
14.06.2016 07:30:00;      0,23
15.06.2016 07:30:00;      3,44
16.06.2016 07:30:00;     11,11
17.06.2016 07:30:00;     10,45
18.06.2016 07:30:00;     15,34
19.06.2016 07:30:00;         0
20.06.2016 07:30:00;     10,90
21.06.2016 07:30:00;      3,49
22.06.2016 07:30:00;         0
23.06.2016 07:30:00;      3,81
24.06.2016 07:30:00;      2,01
25.06.2016 07:30:00;     34,79
26.06.2016 07:30:00;      7,95
27.06.2016 07:30:00;      5,39
28.06.2016 07:30:00;     10,69
29.06.2016 07:30:00;      0,74
30.06.2016 07:30:00;      0,29
01.07.2016 07:30:00;      7,85
02.07.2016 07:30:00;      0,73
03.07.2016 07:30:00;      3,63
04.07.2016 07:30:00;         0
05.07.2016 07:30:00;      0,60
06.07.2016 07:30:00;         0
07.07.2016 07:30:00;         0
08.07.2016 07:30:00;         0
09.07.2016 07:30:00;         0
10.07.2016 07:30:00;         0
11.07.2016 07:30:00;         0
12.07.2016 07:30:00;         0
13.07.2016 07:30:00;      0,76
14.07.2016 07:30:00;      0,03
15.07.2016 07:30:00;         0
16.07.2016 07:30:00;         0
17.07.2016 07:30:00;      0,71
18.07.2016 07:30:00;         0
19.07.2016 07:30:00;         0
20.07.2016 07:30:00;         0
21.07.2016 07:30:00;         0
22.07.2016 07:30:00;         0
23.07.2016 07:30:00;         0
24.07.2016 07:30:00;         0
25.07.2016 07:30:00;         0
26.07.2016 07:30:00;         0
27.07.2016 07:30:00;      0,55
28.07.2016 07:30:00;      1,50
29.07.2016 07:30:00;      0,16
30.07.2016 07:30:00;         0
31.07.2016 07:30:00;     12,17
01.08.2016 07:30:00;      8,38
02.08.2016 07:30:00;     11,87
03.08.2016 07:30:00;     10,79
04.08.2016 07:30:00;         0
05.08.2016 07:30:00;      1,50
06.08.2016 07:30:00;      0,26
07.08.2016 07:30:00;         0
08.08.2016 07:30:00;      0,99
09.08.2016 07:30:00;      5,96
10.08.2016 07:30:00;      1,88
11.08.2016 07:30:00;     10,87
12.08.2016 07:30:00;      0,34
13.08.2016 07:30:00;         0
14.08.2016 07:30:00;         0
15.08.2016 07:30:00;         0
16.08.2016 07:30:00;         0
17.08.2016 07:30:00;         0
18.08.2016 07:30:00;         0
19.08.2016 07:30:00;      3,07
20.08.2016 07:30:00;      3,76
21.08.2016 07:30:00;      7,25
22.08.2016 07:30:00;      0,40
23.08.2016 07:30:00;         0
24.08.2016 07:30:00;         0
25.08.2016 07:30:00;         0
26.08.2016 07:30:00;         0
27.08.2016 07:30:00;      1,23
28.08.2016 07:30:00;      0,16
29.08.2016 07:30:00;      1,97
30.08.2016 07:30:00;         0
31.08.2016 07:30:00;         0
01.09.2016 07:30:00;         0
02.09.2016 07:30:00;         0
03.09.2016 07:30:00;      1,30
04.09.2016 07:30:00;     18,44
05.09.2016 07:30:00;         0
06.09.2016 07:30:00;         0
07.09.2016 07:30:00;         0
08.09.2016 07:30:00;         0
09.09.2016 07:30:00;         0
10.09.2016 07:30:00;         0
11.09.2016 07:30:00;         0
12.09.2016 07:30:00;         0
13.09.2016 07:30:00;         0
14.09.2016 07:30:00;         0
15.09.2016 07:30:00;      1,51
16.09.2016 07:30:00;         0
17.09.2016 07:30:00;      0,88
18.09.2016 07:30:00;         0
19.09.2016 07:30:00;         0
20.09.2016 07:30:00;      0,09
21.09.2016 07:30:00;         0
22.09.2016 07:30:00;         0
23.09.2016 07:30:00;         0
24.09.2016 07:30:00;         0
25.09.2016 07:30:00;         0
26.09.2016 07:30:00;         0
27.09.2016 07:30:00;         0
28.09.2016 07:30:00;         0
29.09.2016 07:30:00;      2,35
30.09.2016 07:30:00;      0,12
01.10.2016 07:30:00;      3,35
02.10.2016 07:30:00;      2,99
03.10.2016 07:30:00;      2,05
04.10.2016 07:30:00;         0
05.10.2016 07:30:00;         0
06.10.2016 07:30:00;         0
07.10.2016 07:30:00;         0
08.10.2016 07:30:00;         0
09.10.2016 07:30:00;      0,75
10.10.2016 07:30:00;      0,04
11.10.2016 07:30:00;      1,31
12.10.2016 07:30:00;         0
13.10.2016 07:30:00;         0
14.10.2016 07:30:00;      0,37
15.10.2016 07:30:00;      0,12
16.10.2016 07:30:00;         0
17.10.2016 07:30:00;         0
18.10.2016 07:30:00;      6,18
19.10.2016 07:30:00;     14,10
20.10.2016 07:30:00;      2,00
21.10.2016 07:30:00;      6,36
22.10.2016 07:30:00;         0
23.10.2016 07:30:00;         0
24.10.2016 07:30:00;      5,08
25.10.2016 07:30:00;      0,03
26.10.2016 07:30:00;         0
27.10.2016 07:30:00;         0
28.10.2016 07:30:00;      1,33
29.10.2016 07:30:00;         0
30.10.2016 07:30:00;         0
31.10.2016 07:30:00;         0
01.11.2016 07:30:00;      0,74
02.11.2016 07:30:00;      0,29
03.11.2016 07:30:00;         0
04.11.2016 07:30:00;      3,43
05.11.2016 07:30:00;      0,06
06.11.2016 07:30:00;      1,74
07.11.2016 07:30:00;      4,04
08.11.2016 07:30:00;      1,87
09.11.2016 07:30:00;      8,26
10.11.2016 07:30:00;      8,87
11.11.2016 07:30:00;         0
12.11.2016 07:30:00;         0
13.11.2016 07:30:00;         0
14.11.2016 07:30:00;      1,09
15.11.2016 07:30:00;      8,22
16.11.2016 07:30:00;     13,98
17.11.2016 07:30:00;      3,57
18.11.2016 07:30:00;      4,73
19.11.2016 07:30:00;      0,23
20.11.2016 07:30:00;      0,77
21.11.2016 07:30:00;      3,09
22.11.2016 07:30:00;      0,18
23.11.2016 07:30:00;         0
24.11.2016 07:30:00;         0
25.11.2016 07:30:00;         0
26.11.2016 07:30:00;      0,71
27.11.2016 07:30:00;      0,09
28.11.2016 07:30:00;         0
29.11.2016 07:30:00;         0
30.11.2016 07:30:00;         0
01.12.2016 07:30:00;      1,55
02.12.2016 07:30:00;      1,39
03.12.2016 07:30:00;      0,03
04.12.2016 07:30:00;         0
05.12.2016 07:30:00;         0
06.12.2016 07:30:00;      0,03
07.12.2016 07:30:00;         0
08.12.2016 07:30:00;      0,06
09.12.2016 07:30:00;         0
10.12.2016 07:30:00;      5,51
11.12.2016 07:30:00;      1,22
12.12.2016 07:30:00;         0
13.12.2016 07:30:00;      1,05
14.12.2016 07:30:00;         0
15.12.2016 07:30:00;         0
16.12.2016 07:30:00;         0
17.12.2016 07:30:00;      0,24
18.12.2016 07:30:00;         0
19.12.2016 07:30:00;         0
20.12.2016 07:30:00;      0,06
21.12.2016 07:30:00;      6,03
22.12.2016 07:30:00;      2,10
23.12.2016 07:30:00;      2,14
24.12.2016 07:30:00;      0,95
25.12.2016 07:30:00;      2,34
26.12.2016 07:30:00;      6,01
27.12.2016 07:30:00;         0
28.12.2016 07:30:00;         0
29.12.2016 07:30:00;         0
30.12.2016 07:30:00;         0
31.12.2016 07:30:00;         0
01.01.2017 07:30:00;      5,23
02.01.2017 07:30:00;      0,35
03.01.2017 07:30:00;      4,45
04.01.2017 07:30:00;      1,25
05.01.2017 07:30:00;         0
06.01.2017 07:30:00;         0
07.01.2017 07:30:00;      2,01
08.01.2017 07:30:00;      0,06
09.01.2017 07:30:00;      2,16
10.01.2017 07:30:00;         0
11.01.2017 07:30:00;      5,42
12.01.2017 07:30:00;      9,42
13.01.2017 07:30:00;      4,34
14.01.2017 07:30:00;      2,42
15.01.2017 07:30:00;      0,72
16.01.2017 07:30:00;         0
17.01.2017 07:30:00;         0
18.01.2017 07:30:00;         0
19.01.2017 07:30:00;         0
20.01.2017 07:30:00;         0
21.01.2017 07:30:00;         0
22.01.2017 07:30:00;         0
23.01.2017 07:30:00;      0,46
24.01.2017 07:30:00;         0
25.01.2017 07:30:00;         0
26.01.2017 07:30:00;         0
27.01.2017 07:30:00;         0
28.01.2017 07:30:00;      2,31
29.01.2017 07:30:00;      1,78
30.01.2017 07:30:00;      4,58
31.01.2017 07:30:00;         0
01.02.2017 07:30:00;      0,09
02.02.2017 07:30:00;      0,19
03.02.2017 07:30:00;      1,48
04.02.2017 07:30:00;      5,64
05.02.2017 07:30:00;         0
06.02.2017 07:30:00;         0
07.02.2017 07:30:00;      3,27
08.02.2017 07:30:00;         0
09.02.2017 07:30:00;         0
10.02.2017 07:30:00;      2,89
11.02.2017 07:30:00;      4,77
12.02.2017 07:30:00;         0
13.02.2017 07:30:00;         0
14.02.2017 07:30:00;         0
15.02.2017 07:30:00;         0
16.02.2017 07:30:00;         0
17.02.2017 07:30:00;      3,89
18.02.2017 07:30:00;         0
19.02.2017 07:30:00;      0,84
20.02.2017 07:30:00;      7,46
21.02.2017 07:30:00;      1,64
22.02.2017 07:30:00;     25,22
23.02.2017 07:30:00;      5,26
24.02.2017 07:30:00;      0,31
25.02.2017 07:30:00;         0
26.02.2017 07:30:00;         0
27.02.2017 07:30:00;      8,07
28.02.2017 07:30:00;      8,67
01.03.2017 07:30:00;      2,08
02.03.2017 07:30:00;      0,19
03.03.2017 07:30:00;         0
04.03.2017 07:30:00;      6,66
05.03.2017 07:30:00;      4,55
06.03.2017 07:30:00;     10,05
07.03.2017 07:30:00;      0,85
08.03.2017 07:30:00;     10,08
09.03.2017 07:30:00;      1,42
10.03.2017 07:30:00;         0
11.03.2017 07:30:00;         0
12.03.2017 07:30:00;         0
13.03.2017 07:30:00;         0
14.03.2017 07:30:00;         0
15.03.2017 07:30:00;         0
16.03.2017 07:30:00;      0,06
17.03.2017 07:30:00;      6,76
18.03.2017 07:30:00;     15,11
19.03.2017 07:30:00;      0,15
20.03.2017 07:30:00;      1,50
21.03.2017 07:30:00;      0,28
22.03.2017 07:30:00;         0
23.03.2017 07:30:00;         0
24.03.2017 07:30:00;         0
25.03.2017 07:30:00;         0
26.03.2017 07:30:00;         0
27.03.2017 07:30:00;         0
28.03.2017 07:30:00;         0
29.03.2017 07:30:00;         0
30.03.2017 07:30:00;         0
31.03.2017 07:30:00;      0,15
01.04.2017 07:30:00;      0,88
02.04.2017 07:30:00;         0
03.04.2017 07:30:00;         0
04.04.2017 07:30:00;         0
05.04.2017 07:30:00;         0
06.04.2017 07:30:00;         0
07.04.2017 07:30:00;         0
08.04.2017 07:30:00;         0
09.04.2017 07:30:00;         0
10.04.2017 07:30:00;         0
11.04.2017 07:30:00;         0
12.04.2017 07:30:00;      0,89
13.04.2017 07:30:00;         0
14.04.2017 07:30:00;      0,35
15.04.2017 07:30:00;      1,06
16.04.2017 07:30:00;     16,46
17.04.2017 07:30:00;      0,46
18.04.2017 07:30:00;      0,03
19.04.2017 07:30:00;         0
20.04.2017 07:30:00;      0,06
21.04.2017 07:30:00;      2,25
22.04.2017 07:30:00;      0,11
23.04.2017 07:30:00;         0
24.04.2017 07:30:00;      1,36
25.04.2017 07:30:00;      0,45
26.04.2017 07:30:00;      0,93
27.04.2017 07:30:00;      0,28
28.04.2017 07:30:00;      0,48
29.04.2017 07:30:00;         0
30.04.2017 07:30:00;         0
01.05.2017 07:30:00;      5,22
02.05.2017 07:30:00;      6,89
03.05.2017 07:30:00;      1,66
04.05.2017 07:30:00;      0,48
05.05.2017 07:30:00;         0
06.05.2017 07:30:00;         0
07.05.2017 07:30:00;         0
08.05.2017 07:30:00;         0
09.05.2017 07:30:00;         0
10.05.2017 07:30:00;         0
11.05.2017 07:30:00;      0,10
12.05.2017 07:30:00;      4,47
13.05.2017 07:30:00;         0
14.05.2017 07:30:00;      3,91
15.05.2017 07:30:00;         0
16.05.2017 07:30:00;         0
17.05.2017 07:30:00;      0,22
18.05.2017 07:30:00;      6,36
19.05.2017 07:30:00;      4,30
20.05.2017 07:30:00;         0
21.05.2017 07:30:00;         0
22.05.2017 07:30:00;         0
23.05.2017 07:30:00;         0
24.05.2017 07:30:00;         0
25.05.2017 07:30:00;         0
26.05.2017 07:30:00;         0
27.05.2017 07:30:00;      1,55
28.05.2017 07:30:00;      1,99
29.05.2017 07:30:00;      7,36
30.05.2017 07:30:00;      0,57
31.05.2017 07:30:00;         0
01.06.2017 07:30:00;         0
02.06.2017 07:30:00;      0,72
03.06.2017 07:30:00;      6,16
04.06.2017 07:30:00;      0,48
05.06.2017 07:30:00;         0
06.06.2017 07:30:00;      3,18
07.06.2017 07:30:00;      2,89
08.06.2017 07:30:00;         0
09.06.2017 07:30:00;      5,98
10.06.2017 07:30:00;         0
11.06.2017 07:30:00;      0,17
12.06.2017 07:30:00;         0
13.06.2017 07:30:00;         0
14.06.2017 07:30:00;         0
15.06.2017 07:30:00;      1,83
16.06.2017 07:30:00;         0
17.06.2017 07:30:00;         0
18.06.2017 07:30:00;         0
19.06.2017 07:30:00;         0
20.06.2017 07:30:00;         0
21.06.2017 07:30:00;         0
22.06.2017 07:30:00;      4,59
23.06.2017 07:30:00;         0
24.06.2017 07:30:00;      1,72
25.06.2017 07:30:00;      0,46
26.06.2017 07:30:00;      0,37
27.06.2017 07:30:00;      1,17
28.06.2017 07:30:00;     22,95
29.06.2017 07:30:00;         0
30.06.2017 07:30:00;      3,35
01.07.2017 07:30:00;      4,95
02.07.2017 07:30:00;      2,19
03.07.2017 07:30:00;         0
04.07.2017 07:30:00;         0
05.07.2017 07:30:00;         0
06.07.2017 07:30:00;     15,41
07.07.2017 07:30:00;      0,14
08.07.2017 07:30:00;         0
09.07.2017 07:30:00;      0,03
10.07.2017 07:30:00;      0,07
11.07.2017 07:30:00;      4,44
12.07.2017 07:30:00;     17,29
13.07.2017 07:30:00;         0
14.07.2017 07:30:00;      5,85
15.07.2017 07:30:00;         0
16.07.2017 07:30:00;      2,39
17.07.2017 07:30:00;      0,03
18.07.2017 07:30:00;         0
19.07.2017 07:30:00;     13,06
20.07.2017 07:30:00;      1,74
21.07.2017 07:30:00;         0
22.07.2017 07:30:00;     10,71
23.07.2017 07:30:00;      2,59
24.07.2017 07:30:00;      4,07
25.07.2017 07:30:00;     18,11
26.07.2017 07:30:00;      1,16
27.07.2017 07:30:00;      0,07
28.07.2017 07:30:00;      1,00
29.07.2017 07:30:00;         0
30.07.2017 07:30:00;      0,86
31.07.2017 07:30:00;      0,19
01.08.2017 07:30:00;      1,26
02.08.2017 07:30:00;      5,88
03.08.2017 07:30:00;      0,29
04.08.2017 07:30:00;      4,38
05.08.2017 07:30:00;     12,39
06.08.2017 07:30:00;         0
07.08.2017 07:30:00;         0
08.08.2017 07:30:00;     10,15
09.08.2017 07:30:00;      1,69
10.08.2017 07:30:00;      8,59
11.08.2017 07:30:00;      2,24
12.08.2017 07:30:00;      3,67
13.08.2017 07:30:00;         0
14.08.2017 07:30:00;         0
15.08.2017 07:30:00;      1,07
16.08.2017 07:30:00;         0
17.08.2017 07:30:00;      2,52
18.08.2017 07:30:00;      4,99
19.08.2017 07:30:00;      8,38
20.08.2017 07:30:00;         0
21.08.2017 07:30:00;         0
22.08.2017 07:30:00;         0
23.08.2017 07:30:00;         0
24.08.2017 07:30:00;         0
25.08.2017 07:30:00;         0
26.08.2017 07:30:00;         0
27.08.2017 07:30:00;         0
28.08.2017 07:30:00;         0
29.08.2017 07:30:00;         0
30.08.2017 07:30:00;      2,17
31.08.2017 07:30:00;      1,71
01.09.2017 07:30:00;         0
02.09.2017 07:30:00;      0,19
03.09.2017 07:30:00;         0
04.09.2017 07:30:00;         0
05.09.2017 07:30:00;      3,59
06.09.2017 07:30:00;      2,41
07.09.2017 07:30:00;         0
08.09.2017 07:30:00;     30,32
09.09.2017 07:30:00;      6,17
10.09.2017 07:30:00;      1,49
11.09.2017 07:30:00;      1,05
12.09.2017 07:30:00;      6,69
13.09.2017 07:30:00;      1,55
14.09.2017 07:30:00;     15,05
15.09.2017 07:30:00;      2,07
16.09.2017 07:30:00;      0,25
17.09.2017 07:30:00;      0,03
18.09.2017 07:30:00;     11,80
19.09.2017 07:30:00;      0,13
20.09.2017 07:30:00;         0
21.09.2017 07:30:00;         0
22.09.2017 07:30:00;      4,39
23.09.2017 07:30:00;         0
24.09.2017 07:30:00;         0
25.09.2017 07:30:00;         0
26.09.2017 07:30:00;         0
27.09.2017 07:30:00;         0
28.09.2017 07:30:00;      3,04
29.09.2017 07:30:00;     15,13
30.09.2017 07:30:00;     11,11
