datum,i_boppard,i_bacharach,i_bingengaulsheim,i_simmernwahlbach,i_winningen,i_mayen,i_gondershausen,i_muelheimkaerlich,i_grenzau,sd_boppard,sd_bacharach,sd_bingengaulsheim,sd_simmernwahlbach,sd_winningen,sd_mayen,sd_gondershausen,sd_muelheimkaerlich,sd_grenzau
2010-10-01T00:00:00Z,2213,2336,2874,2336,2213,1858,2336,2352,2491,4,5,6,5,4,3,5,5,5
2010-10-02T00:00:00Z,928,1054,510,1054,928,452,1054,642,743,0,0,0,0,0,0,0,0,0
2010-10-03T00:00:00Z,3373,3369,3053,3369,3373,2268,3369,3423,3291,8,8,7,8,8,5,8,9,8
2010-10-04T00:00:00Z,2878,2738,2233,2738,2878,1595,2738,2558,2612,7,6,4,6,7,2,6,6,6
2010-10-05T00:00:00Z,2127,2566,1711,2566,2127,1271,2566,1291,1303,4,6,3,6,4,1,6,1,1
2010-10-06T00:00:00Z,2591,2672,2752,2672,2591,1620,2672,2364,2475,6,6,7,6,6,2,6,5,6
2010-10-07T00:00:00Z,1511,2036,1693,2036,1511,828,2036,1672,1769,2,4,3,4,2,0,4,3,3
2010-10-08T00:00:00Z,1390,1159,1503,1159,1390,685,1159,1863,2240,2,1,2,1,2,0,1,4,5
2010-10-09T00:00:00Z,3544,3610,3261,3610,3544,2306,3610,3656,3850,10,10,9,10,10,5,10,10,11
2010-10-10T00:00:00Z,3659,3790,3340,3790,3659,2428,3790,3720,3916,11,11,9,11,11,6,11,11,12
2010-10-11T00:00:00Z,3594,3699,3262,3699,3594,2310,3699,3536,3822,10,11,9,11,10,6,11,10,11
2010-10-12T00:00:00Z,3492,3652,3129,3652,3492,2356,3652,3470,3723,10,11,9,11,10,6,11,10,11
2010-10-13T00:00:00Z,1652,3128,2867,3128,1652,1004,3128,2108,2271,3,9,8,9,3,1,9,5,6
2010-10-14T00:00:00Z,2260,3044,2952,3044,2260,1868,3044,2314,2374,6,9,8,9,6,4,9,6,6
2010-10-15T00:00:00Z,814,817,729,817,814,548,817,775,740,0,0,0,0,0,0,0,0,0
2010-10-16T00:00:00Z,768,647,596,647,768,736,647,769,784,0,0,0,0,0,0,0,0,0
2010-10-17T00:00:00Z,604,362,530,362,604,476,362,698,751,0,0,0,0,0,0,0,0,0
2010-10-18T00:00:00Z,914,1127,1840,1127,914,550,1127,757,899,1,1,4,1,1,0,1,0,1
2010-10-19T00:00:00Z,1514,974,525,974,1514,864,974,987,939,3,1,0,1,3,0,1,1,1
2010-10-20T00:00:00Z,1469,1159,1683,1159,1469,1034,1159,1294,1180,3,2,4,2,3,1,2,2,2
2010-10-21T00:00:00Z,2933,3006,2679,3006,2933,2096,3006,2683,3112,9,10,8,10,9,6,10,8,10
2010-10-22T00:00:00Z,1120,1160,1105,1160,1120,779,1160,1188,1213,2,2,2,2,2,0,2,2,2
2010-10-23T00:00:00Z,1821,1998,1076,1998,1821,1181,1998,1301,1533,5,5,1,5,5,2,6,3,4
2010-10-24T00:00:00Z,2175,1919,2136,1919,2175,1542,1919,2330,2204,6,5,6,5,6,4,5,7,7
2010-10-25T00:00:00Z,1891,2039,1594,2039,1891,1274,2039,1948,1965,5,6,4,6,5,3,6,6,6
2010-10-26T00:00:00Z,1971,2581,2305,2581,1971,1453,2581,1212,2010,6,8,7,8,6,3,8,2,6
2010-10-27T00:00:00Z,1027,1438,1203,1438,1027,702,1438,756,861,2,3,2,3,2,0,3,0,1
2010-10-28T00:00:00Z,1595,1459,1476,1459,1595,1257,1459,1680,1630,4,4,4,4,4,3,4,5,5
2010-10-29T00:00:00Z,2262,2356,1770,2356,2262,1564,2356,2187,2335,7,8,5,8,8,4,8,7,8
2010-10-30T00:00:00Z,1045,1370,1207,1370,1045,858,1370,1024,952,2,3,3,3,2,1,3,2,2
2010-10-31T00:00:00Z,1660,2029,1643,2029,1660,983,2029,1777,1568,5,7,5,7,5,2,7,6,5
2010-11-01T00:00:00Z,1351,1419,1603,1419,1351,1062,1419,1284,1595,4,4,5,4,4,2,4,3,5
2010-11-02T00:00:00Z,1468,1230,996,1230,1468,1185,1230,1298,1319,4,3,2,3,4,3,3,4,4
2010-11-03T00:00:00Z,989,460,433,460,989,622,460,313,157,2,0,0,0,2,0,0,0,0
2010-11-04T00:00:00Z,1652,591,460,591,1652,1329,591,950,725,5,0,0,0,5,4,0,2,1
2010-11-05T00:00:00Z,1314,604,857,604,1314,1320,604,184,480,4,0,2,0,4,4,0,0,0
2010-11-06T00:00:00Z,339,348,367,348,339,288,348,398,340,0,0,0,0,0,0,0,0,0
2010-11-07T00:00:00Z,365,680,528,680,365,245,680,436,371,0,1,0,1,0,0,1,0,0
2010-11-08T00:00:00Z,1044,1066,860,1066,1044,837,1066,1033,773,3,3,2,3,3,2,3,3,1
2010-11-09T00:00:00Z,709,845,633,845,709,395,845,542,579,1,2,1,2,1,0,2,0,0
2010-11-10T00:00:00Z,715,970,772,970,715,541,970,500,391,1,2,1,2,1,0,2,0,0
2010-11-11T00:00:00Z,765,946,779,946,765,552,946,666,742,1,2,1,2,1,0,2,1,1
2010-11-12T00:00:00Z,912,472,593,472,912,634,472,982,726,2,0,1,0,2,1,0,3,1
2010-11-13T00:00:00Z,889,317,289,317,889,804,317,186,17,2,0,0,0,2,2,0,0,0
2010-11-14T00:00:00Z,1274,1677,1535,1677,1274,1133,1677,1015,1009,4,7,6,7,4,4,7,3,3
2010-11-15T00:00:00Z,563,482,251,482,563,454,482,569,523,1,0,0,0,1,0,0,1,0
2010-11-16T00:00:00Z,739,639,562,639,739,874,639,898,676,2,1,1,1,2,2,1,3,1
2010-11-17T00:00:00Z,260,256,273,256,260,161,256,264,221,0,0,0,0,0,0,0,0,0
2010-11-18T00:00:00Z,681,460,370,460,681,415,460,613,650,1,0,0,0,1,0,0,1,1
2010-11-19T00:00:00Z,925,1e3,580,1e3,925,568,1e3,692,553,3,3,1,3,3,1,3,2,1
2010-11-20T00:00:00Z,830,866,567,866,830,623,866,812,662,2,3,1,3,2,1,3,2,1
2010-11-21T00:00:00Z,325,225,164,225,325,240,225,630,414,0,0,0,0,0,0,0,1,0
2010-11-22T00:00:00Z,295,151,162,151,295,251,151,250,204,0,0,0,0,0,0,0,0,0
2010-11-23T00:00:00Z,488,405,456,405,488,410,405,642,350,1,0,0,0,1,0,0,1,0
2010-11-24T00:00:00Z,575,550,483,550,575,513,550,259,241,1,1,0,1,1,1,1,0,0
2010-11-25T00:00:00Z,529,394,425,394,529,519,394,979,869,1,0,0,0,1,1,0,4,3
2010-11-26T00:00:00Z,610,462,553,462,610,538,462,674,187,1,0,1,0,1,1,0,2,0
2010-11-27T00:00:00Z,767,606,440,606,767,397,606,647,251,2,1,0,1,2,0,1,2,0
2010-11-28T00:00:00Z,276,405,362,405,276,100,405,308,66,0,0,0,0,0,0,0,0,0
2010-11-29T00:00:00Z,195,236,184,236,195,111,236,231,45,0,0,0,0,0,0,0,0,0
2010-11-30T00:00:00Z,136,124,91,124,136,11,124,122,36,0,0,0,0,0,0,0,0,0
2010-12-01T00:00:00Z,396,72,264,72,396,30,72,372,380,0,0,0,0,0,0,0,0,0
2010-12-02T00:00:00Z,994,298,670,298,994,181,298,845,834,4,0,2,0,4,0,0,3,3
2010-12-03T00:00:00Z,1006,361,618,361,1006,252,361,1023,1373,4,0,2,0,4,0,0,5,7
2010-12-04T00:00:00Z,862,371,728,371,862,287,371,673,623,3,0,2,0,3,0,0,2,2
2010-12-05T00:00:00Z,620,786,525,786,620,402,786,175,148,2,3,1,3,2,0,3,0,0
2010-12-06T00:00:00Z,648,431,322,431,648,376,431,605,576,2,0,0,0,2,0,0,2,2
2010-12-07T00:00:00Z,479,556,338,556,479,261,556,456,424,1,1,0,1,1,0,1,1,1
2010-12-08T00:00:00Z,211,287,132,287,211,24,287,166,102,0,0,0,0,0,0,0,0,0
2010-12-09T00:00:00Z,869,600,817,600,869,335,600,335,118,4,2,3,2,4,0,2,0,0
2010-12-10T00:00:00Z,843,724,832,724,843,522,724,791,765,4,3,3,3,4,1,3,3,3
2010-12-11T00:00:00Z,398,297,137,297,398,280,297,188,222,0,0,0,0,0,0,0,0,0
2010-12-12T00:00:00Z,269,304,305,304,269,347,304,327,275,0,0,0,0,0,0,0,0,0
2010-12-13T00:00:00Z,1175,1667,935,1667,1175,869,1667,1091,1186,6,10,4,9,6,4,10,6,6
2010-12-14T00:00:00Z,511,676,692,676,511,185,676,494,422,1,2,2,2,1,0,2,1,1
2010-12-15T00:00:00Z,584,376,449,376,584,196,376,478,369,2,0,1,0,2,0,0,1,0
2010-12-16T00:00:00Z,408,512,517,512,408,175,512,264,202,1,1,1,1,1,0,1,0,0
2010-12-17T00:00:00Z,703,795,469,795,703,226,795,257,447,3,3,1,3,3,0,3,0,1
2010-12-18T00:00:00Z,810,999,365,999,810,417,999,448,539,4,5,0,5,4,1,5,1,2
2010-12-19T00:00:00Z,117,374,310,374,117,10,374,65,249,0,0,0,0,0,0,0,0,0
2010-12-20T00:00:00Z,443,310,185,310,443,249,310,368,266,1,0,0,0,1,0,0,0,0
2010-12-21T00:00:00Z,184,290,331,290,184,81,290,200,198,0,0,0,0,0,0,0,0,0
2010-12-22T00:00:00Z,509,518,282,518,509,209,518,427,428,1,1,0,1,1,0,1,1,1
2010-12-23T00:00:00Z,290,410,323,410,290,188,410,224,173,0,1,0,1,0,0,1,0,0
2010-12-24T00:00:00Z,522,421,234,421,522,308,421,420,305,1,1,0,1,1,0,1,1,0
2010-12-25T00:00:00Z,865,785,818,785,865,533,785,748,637,4,3,3,3,4,1,3,3,2
2010-12-26T00:00:00Z,633,506,564,506,633,377,506,336,229,2,1,2,1,2,0,1,0,0
2010-12-27T00:00:00Z,633,707,531,707,633,472,707,208,422,2,3,1,3,2,1,3,0,1
2010-12-28T00:00:00Z,371,402,340,402,371,241,402,212,439,0,0,0,0,0,0,0,0,1
2010-12-29T00:00:00Z,606,681,435,681,606,223,681,380,367,2,2,1,2,2,0,2,0,0
2010-12-30T00:00:00Z,508,528,382,528,508,188,528,502,376,1,1,0,1,1,0,1,1,0
2010-12-31T00:00:00Z,706,710,594,710,706,465,710,535,412,3,3,2,3,3,1,3,1,1
2011-01-01T00:00:00Z,728,677,431,677,728,574,677,391,239,3,2,0,2,3,2,2,0,0
2011-01-02T00:00:00Z,785,985,664,985,785,406,985,552,445,3,4,2,4,3,0,4,1,1
2011-01-03T00:00:00Z,588,1104,842,1104,588,358,1104,665,301,2,5,3,5,2,0,5,2,0
2011-01-04T00:00:00Z,767,553,248,553,767,450,553,225,202,3,1,0,1,3,1,1,0,0
2011-01-05T00:00:00Z,1214,1534,564,1534,1214,812,1534,1169,842,6,8,1,8,6,3,8,6,3
2011-01-06T00:00:00Z,475,384,191,384,475,270,384,188,81,1,0,0,0,1,0,0,0,0
2011-01-07T00:00:00Z,170,232,101,232,170,97,232,169,81,0,0,0,0,0,0,0,0,0
2011-01-08T00:00:00Z,953,1277,991,1277,953,779,1277,1064,628,4,6,4,6,4,3,6,5,2
2011-01-09T00:00:00Z,465,458,343,458,465,342,458,480,459,1,0,0,0,1,0,0,1,1
2011-01-10T00:00:00Z,535,719,400,719,535,337,719,398,354,1,2,0,2,1,0,2,0,0
2011-01-11T00:00:00Z,527,474,446,474,527,391,474,368,360,1,0,0,0,1,0,0,0,0
2011-01-12T00:00:00Z,279,308,201,308,279,250,308,182,127,0,0,0,0,0,0,0,0,0
2011-01-13T00:00:00Z,434,238,330,238,434,397,238,132,72,0,0,0,0,0,0,0,0,0
2011-01-14T00:00:00Z,874,764,808,764,874,552,764,665,243,3,2,3,2,3,1,2,2,0
2011-01-15T00:00:00Z,485,535,497,535,485,353,535,483,472,0,1,0,1,0,0,1,0,0
2011-01-16T00:00:00Z,910,928,912,928,910,516,928,1160,1137,3,3,3,3,3,1,3,5,5
2011-01-17T00:00:00Z,883,1489,464,1489,883,625,1489,632,950,3,7,0,7,3,1,7,1,3
2011-01-18T00:00:00Z,711,692,644,692,711,482,692,574,495,2,2,1,2,2,0,2,1,0
2011-01-19T00:00:00Z,698,953,906,953,698,529,953,608,422,2,3,3,3,2,1,3,1,0
2011-01-20T00:00:00Z,666,415,616,415,666,525,415,578,577,1,0,1,0,1,0,0,1,1
2011-01-21T00:00:00Z,1050,1451,1167,1451,1050,755,1451,1244,1388,4,6,4,6,4,2,6,5,6
2011-01-22T00:00:00Z,512,805,705,805,512,313,805,496,432,0,2,1,2,0,0,2,0,0
2011-01-23T00:00:00Z,368,457,456,457,368,328,457,305,248,0,0,0,0,0,0,0,0,0
2011-01-24T00:00:00Z,295,296,343,296,295,243,296,319,201,0,0,0,0,0,0,0,0,0
2011-01-25T00:00:00Z,464,268,259,268,464,396,268,164,92,0,0,0,0,0,0,0,0,0
2011-01-26T00:00:00Z,763,679,632,679,763,505,679,1101,1535,2,1,1,1,2,0,1,4,6
2011-01-27T00:00:00Z,783,562,696,562,783,497,562,858,950,2,0,1,0,2,0,0,2,3
2011-01-28T00:00:00Z,547,486,465,486,547,372,486,882,1053,0,0,0,0,0,0,0,2,3
2011-01-29T00:00:00Z,2065,2291,1789,2291,2065,1520,2291,2224,2289,9,10,7,10,9,6,10,10,10
2011-01-30T00:00:00Z,2162,2569,1898,2569,2162,1426,2569,2349,2641,9,11,8,11,9,5,11,10,12
2011-01-31T00:00:00Z,469,2422,1421,2422,469,368,2422,585,1991,0,10,5,10,0,0,10,0,8
2011-02-01T00:00:00Z,577,1197,474,1197,577,1487,1197,698,527,0,3,0,3,0,5,3,1,0
2011-02-02T00:00:00Z,879,853,600,853,879,587,853,633,481,2,1,0,1,2,0,1,0,0
2011-02-03T00:00:00Z,524,352,430,352,524,718,352,637,443,0,0,0,0,0,1,0,0,0
2011-02-04T00:00:00Z,944,317,326,317,944,788,317,196,120,2,0,0,0,2,1,0,0,0
2011-02-05T00:00:00Z,1070,606,462,606,1070,1160,606,942,385,2,0,0,0,2,3,0,2,0
2011-02-06T00:00:00Z,1553,1679,1776,1679,1553,1639,1679,1722,1168,5,6,6,6,5,5,6,6,3
2011-02-07T00:00:00Z,2232,2449,2074,2449,2232,1507,2449,2215,2269,8,10,7,9,8,5,10,8,9
2011-02-08T00:00:00Z,2140,2019,1921,2019,2140,1546,2019,1935,2053,8,7,7,7,8,5,7,7,7
2011-02-09T00:00:00Z,2517,2536,1540,2536,2517,1426,2536,1311,2623,10,10,4,10,10,4,10,3,10
2011-02-10T00:00:00Z,1016,1669,838,1669,1016,1108,1669,1134,1442,2,5,1,5,2,2,5,2,4
2011-02-11T00:00:00Z,1128,309,413,309,1128,624,309,255,196,2,0,0,0,2,0,0,0,0
2011-02-12T00:00:00Z,796,1071,355,1071,796,473,1071,412,439,0,2,0,2,0,0,2,0,0
2011-02-13T00:00:00Z,1220,1075,1250,1075,1220,790,1075,1061,976,2,2,3,2,2,0,2,2,1
2011-02-14T00:00:00Z,1474,1738,1098,1738,1474,1016,1738,1282,1417,4,5,2,5,4,1,5,3,3
2011-02-15T00:00:00Z,858,591,135,591,858,557,591,656,551,1,0,0,0,1,0,0,0,0
2011-02-16T00:00:00Z,1288,1890,1450,1890,1288,909,1890,1073,1393,3,5,3,5,3,1,5,1,3
2011-02-17T00:00:00Z,1872,889,1639,889,1872,1562,889,2150,2545,5,0,4,0,5,4,0,7,9
2011-02-18T00:00:00Z,435,500,426,500,435,204,500,301,393,0,0,0,0,0,0,0,0,0
2011-02-19T00:00:00Z,705,803,515,803,705,458,803,759,854,0,0,0,0,0,0,0,0,0
2011-02-20T00:00:00Z,651,841,756,841,651,399,841,826,1038,0,0,0,0,0,0,0,0,1
2011-02-21T00:00:00Z,896,1087,641,1087,896,665,1087,1037,1180,0,1,0,1,0,0,1,1,2
2011-02-22T00:00:00Z,3099,3281,2728,3281,3099,2076,3281,2810,3290,10,11,8,11,10,6,11,9,11
2011-02-23T00:00:00Z,2412,2720,2274,2720,2412,1690,2720,2164,2425,7,8,6,8,7,4,8,6,7
2011-02-24T00:00:00Z,697,935,434,935,697,451,935,404,628,0,0,0,0,0,0,0,0,0
2011-02-25T00:00:00Z,543,684,527,684,543,365,684,538,645,0,0,0,0,0,0,0,0,0
2011-02-26T00:00:00Z,1751,1425,720,1425,1751,1061,1425,1268,1648,4,2,0,2,4,1,2,2,3
2011-02-27T00:00:00Z,927,878,798,878,927,840,878,571,450,0,0,0,0,0,0,0,0,0
2011-02-28T00:00:00Z,2679,3165,3199,3165,2679,1410,3165,2048,1901,7,9,9,9,7,2,9,5,4
2011-03-01T00:00:00Z,3230,3466,3014,3466,3230,2321,3466,3101,3629,9,10,8,10,9,5,10,9,11
2011-03-02T00:00:00Z,3708,3703,3346,3703,3708,2585,3703,3466,3927,11,11,9,11,11,6,11,10,12
2011-03-03T00:00:00Z,3447,3477,3046,3477,3447,2391,3477,3145,3581,10,10,8,10,10,5,10,8,10
2011-03-04T00:00:00Z,3660,3728,3213,3728,3660,2587,3728,3288,3837,10,10,8,10,10,6,10,9,11
2011-03-05T00:00:00Z,3154,3498,2959,3498,3154,2416,3498,2652,2766,8,9,7,9,8,5,9,6,7
2011-03-06T00:00:00Z,3379,3162,2865,3162,3379,2555,3162,3199,3684,9,8,7,8,9,6,8,8,10
2011-03-07T00:00:00Z,4210,4212,3753,4212,4210,3001,4212,3880,4361,12,12,10,12,12,7,12,11,12
2011-03-08T00:00:00Z,3993,4015,3448,4015,3993,2859,4015,3691,4190,11,11,9,11,11,7,11,10,12
2011-03-09T00:00:00Z,2317,2022,1860,2022,2317,1549,2022,1768,2016,5,3,3,3,5,2,3,3,3
2011-03-10T00:00:00Z,2051,2136,2126,2136,2051,1498,2136,1973,1812,3,4,4,4,3,1,4,3,3
2011-03-11T00:00:00Z,1235,1396,820,1396,1235,1265,1396,1169,1264,0,1,0,1,0,1,1,0,1
2011-03-12T00:00:00Z,3546,3832,3110,3832,3546,2362,3832,2899,3241,9,10,7,10,9,4,10,6,8
2011-03-13T00:00:00Z,1761,2298,1618,2298,1761,1139,2298,1220,1153,2,4,2,4,2,0,4,0,0
2011-03-14T00:00:00Z,1895,1309,1796,1309,1895,1365,1309,1316,1437,3,0,2,0,3,1,1,1,1
2011-03-15T00:00:00Z,4002,4300,3533,4300,4002,2814,4300,3837,4334,10,11,8,11,10,6,11,9,11
2011-03-16T00:00:00Z,1533,2230,1765,2230,1533,1487,2230,2285,2295,1,4,2,4,1,1,4,4,4
2011-03-17T00:00:00Z,356,396,454,396,356,357,396,220,267,0,0,0,0,0,0,0,0,0
2011-03-18T00:00:00Z,961,1280,1149,1280,961,715,1280,925,828,0,0,0,0,0,0,0,0,0
2011-03-19T00:00:00Z,4277,4258,3420,4258,4277,2735,4258,4191,4637,10,10,7,10,10,5,10,10,11
2011-03-20T00:00:00Z,4803,4728,4414,4728,4803,3376,4728,4571,4976,12,12,10,11,12,7,12,11,12
2011-03-21T00:00:00Z,4955,4894,4229,4894,4955,3449,4894,4688,5007,12,12,10,12,12,7,12,11,12
2011-03-22T00:00:00Z,4767,4748,4170,4748,4767,3225,4748,4470,4917,11,11,9,11,11,6,11,10,12
2011-03-23T00:00:00Z,4834,4844,4244,4844,4834,3327,4844,4399,4980,12,11,9,11,12,7,12,10,12
2011-03-24T00:00:00Z,4868,4838,4356,4838,4868,3415,4838,4543,5052,11,11,10,11,11,7,11,10,12
2011-03-25T00:00:00Z,4582,4829,4066,4829,4582,3012,4829,4169,4586,10,11,9,11,10,5,11,9,10
2011-03-26T00:00:00Z,3891,4283,3629,4283,3891,2946,4283,3494,3871,8,9,7,9,8,5,9,7,8
2011-03-27T00:00:00Z,3733,2997,2697,2997,3733,2814,2997,4310,4598,7,5,4,5,7,5,5,9,10
2011-03-28T00:00:00Z,5210,5221,4510,5221,5210,3632,5221,4819,5330,12,12,10,12,12,7,12,11,12
2011-03-29T00:00:00Z,5276,5298,4472,5298,5276,3636,5298,4828,5344,12,12,10,12,12,7,12,11,12
2011-03-30T00:00:00Z,2936,2400,2277,2400,2936,2310,2400,2001,2720,5,3,3,3,5,3,3,2,4
2011-03-31T00:00:00Z,1145,970,717,970,1145,1041,970,582,658,0,0,0,0,0,0,0,0,0
2011-04-01T00:00:00Z,2275,1696,2165,1696,2275,1965,1696,1245,1589,2,1,2,1,2,2,1,0,0
2011-04-02T00:00:00Z,5241,5531,4476,5531,5241,3880,5531,4655,5679,11,12,9,12,11,7,12,10,13
2011-04-03T00:00:00Z,2147,2644,2668,2644,2147,1740,2644,2429,2368,2,3,3,3,2,1,3,3,3
2011-04-04T00:00:00Z,3241,3197,2883,3197,3241,2046,3197,2476,2336,5,5,4,5,5,2,5,3,2
2011-04-05T00:00:00Z,2715,3173,3108,3173,2715,2016,3173,2651,3039,4,5,5,5,4,1,5,3,4
2011-04-06T00:00:00Z,4787,4939,4038,4939,4787,3707,4939,4241,4446,9,10,7,10,9,6,10,8,9
2011-04-07T00:00:00Z,5748,5751,4993,5751,5748,4233,5751,5275,5754,12,12,10,12,12,8,12,11,12
2011-04-08T00:00:00Z,5789,5901,5217,5901,5789,4369,5901,4059,5765,12,12,10,12,12,8,12,7,12
2011-04-09T00:00:00Z,5317,5988,5151,5988,5317,4182,5988,3616,5649,11,13,10,13,11,7,13,6,12
2011-04-10T00:00:00Z,5751,5862,5057,5862,5751,4253,5862,3758,5925,12,12,10,12,12,8,12,6,12
2011-04-11T00:00:00Z,5249,5433,4647,5433,5249,3851,5433,3361,5280,10,11,9,11,10,6,11,5,10
2011-04-12T00:00:00Z,4196,3736,3457,3736,4196,3206,3736,2301,3795,7,6,5,6,7,4,6,2,6
2011-04-13T00:00:00Z,4995,4671,4449,4671,4995,3540,4671,2928,4143,9,8,8,8,9,5,8,4,7
2011-04-14T00:00:00Z,4554,3378,3496,3378,4554,2898,3378,2473,3981,8,5,5,5,8,3,5,2,7
2011-04-15T00:00:00Z,5565,4672,3744,4672,5565,4154,4672,3095,5737,11,8,6,8,11,7,8,4,11
2011-04-16T00:00:00Z,3142,3493,3040,3493,3142,2837,3493,1898,2890,4,5,4,5,4,3,5,1,3
2011-04-17T00:00:00Z,3593,3020,3146,3020,3593,2552,3020,2786,4409,5,4,4,4,5,2,4,3,7
2011-04-18T00:00:00Z,6424,6474,5528,6474,6424,4711,6474,4121,6471,13,13,10,13,13,8,13,7,13
2011-04-19T00:00:00Z,6422,6570,5639,6570,6422,4682,6570,4122,6609,13,13,11,13,13,8,13,7,13
2011-04-20T00:00:00Z,6387,6481,5560,6481,6387,4743,6481,5437,6502,13,13,10,13,13,8,13,10,13
2011-04-21T00:00:00Z,5682,6069,5512,6069,5682,4028,6069,5809,6663,11,12,10,12,11,6,12,11,13
2011-04-22T00:00:00Z,5870,6388,5536,6388,5870,4496,6388,5671,6045,11,12,10,12,11,7,12,11,12
2011-04-23T00:00:00Z,6172,6454,5634,6454,6172,4318,6454,5960,6784,12,12,10,12,12,7,13,11,13
2011-04-24T00:00:00Z,6176,6042,5202,6042,6176,4542,6042,5797,6439,12,11,9,11,12,7,11,11,12
2011-04-25T00:00:00Z,6847,6863,5879,6863,6847,4988,6863,6339,6991,13,13,11,13,13,8,13,12,14
2011-04-26T00:00:00Z,4589,4702,4219,4702,4589,3892,4702,4148,4191,7,8,6,8,7,5,8,6,6
2011-04-27T00:00:00Z,2259,3411,3062,3411,2259,1782,3411,2524,2166,1,4,3,4,1,0,4,2,1
2011-04-28T00:00:00Z,3758,4523,4718,4523,3758,2457,4523,3690,3713,5,7,7,7,5,2,7,5,5
2011-04-29T00:00:00Z,4825,4975,3975,4975,4825,3568,4975,5263,6166,8,8,5,8,8,4,8,9,11
2011-04-30T00:00:00Z,5419,5785,5286,5785,5419,4106,5785,5305,5621,9,10,9,10,9,6,10,9,10
2011-05-01T00:00:00Z,6551,6123,5418,6123,6551,4808,6123,6277,7217,12,11,9,11,12,7,11,11,13
2011-05-02T00:00:00Z,7055,7258,5923,7258,7055,4724,7258,5385,6115,13,13,10,13,13,7,13,9,11
2011-05-03T00:00:00Z,6788,6130,5567,6130,6788,5200,6130,6604,6656,12,11,9,11,12,8,11,12,12
2011-05-04T00:00:00Z,7463,6944,5020,6944,7463,4909,6944,5461,6245,14,13,8,12,14,8,13,9,11
2011-05-05T00:00:00Z,6977,7240,6271,7240,6977,5313,7240,6576,7275,13,13,11,13,13,8,13,12,13
2011-05-06T00:00:00Z,6245,6569,5655,6569,6245,4785,6569,5979,6678,11,11,9,11,11,7,11,10,12
2011-05-07T00:00:00Z,6853,6864,5934,6864,6853,5254,6864,6614,7203,12,12,10,12,12,8,12,12,13
2011-05-08T00:00:00Z,6435,6860,5961,6860,6435,5062,6860,6598,6961,11,12,10,12,11,8,12,11,12
2011-05-09T00:00:00Z,6715,7110,6306,7110,6715,4656,7110,6801,7329,12,13,11,13,12,7,13,12,13
2011-05-10T00:00:00Z,6159,5977,5099,5977,6159,4757,5977,5903,6571,10,10,8,10,10,7,10,10,11
2011-05-11T00:00:00Z,5788,5614,5097,5614,5788,3757,5614,5007,5410,9,9,8,9,9,4,9,7,8
2011-05-12T00:00:00Z,5405,5763,4950,5763,5405,3699,5763,4848,5279,8,9,7,9,8,4,9,7,8
2011-05-13T00:00:00Z,6865,6578,6831,6578,6865,3730,6578,7487,7249,12,11,12,11,12,4,11,13,13
2011-05-14T00:00:00Z,3886,4232,3605,4232,3886,2942,4232,4467,4559,5,5,4,5,5,2,5,6,6
2011-05-15T00:00:00Z,4422,4992,5144,4992,4422,3900,4992,4294,4775,6,7,8,7,6,5,7,6,7
2011-05-16T00:00:00Z,3215,4065,2828,4065,3215,2737,4065,1911,2549,3,5,2,5,3,2,5,0,1
2011-05-17T00:00:00Z,5780,5745,4123,5745,5780,3943,5745,4474,4714,9,9,5,9,9,5,9,6,7
2011-05-18T00:00:00Z,6985,6965,6571,6965,6985,4981,6965,5535,5891,12,12,11,12,12,7,12,8,9
2011-05-19T00:00:00Z,4602,3955,4178,3955,4602,2963,3955,3636,4787,6,5,5,5,6,2,5,4,7
2011-05-20T00:00:00Z,5263,5818,4842,5818,5263,4019,5818,4620,5159,8,9,7,9,8,5,9,6,7
2011-05-21T00:00:00Z,7560,6470,6328,6470,7560,5141,6470,7192,7186,13,11,10,11,13,7,11,12,12
2011-05-22T00:00:00Z,6313,6011,5335,6011,6313,4374,6011,5047,5346,10,9,8,9,10,6,9,7,8
2011-05-23T00:00:00Z,7990,8136,6980,8136,7990,5819,8136,7600,8233,14,14,12,14,14,9,14,13,15
2011-05-24T00:00:00Z,7289,7796,6449,7796,7289,5399,7796,6276,6732,12,14,10,14,12,8,14,10,11
2011-05-25T00:00:00Z,8370,8430,7314,8430,8370,6105,8430,8028,8596,15,15,12,15,15,10,15,14,15
2011-05-26T00:00:00Z,6308,6381,4906,6381,6308,4695,6381,5226,5464,10,10,7,10,10,6,10,7,8
2011-05-27T00:00:00Z,3689,3885,3199,3885,3689,2919,3885,2819,3173,4,4,3,4,4,2,4,2,3
2011-05-28T00:00:00Z,7097,6546,5450,6546,7097,4947,6546,5794,6466,12,10,8,10,12,7,10,9,10
2011-05-29T00:00:00Z,7794,7815,6783,7815,7794,5750,7815,7401,7383,13,13,11,13,13,9,13,13,12
2011-05-30T00:00:00Z,8123,8218,7027,8218,8123,5967,8218,7875,8184,14,14,12,14,14,9,14,14,14
2011-05-31T00:00:00Z,1088,1271,1913,1271,1088,848,1271,1254,1247,0,0,0,0,0,0,0,0,0
2011-06-01T00:00:00Z,5750,4885,3091,4885,5750,4893,4885,5698,5663,8,6,2,6,8,6,6,8,8
2011-06-02T00:00:00Z,8407,8317,7189,8317,8407,6041,8317,8148,8709,15,14,12,14,15,9,14,14,15
2011-06-03T00:00:00Z,6715,7466,6105,7466,6715,5141,7466,6625,7039,10,12,9,12,10,7,12,10,11
2011-06-04T00:00:00Z,5858,6097,5256,6097,5858,5144,6097,5863,6615,8,9,7,9,8,7,9,8,10
2011-06-05T00:00:00Z,5994,5851,5298,5851,5994,4985,5851,4451,3774,9,8,7,8,9,6,8,5,3
2011-06-06T00:00:00Z,5204,5599,4515,5599,5204,4286,5599,5505,5610,7,8,5,8,7,4,8,7,8
2011-06-07T00:00:00Z,6392,4475,5888,4475,6392,4699,4475,6112,6438,10,5,8,5,10,5,5,9,10
2011-06-08T00:00:00Z,4525,3596,2853,3596,4525,3464,3596,3677,3714,5,3,1,3,5,2,3,3,3
2011-06-09T00:00:00Z,3856,4880,3873,4880,3856,2838,4880,4097,4518,3,6,3,6,3,1,6,4,5
2011-06-10T00:00:00Z,5056,4310,4240,4310,5056,3280,4310,4434,4876,6,4,4,4,6,2,4,5,6
2011-06-11T00:00:00Z,6974,6464,5870,6464,6974,4968,6464,6828,7325,11,10,8,10,11,6,10,11,12
2011-06-12T00:00:00Z,6812,6899,6132,6899,6812,4534,6899,6781,7699,11,11,9,11,11,5,11,11,13
2011-06-13T00:00:00Z,4315,3809,3493,3809,4315,2777,3809,2877,5e3,4,3,2,3,4,1,3,1,6
2011-06-14T00:00:00Z,4920,6198,4884,6198,4920,3819,6198,6010,5645,6,9,6,9,6,3,9,9,8
2011-06-15T00:00:00Z,5260,4143,4301,4143,5260,3750,4143,4108,4972,7,4,4,4,7,3,4,4,6
2011-06-16T00:00:00Z,3993,4042,2588,4042,3993,3194,4042,3342,3682,4,4,0,4,4,2,4,2,3
2011-06-17T00:00:00Z,5958,6064,4962,6064,5958,4344,6064,5463,5964,8,9,6,9,8,4,9,7,8
2011-06-18T00:00:00Z,4595,4349,3937,4349,4595,3432,4349,3644,4194,5,4,3,4,5,2,4,3,4
2011-06-19T00:00:00Z,5399,2916,3269,2916,5399,3867,2916,3351,2680,7,1,2,1,7,3,1,2,0
2011-06-20T00:00:00Z,2802,2177,1705,2177,2802,2126,2177,2205,2576,1,0,0,0,1,0,0,0,0
2011-06-21T00:00:00Z,5366,3115,2725,3115,5366,3758,3115,3619,3493,7,1,0,1,7,3,1,3,2
2011-06-22T00:00:00Z,3434,3945,2919,3945,3434,2016,3945,2618,2755,2,3,1,3,2,0,3,0,1
2011-06-23T00:00:00Z,6888,4940,4611,4940,6888,4660,4940,4380,4193,11,6,5,6,11,5,6,5,4
2011-06-24T00:00:00Z,3513,5301,5508,5301,3513,3544,5301,4237,4634,2,7,7,7,2,3,7,4,5
2011-06-25T00:00:00Z,1661,2222,1352,2222,1661,1454,2222,1278,1486,0,0,0,0,0,0,0,0,0
2011-06-26T00:00:00Z,7383,7246,5798,7246,7383,4961,7246,6591,5894,12,12,8,12,12,6,12,10,8
2011-06-27T00:00:00Z,7941,8178,7157,8178,7941,6021,8178,7939,8556,13,14,11,14,13,9,14,13,15
2011-06-28T00:00:00Z,7770,7909,6932,7909,7770,5783,7909,7502,8112,13,13,11,13,13,8,13,12,14
2011-06-29T00:00:00Z,1981,1664,2190,1664,1981,1543,1664,2078,2128,0,0,0,0,0,0,0,0,0
2011-06-30T00:00:00Z,6345,5938,5386,5938,6345,5015,5938,6242,6386,9,8,7,8,9,6,8,9,10
2011-07-01T00:00:00Z,5212,5551,5032,5551,5212,4303,5551,5029,4834,7,8,7,8,7,5,8,7,6
2011-07-02T00:00:00Z,3974,4118,4445,4118,3974,3276,4118,4157,4107,4,4,5,4,4,2,4,4,4
2011-07-03T00:00:00Z,6780,7442,6131,7442,6780,4811,7442,4242,3857,11,13,9,13,11,6,13,5,4
2011-07-04T00:00:00Z,4944,6656,7019,6656,4944,3374,6656,4542,5056,6,11,12,11,6,3,11,5,7
2011-07-05T00:00:00Z,7442,6336,5978,6336,7442,5420,6336,6883,8115,13,10,9,10,13,8,10,11,14
2011-07-06T00:00:00Z,5613,5762,5839,5762,5613,4847,5762,5104,6092,8,8,9,8,8,6,8,7,9
2011-07-07T00:00:00Z,4749,4879,4121,4879,4749,3679,4879,4906,5514,6,6,4,6,6,3,6,6,8
2011-07-08T00:00:00Z,5654,5916,6498,5916,5654,3682,5916,5098,5590,8,9,10,9,8,3,9,7,8
2011-07-09T00:00:00Z,6756,5721,5035,5721,6756,5232,5721,6023,6043,11,8,7,8,11,7,8,9,9
2011-07-10T00:00:00Z,4438,4144,3963,4144,4438,3410,4144,4885,5172,5,5,4,5,5,3,5,6,7
2011-07-11T00:00:00Z,5805,6362,6250,6362,5805,4282,6362,6498,6624,9,10,10,10,9,5,10,10,11
2011-07-12T00:00:00Z,5333,5850,5309,5850,5333,4114,5850,5665,6119,8,9,7,9,8,4,9,8,10
2011-07-13T00:00:00Z,1313,1270,1958,1270,1313,1275,1270,1533,1554,0,0,0,0,0,0,0,0,0
2011-07-14T00:00:00Z,5326,4265,4120,4265,5326,4902,4265,2207,2343,8,5,5,5,8,7,5,0,0
2011-07-15T00:00:00Z,7040,5812,4860,5812,7040,5405,5812,6700,6632,12,9,6,9,12,8,9,11,11
2011-07-16T00:00:00Z,4619,5156,5236,5156,4619,4083,5156,3654,4445,6,7,7,7,6,4,7,3,5
2011-07-17T00:00:00Z,2993,2251,1815,2251,2993,2449,2251,2687,2815,2,0,0,0,2,0,0,1,1
2011-07-18T00:00:00Z,5532,4658,4141,4658,5532,3785,4658,4020,3069,8,6,5,6,8,4,6,4,2
2011-07-19T00:00:00Z,4319,3893,4459,3893,4319,3015,3893,4436,4604,5,4,6,4,5,2,4,5,6
2011-07-20T00:00:00Z,1902,1827,1591,1827,1902,1373,1827,1733,1644,0,0,0,0,0,0,0,0,0
2011-07-21T00:00:00Z,4262,3748,3229,3748,4262,2846,3748,3327,3743,5,4,2,4,5,1,4,3,4
2011-07-22T00:00:00Z,3470,4112,3825,4112,3470,2910,4112,3718,4075,3,5,4,5,3,2,5,4,5
2011-07-23T00:00:00Z,3508,4599,4186,4599,3508,3270,4599,2646,2665,3,6,5,6,3,3,6,1,1
2011-07-24T00:00:00Z,2145,1730,1681,1730,2145,1550,1730,1618,1639,0,0,0,0,0,0,0,0,0
2011-07-25T00:00:00Z,6537,5402,5013,5402,6537,3808,5402,5746,6280,11,8,7,8,11,4,8,9,10
2011-07-26T00:00:00Z,2791,2306,2651,2306,2791,2131,2306,2549,2341,1,0,1,0,1,0,0,1,0
2011-07-27T00:00:00Z,3251,3698,3326,3698,3251,2939,3698,3663,3991,3,4,3,4,3,2,4,4,5
2011-07-28T00:00:00Z,3204,3445,4506,3445,3204,1838,3445,4131,3657,3,3,6,3,3,0,3,5,4
2011-07-29T00:00:00Z,3415,2979,5363,2979,3415,2412,2979,3303,3314,3,2,8,2,3,1,2,3,3
2011-07-30T00:00:00Z,1573,1778,1633,1778,1573,1341,1778,1483,1379,0,0,0,0,0,0,0,0,0
2011-07-31T00:00:00Z,2417,2868,2735,2868,2417,1593,2868,2130,2413,1,2,1,2,1,0,2,0,1
2011-08-01T00:00:00Z,6301,7317,5882,7317,6301,4926,7317,6131,6671,11,14,10,14,11,7,14,11,12
2011-08-02T00:00:00Z,6934,7355,6294,7355,6934,5208,7355,6230,7438,13,14,11,14,13,8,14,11,14
2011-08-03T00:00:00Z,3167,3501,2884,3501,3167,2008,3501,2520,3049,3,4,2,4,3,0,4,1,3
2011-08-04T00:00:00Z,5357,4604,5153,4604,5357,4609,4604,4865,5448,9,7,8,7,9,7,7,7,9
2011-08-05T00:00:00Z,4942,3564,3599,3564,4942,3210,3564,3220,3569,8,4,4,4,8,3,4,3,4
2011-08-06T00:00:00Z,2359,2880,2019,2880,2359,1928,2880,1915,2680,1,2,0,2,1,0,2,0,2
2011-08-07T00:00:00Z,5233,5118,4817,5118,5233,3701,5118,4742,4937,9,8,7,8,9,4,8,7,8
2011-08-08T00:00:00Z,4655,4110,3351,4110,4655,3516,4110,3289,3250,7,6,4,6,7,4,6,3,3
2011-08-09T00:00:00Z,3728,3e3,3452,3e3,3728,3256,3e3,3414,3390,5,3,4,3,5,3,3,4,4
2011-08-10T00:00:00Z,5602,6469,4879,6469,5602,4066,6469,5463,6098,10,12,8,12,10,6,12,9,11
2011-08-11T00:00:00Z,4388,4325,3712,4325,4388,3436,4325,5240,5589,7,6,5,6,7,4,6,9,10
2011-08-12T00:00:00Z,2596,2180,1996,2180,2596,2216,2180,1882,2454,2,0,0,0,2,1,0,0,1
2011-08-13T00:00:00Z,2854,2431,2616,2431,2854,2098,2431,2337,2798,2,1,2,1,2,0,1,1,2
2011-08-14T00:00:00Z,3366,3007,3451,3007,3366,2394,3007,1640,1575,4,3,4,3,4,1,3,0,0
2011-08-15T00:00:00Z,5355,6102,5217,6102,5355,3963,6102,4969,5558,9,12,9,12,9,6,12,8,10
2011-08-16T00:00:00Z,3969,4414,3532,4414,3969,2566,4414,3641,3893,6,7,4,7,6,2,7,5,5
2011-08-17T00:00:00Z,5431,5721,5070,5721,5431,4055,5721,5596,5874,10,11,9,11,10,6,11,10,11
2011-08-18T00:00:00Z,5413,5997,4977,5997,5413,3948,5997,5423,5577,10,11,9,11,10,6,11,10,10
2011-08-19T00:00:00Z,3350,2655,4225,2655,3350,2675,2655,3365,2971,4,2,7,2,4,2,2,4,3
2011-08-20T00:00:00Z,6582,6701,5812,6701,6582,4823,6701,6273,6775,13,14,11,14,13,8,14,13,14
2011-08-21T00:00:00Z,3990,3672,2889,3672,3990,2996,3672,3685,4247,6,5,3,5,6,3,5,5,7
2011-08-22T00:00:00Z,4755,4505,4231,4505,4755,3192,4505,4024,4306,8,8,7,8,8,4,8,6,7
2011-08-23T00:00:00Z,5359,5113,4433,5113,5359,4160,5113,4540,4628,10,9,7,9,10,7,9,8,8
2011-08-24T00:00:00Z,3375,3884,3607,3884,3375,2541,3884,2650,3502,4,6,5,6,4,2,6,2,5
2011-08-25T00:00:00Z,4098,4352,3143,4352,4098,3184,4352,4189,4460,7,7,4,7,7,4,7,7,8
2011-08-26T00:00:00Z,3609,4703,4193,4703,3609,2633,4703,3701,4174,5,8,7,8,5,2,8,6,7
2011-08-27T00:00:00Z,3459,3334,2841,3334,3459,2632,3334,2569,2748,5,5,3,5,5,2,5,2,3
2011-08-28T00:00:00Z,3944,3242,3485,3242,3944,2588,3242,3260,3489,6,4,5,4,6,2,4,4,5
2011-08-29T00:00:00Z,4522,4486,4185,4486,4522,3248,4486,4152,4005,8,8,7,8,8,4,8,7,7
2011-08-30T00:00:00Z,3201,4983,4050,4983,3201,2216,4983,3452,3901,4,10,7,10,4,1,10,5,6
2011-08-31T00:00:00Z,5546,5610,4722,5610,5546,4445,5610,4609,5213,11,12,9,12,11,8,12,9,10
2011-09-01T00:00:00Z,5733,5783,5044,5783,5733,4159,5783,5446,5378,12,12,10,12,12,7,12,11,11
2011-09-02T00:00:00Z,4122,4732,3924,4732,4122,2589,4732,3456,3767,7,9,7,9,7,3,9,6,6
2011-09-03T00:00:00Z,5174,5210,4755,5210,5174,3966,5210,4975,5491,11,11,9,11,11,7,11,10,12
2011-09-04T00:00:00Z,2798,3581,2400,3581,2798,2286,3581,2653,2876,4,6,2,6,4,2,6,3,4
2011-09-05T00:00:00Z,4693,4052,3768,4052,4693,3280,4052,4233,3313,9,7,7,7,9,5,7,8,5
2011-09-06T00:00:00Z,3522,4097,3384,4097,3522,2550,4097,2844,3639,6,8,6,8,6,3,8,4,6
2011-09-07T00:00:00Z,2717,3147,2486,3147,2717,1829,3147,2568,2192,4,5,3,5,4,1,5,3,2
2011-09-08T00:00:00Z,1317,1186,798,1186,1317,1132,1186,734,1239,0,0,0,0,0,0,0,0,0
2011-09-09T00:00:00Z,1863,1773,1377,1773,1863,1372,1773,1487,1443,1,1,0,1,1,0,1,0,0
2011-09-10T00:00:00Z,3945,4926,2874,4926,3945,3286,4926,4273,4640,8,11,4,11,8,6,11,9,10
2011-09-11T00:00:00Z,1369,1502,1334,1502,1369,950,1502,1166,1380,0,0,0,0,0,0,0,0,0
2011-09-12T00:00:00Z,4173,4848,3793,4848,4173,3244,4848,2844,3796,9,11,7,11,9,6,11,4,7
2011-09-13T00:00:00Z,2138,2012,1846,2012,2138,1928,2012,1983,2019,2,2,1,2,2,2,2,2,2
2011-09-14T00:00:00Z,4783,5160,4781,5160,4783,3733,5160,4646,5176,11,12,11,12,11,7,12,10,12
2011-09-15T00:00:00Z,4417,4561,4438,4561,4417,2691,4561,4025,3987,10,10,10,10,10,4,10,8,8
2011-09-16T00:00:00Z,3572,3705,3437,3705,3572,2699,3705,2928,3815,7,7,7,7,7,4,7,5,8
2011-09-17T00:00:00Z,3404,2468,1891,2468,3404,2432,2468,2088,1467,7,4,2,4,7,3,4,2,0
2011-09-18T00:00:00Z,2242,1973,1724,1973,2242,1651,1973,1877,1813,3,2,1,2,3,1,2,2,2
2011-09-19T00:00:00Z,2944,2535,2662,2535,2944,2174,2535,2917,2528,5,4,4,4,5,3,4,5,4
2011-09-20T00:00:00Z,2776,3014,3006,3014,2776,1550,3014,2607,3227,5,6,6,6,5,1,6,4,6
2011-09-21T00:00:00Z,3345,3849,4027,3849,3345,1986,3849,2723,3361,7,8,9,8,7,2,9,5,7
2011-09-22T00:00:00Z,3004,3561,3371,3561,3004,2499,3561,2699,2835,6,8,7,8,6,4,8,5,5
2011-09-23T00:00:00Z,3558,3938,3298,3938,3558,1903,3938,3920,3602,8,9,7,9,8,2,9,9,8
2011-09-24T00:00:00Z,4229,4374,3738,4374,4229,2946,4374,3767,4408,10,11,8,11,10,6,11,9,11
2011-09-25T00:00:00Z,4113,4201,3726,4201,4113,2878,4201,3499,4366,10,10,9,10,10,6,10,8,11
2011-09-26T00:00:00Z,3487,3631,3454,3631,3487,2706,3631,3067,3429,8,8,8,8,8,5,8,6,8
2011-09-27T00:00:00Z,3883,4180,3554,4180,3883,2674,4180,3722,3858,9,10,8,10,9,5,10,9,9
2011-09-28T00:00:00Z,3545,4108,3483,4108,3545,2686,4108,3164,3964,8,10,8,10,8,5,10,7,10
2011-09-29T00:00:00Z,3588,3941,3525,3941,3588,2767,3941,3136,3566,9,10,8,10,9,6,10,7,9
2011-09-30T00:00:00Z,4059,4203,3697,4203,4059,2823,4203,3866,4295,10,11,9,11,10,6,11,10,11
2011-10-01T00:00:00Z,3982,4085,3578,4085,3982,2765,4085,3797,4155,10,11,9,11,10,6,11,10,11
2011-10-02T00:00:00Z,3902,3999,3536,3999,3902,2734,3999,3749,4073,10,10,9,10,10,6,11,10,11
2011-10-03T00:00:00Z,3718,3954,3391,3954,3718,2664,3954,3178,3845,10,10,8,10,10,6,11,8,10
2011-10-04T00:00:00Z,3309,3637,3295,3637,3309,2487,3637,2876,3159,8,9,8,9,8,5,10,7,8
2011-10-05T00:00:00Z,1547,2074,1298,2074,1547,1106,2074,1185,1247,2,4,1,4,2,1,4,1,1
2011-10-06T00:00:00Z,1334,1330,1440,1330,1334,964,1330,1221,757,1,1,2,1,1,0,1,1,0
2011-10-07T00:00:00Z,2584,1479,1279,1479,2584,1925,1479,957,1424,6,2,1,2,6,4,2,0,2
2011-10-08T00:00:00Z,1903,1799,1511,1799,1903,1557,1799,1964,2050,4,3,2,3,4,2,3,4,4
2011-10-09T00:00:00Z,2649,2950,2990,2950,2649,1939,2950,2533,3094,7,8,8,8,7,4,8,6,8
2011-10-10T00:00:00Z,3049,2318,1929,2318,3049,2117,2318,2526,2318,8,5,4,5,8,5,5,6,5
2011-10-11T00:00:00Z,1112,501,739,501,1112,972,501,381,521,1,0,0,0,1,0,0,0,0
2011-10-12T00:00:00Z,1271,580,972,580,1271,1208,580,356,428,2,0,0,0,2,1,0,0,0
2011-10-13T00:00:00Z,2909,1956,2365,1956,2909,1774,1956,2484,2994,8,4,6,4,8,4,4,6,8
2011-10-14T00:00:00Z,3246,3476,3049,3476,3246,2447,3476,2944,3637,10,10,9,10,10,6,10,8,11
2011-10-15T00:00:00Z,3378,3453,3119,3453,3378,2417,3453,3260,3637,10,10,9,10,10,6,10,10,11
2011-10-16T00:00:00Z,3272,3302,2947,3302,3272,2331,3302,2917,3491,10,10,9,10,10,6,10,9,11
2011-10-17T00:00:00Z,1868,2007,1591,2007,1868,1357,2007,1631,1729,4,5,3,5,4,2,5,3,4
2011-10-18T00:00:00Z,1149,1832,1718,1832,1149,797,1832,788,679,2,4,4,4,2,0,4,0,0
2011-10-19T00:00:00Z,2356,1249,1517,1249,2356,1768,1249,1734,1444,7,2,3,2,7,4,2,4,3
2011-10-20T00:00:00Z,1811,2491,2138,2491,1811,1346,2491,1429,1962,4,7,6,7,4,2,7,3,5
2011-10-21T00:00:00Z,1542,2212,699,2212,1542,1602,2212,1656,2646,3,6,0,6,3,4,6,4,8
2011-10-22T00:00:00Z,2836,2703,2646,2703,2836,1930,2703,2765,3180,9,8,8,8,9,5,8,9,11
2011-10-23T00:00:00Z,2814,2889,2255,2889,2814,1868,2889,2735,3048,9,9,7,9,9,5,9,9,10
2011-10-24T00:00:00Z,1526,849,849,849,1526,900,849,1503,1986,4,1,1,1,4,1,1,4,6
2011-10-25T00:00:00Z,1365,1335,1016,1335,1365,1173,1335,1207,1189,3,3,1,3,3,2,3,2,2
2011-10-26T00:00:00Z,2368,2768,1918,2768,2368,1541,2768,1912,2203,8,9,5,9,8,4,9,6,7
2011-10-27T00:00:00Z,1527,1012,609,1012,1527,1019,1012,910,1122,4,2,0,1,4,2,2,1,2
2011-10-28T00:00:00Z,1750,1359,1114,1359,1750,1423,1359,1896,2340,5,3,2,3,5,4,3,6,8
2011-10-29T00:00:00Z,1054,1129,1252,1129,1054,709,1129,801,885,2,2,3,2,2,0,2,1,1
2011-10-30T00:00:00Z,880,780,827,780,880,736,780,720,606,1,1,1,1,1,0,1,0,0
2011-10-31T00:00:00Z,1518,1757,1905,1757,1518,795,1757,1378,1567,4,5,6,5,4,1,5,4,5
NA,NA,NA,NA,NA,NA,NA,NA,NA,NA,NA,NA,NA,NA,NA,NA,NA,NA,NA
2016-01-01T00:00:00Z,309,454,229,454,434,268,454,461,378,0,1,0,1,1,0,1,1,0
2016-01-02T00:00:00Z,161,231,85,231,222,63,231,252,273,0,0,0,0,0,0,0,0,0
2016-01-03T00:00:00Z,353,672,272,672,447,276,672,341,348,0,2,0,2,1,0,2,0,0
2016-01-04T00:00:00Z,407,322,370,322,530,329,322,375,431,0,0,0,0,1,0,0,0,0
2016-01-05T00:00:00Z,446,564,377,564,527,293,564,449,515,1,1,0,1,1,0,1,1,1
2016-01-06T00:00:00Z,238,381,447,381,374,155,381,380,412,0,0,0,0,0,0,0,0,0
2016-01-07T00:00:00Z,243,335,284,335,321,119,335,300,348,0,0,0,0,0,0,0,0,0
2016-01-08T00:00:00Z,1326,1113,975,1113,1130,755,1113,1367,1404,7,5,4,5,5,3,5,7,7
2016-01-09T00:00:00Z,504,481,295,481,459,288,481,514,515,1,1,0,1,0,0,1,1,1
2016-01-10T00:00:00Z,865,1160,995,1160,779,604,1160,1026,1019,3,5,4,5,3,1,5,4,4
2016-01-11T00:00:00Z,300,422,218,422,363,185,422,366,360,0,0,0,0,0,0,0,0,0
2016-01-12T00:00:00Z,1101,480,608,480,1008,571,480,875,560,5,0,1,0,4,1,0,3,1
2016-01-13T00:00:00Z,882,488,705,488,695,476,488,358,420,3,0,2,0,2,0,0,0,0
2016-01-14T00:00:00Z,499,809,984,809,562,315,809,405,402,1,3,4,3,1,0,3,0,0
2016-01-15T00:00:00Z,168,200,260,200,202,181,200,171,137,0,0,0,0,0,0,0,0,0
2016-01-16T00:00:00Z,637,711,768,711,891,612,711,582,413,1,2,2,2,3,1,2,1,0
2016-01-17T00:00:00Z,550,870,570,870,838,588,870,828,941,1,3,1,3,3,1,3,3,3
2016-01-18T00:00:00Z,2187,1523,1431,1523,1531,1066,1523,2071,2352,11,7,6,7,7,4,7,11,12
2016-01-19T00:00:00Z,919,785,374,785,858,368,785,720,931,3,2,0,2,3,0,2,2,3
2016-01-20T00:00:00Z,464,757,819,757,552,334,757,666,628,0,2,2,2,1,0,2,1,1
2016-01-21T00:00:00Z,518,950,631,950,701,347,950,807,796,0,3,1,3,1,0,3,2,2
2016-01-22T00:00:00Z,2006,1634,515,1634,1563,986,1634,1879,2445,9,7,0,7,7,3,7,9,12
2016-01-23T00:00:00Z,662,693,659,693,809,654,693,419,423,1,1,1,1,2,1,1,0,0
2016-01-24T00:00:00Z,371,755,722,755,493,382,755,594,709,0,2,1,2,0,0,2,1,1
2016-01-25T00:00:00Z,1607,1672,1293,1672,1500,835,1672,1320,1327,7,7,5,7,6,2,7,5,5
2016-01-26T00:00:00Z,892,821,1052,821,915,446,821,445,382,2,2,3,2,2,0,2,0,0
2016-01-27T00:00:00Z,696,1119,812,1119,824,512,1119,350,522,1,3,2,3,2,0,4,0,0
2016-01-28T00:00:00Z,1176,1270,1193,1270,1245,778,1270,1204,1340,4,4,4,4,4,2,4,4,5
2016-01-29T00:00:00Z,1015,1733,1848,1733,1196,752,1733,627,804,3,7,7,7,4,1,7,1,2
2016-01-30T00:00:00Z,203,231,193,231,329,193,231,298,132,0,0,0,0,0,0,0,0,0
2016-01-31T00:00:00Z,487,534,478,534,617,389,534,614,502,0,0,0,0,0,0,0,0,0
2016-02-01T00:00:00Z,439,438,464,438,578,422,438,374,376,0,0,0,0,0,0,0,0,0
2016-02-02T00:00:00Z,551,470,654,470,834,539,470,413,345,0,0,0,0,1,0,0,0,0
2016-02-03T00:00:00Z,900,1324,1255,1324,1105,631,1324,1279,1269,2,4,4,4,3,0,4,4,4
2016-02-04T00:00:00Z,348,395,357,395,559,333,395,359,356,0,0,0,0,0,0,0,0,0
2016-02-05T00:00:00Z,526,695,745,695,689,466,695,395,438,0,0,1,0,0,0,0,0,0
2016-02-06T00:00:00Z,1898,2088,1833,2088,1875,1118,2088,1926,1919,7,8,6,8,7,3,8,7,7
2016-02-07T00:00:00Z,568,642,545,642,840,523,642,586,651,0,0,0,0,1,0,0,0,0
2016-02-08T00:00:00Z,496,540,817,540,612,424,540,816,676,0,0,1,0,0,0,0,1,0
2016-02-09T00:00:00Z,275,491,222,491,380,205,491,380,314,0,0,0,0,0,0,0,0,0
2016-02-10T00:00:00Z,761,578,840,578,1219,800,578,406,351,0,0,1,0,3,1,0,0,0
2016-02-11T00:00:00Z,1329,1276,1580,1276,1646,1004,1276,1337,1139,3,3,4,3,5,2,3,3,2
2016-02-12T00:00:00Z,1224,1202,1325,1202,1156,547,1202,1091,1176,3,2,3,2,2,0,2,2,2
2016-02-13T00:00:00Z,706,767,460,767,813,317,767,803,737,0,0,0,0,0,0,0,0,0
2016-02-14T00:00:00Z,281,563,1110,563,533,363,563,535,482,0,0,2,0,0,0,0,0,0
2016-02-15T00:00:00Z,405,590,490,590,476,246,590,606,445,0,0,0,0,0,0,0,0,0
2016-02-16T00:00:00Z,2800,2437,2621,2437,2663,1595,2437,2985,3131,10,8,9,8,9,4,8,11,12
2016-02-17T00:00:00Z,1464,1259,1171,1259,1413,861,1259,1720,1897,3,2,2,2,3,0,2,5,5
2016-02-18T00:00:00Z,1446,1495,1588,1495,1708,1052,1495,1314,1311,3,3,4,3,4,1,3,2,2
2016-02-19T00:00:00Z,874,1004,937,1004,1140,686,1004,978,906,0,1,1,1,2,0,1,1,0
2016-02-20T00:00:00Z,466,350,314,350,784,473,350,335,316,0,0,0,0,0,0,0,0,0
2016-02-21T00:00:00Z,1284,688,1960,688,1452,893,688,687,383,2,0,5,0,3,0,0,0,0
2016-02-22T00:00:00Z,997,702,1368,702,1357,712,702,754,425,1,0,2,0,2,0,0,0,0
2016-02-23T00:00:00Z,769,968,911,968,1089,672,968,1085,871,0,0,0,0,1,0,0,1,0
2016-02-24T00:00:00Z,2117,2546,2424,2546,2614,1309,2546,2295,2688,5,7,7,7,8,2,7,6,8
2016-02-25T00:00:00Z,2309,2451,3027,2451,1918,1564,2451,1499,1760,6,7,9,7,4,3,7,3,4
2016-02-26T00:00:00Z,1597,1933,2947,1933,1673,716,1933,1150,1210,3,4,9,4,3,0,4,1,1
2016-02-27T00:00:00Z,3658,3489,3432,3489,3484,2070,3489,3547,3670,12,11,11,11,11,5,11,11,12
2016-02-28T00:00:00Z,2017,1921,1757,1921,2303,1475,1921,2380,2481,5,4,3,4,6,2,4,6,7
2016-02-29T00:00:00Z,2399,1713,901,1713,2544,1741,1713,2269,3020,6,3,0,3,7,3,3,6,9
2016-03-01T00:00:00Z,2748,3103,2970,3103,2733,1586,3103,2624,2979,7,8,8,8,7,2,8,7,8
2016-03-02T00:00:00Z,1103,1310,928,1310,1453,929,1310,1135,1212,0,1,0,1,2,0,1,1,1
2016-03-03T00:00:00Z,938,1067,1257,1067,1380,769,1067,985,1184,0,0,1,0,1,0,0,0,1
2016-03-04T00:00:00Z,560,817,733,817,699,342,817,668,777,0,0,0,0,0,0,0,0,0
2016-03-05T00:00:00Z,1881,1782,1706,1782,1935,1494,1782,1411,1589,3,3,2,3,3,2,3,1,2
2016-03-06T00:00:00Z,944,1241,1386,1241,1321,806,1241,888,756,0,1,1,1,1,0,1,0,0
2016-03-07T00:00:00Z,2150,1900,2709,1900,3012,999,1900,2550,1816,4,3,6,3,7,0,3,6,3
2016-03-08T00:00:00Z,2551,3178,3135,3178,2621,1372,3178,2287,2498,5,8,7,8,6,1,8,4,5
2016-03-09T00:00:00Z,4233,3989,3055,3989,3983,2337,3989,3868,4115,11,10,7,10,11,5,10,10,11
2016-03-10T00:00:00Z,3734,3924,3964,3924,3706,1937,3924,3696,3822,9,10,10,10,9,3,10,9,10
2016-03-11T00:00:00Z,1858,1999,3103,1999,1997,1269,1999,1480,1580,3,3,7,3,3,1,3,1,2
2016-03-12T00:00:00Z,1313,1609,2204,1609,1666,939,1609,985,925,1,2,4,2,2,0,2,0,0
2016-03-13T00:00:00Z,2323,2366,3325,2366,3386,1660,2366,2260,3253,4,4,8,4,8,2,4,4,7
2016-03-14T00:00:00Z,4439,4417,4362,4417,4321,2310,4417,4400,4572,11,11,11,11,11,4,11,11,12
2016-03-15T00:00:00Z,1377,1511,1401,1511,1658,1043,1511,1458,1675,1,1,1,1,2,0,1,1,2
2016-03-16T00:00:00Z,2433,2176,2094,2176,2344,971,2176,2655,3754,4,3,3,3,4,0,3,5,9
2016-03-17T00:00:00Z,4897,4682,4682,4682,4811,2735,4682,4659,4889,12,12,12,12,12,5,12,12,12
2016-03-18T00:00:00Z,4598,4675,4547,4675,4613,2574,4675,4471,4705,11,11,11,11,11,4,12,11,12
2016-03-19T00:00:00Z,650,797,968,797,839,442,797,779,870,0,0,0,0,0,0,0,0,0
2016-03-20T00:00:00Z,675,742,707,742,849,527,742,1048,1071,0,0,0,0,0,0,0,0,0
2016-03-21T00:00:00Z,1164,1655,2303,1655,1456,935,1655,1455,1392,0,1,3,1,1,0,1,1,0
2016-03-22T00:00:00Z,2567,3310,3263,3310,2787,1943,3310,2790,2394,4,6,6,6,5,2,7,5,4
2016-03-23T00:00:00Z,1611,2206,1942,2206,2020,1023,2206,1845,1800,1,3,2,3,2,0,3,2,2
2016-03-24T00:00:00Z,1012,1640,2446,1640,1121,615,1640,1135,1301,0,1,4,1,0,0,1,0,0
2016-03-25T00:00:00Z,871,1013,1060,1013,1084,896,1013,843,878,0,0,0,0,0,0,0,0,0
2016-03-26T00:00:00Z,4629,4855,4536,4855,4736,2859,4855,4649,5117,10,11,10,11,11,5,11,10,12
2016-03-27T00:00:00Z,1989,2581,2537,2581,2348,1627,2581,2366,2694,2,4,4,4,3,1,4,3,4
2016-03-28T00:00:00Z,1331,1654,1170,1654,1686,1096,1654,1387,943,0,1,0,1,1,0,1,0,0
2016-03-29T00:00:00Z,4726,3905,3687,3905,4721,2783,3905,2676,2483,10,8,7,8,10,4,8,4,3
2016-03-30T00:00:00Z,1739,1088,1463,1088,2098,1558,1088,1638,NA,1,0,0,0,2,0,0,1,NA
2016-03-31T00:00:00Z,407,627,707,627,524,524,627,618,714,0,0,0,0,0,0,0,0,0
2016-04-01T00:00:00Z,2338,2979,2391,2979,3038,1994,2979,4057,4567,3,4,3,4,5,2,4,8,9
2016-04-02T00:00:00Z,3748,3869,3552,3869,4082,2530,3869,4017,4327,7,7,6,7,8,3,7,8,8
2016-04-03T00:00:00Z,2707,2402,2690,2402,3284,1988,2402,2036,2215,4,3,3,3,5,1,3,2,2
2016-04-04T00:00:00Z,2391,2809,2478,2809,3133,1772,2809,2388,2677,3,4,3,4,5,1,4,3,3
2016-04-05T00:00:00Z,1473,1843,1533,1843,1763,1282,1843,1510,1616,0,1,0,1,1,0,1,0,0
2016-04-06T00:00:00Z,4228,3599,4246,3599,3669,2698,3599,4262,4252,8,6,8,6,6,3,6,8,8
2016-04-07T00:00:00Z,3752,4408,3853,4408,3677,2537,4408,3937,4287,6,8,7,8,6,3,8,7,8
2016-04-08T00:00:00Z,5175,4547,5006,4547,4459,2711,4547,3938,4290,10,8,10,8,8,3,8,7,8
2016-04-09T00:00:00Z,4531,4054,4736,4054,5077,2818,4054,4913,5312,8,7,9,7,10,3,7,9,11
2016-04-10T00:00:00Z,3954,5722,5400,5722,4648,3039,5722,4159,4201,7,12,11,12,9,4,12,7,7
2016-04-11T00:00:00Z,5875,5988,5950,5988,5852,3437,5988,5891,6150,12,12,12,12,12,5,12,12,13
2016-04-12T00:00:00Z,4340,3827,3830,3827,4622,2907,3827,4769,5232,8,6,6,6,8,4,6,9,10
2016-04-13T00:00:00Z,1330,1837,1547,1837,1666,1118,1837,1261,1567,0,0,0,0,0,0,0,0,0
2016-04-14T00:00:00Z,4712,5783,6012,5783,5102,3098,5783,4538,5067,8,11,12,11,10,4,11,8,9
2016-04-15T00:00:00Z,3056,4079,4603,4079,4211,2598,4079,3254,3798,4,7,8,7,7,3,7,4,6
2016-04-16T00:00:00Z,3049,3673,2547,3673,3055,2e3,3673,2330,2883,4,5,2,5,4,1,5,2,3
2016-04-17T00:00:00Z,3834,3942,3784,3942,3890,2466,3942,4767,4096,6,6,6,6,6,2,6,8,7
2016-04-18T00:00:00Z,5030,5813,5780,5813,5376,3036,5813,5619,5283,9,11,11,11,10,4,11,11,10
2016-04-19T00:00:00Z,2476,3303,3490,3303,2634,1577,3303,2571,2859,2,4,5,4,2,0,4,2,3
2016-04-20T00:00:00Z,6851,7013,6908,7013,6913,4066,7013,6763,7076,14,14,14,14,14,6,14,14,14
2016-04-21T00:00:00Z,6587,6981,6821,6981,6646,3958,6981,6504,6873,13,14,14,14,13,6,14,13,14
2016-04-22T00:00:00Z,4722,4446,4045,4446,4924,2844,4446,4377,4830,8,7,6,7,8,3,7,7,8
2016-04-23T00:00:00Z,1979,2090,1572,2090,2664,1487,2090,2275,2639,0,1,0,1,2,0,1,1,2
2016-04-24T00:00:00Z,3863,4106,4347,4106,4549,2719,4106,4447,4106,5,6,7,6,7,2,6,7,6
2016-04-25T00:00:00Z,2418,2512,3189,2512,3155,1676,2512,2136,2512,2,2,4,2,3,0,2,1,2
2016-04-26T00:00:00Z,3231,2569,5204,2569,3950,3082,2569,3299,2569,4,2,9,2,6,3,2,4,2
2016-04-27T00:00:00Z,2666,1709,2988,1709,3290,1954,1709,1280,1709,2,0,3,0,4,0,0,0,0
2016-04-28T00:00:00Z,4898,6410,5813,6410,5302,3560,6410,5184,4955,8,12,10,12,9,4,12,9,8
2016-04-29T00:00:00Z,3879,4286,4291,4286,4506,2743,4286,3287,3772,5,6,6,6,7,2,6,4,5
2016-04-30T00:00:00Z,2619,3698,5692,3698,2749,1517,3698,2962,3188,2,5,10,5,2,0,5,3,3
2016-05-01T00:00:00Z,3850,4027,6800,4027,4658,2654,4027,5478,6178,5,5,12,5,7,2,5,9,11
2016-05-02T00:00:00Z,6719,7349,7127,7349,7178,4317,7349,7005,6904,12,14,13,14,13,6,14,13,13
2016-05-03T00:00:00Z,3526,3957,3508,3957,3888,2532,3957,3601,4031,4,5,4,5,5,2,5,4,5
2016-05-04T00:00:00Z,6982,6780,7260,6780,7501,4597,6780,6915,6571,13,12,13,12,14,7,12,12,12
2016-05-05T00:00:00Z,7352,7596,7587,7596,7557,4446,7596,7464,7770,13,14,14,14,14,6,14,14,14
2016-05-06T00:00:00Z,6942,7316,7330,7316,7075,4292,7316,7104,7539,12,13,13,13,13,6,13,13,14
2016-05-07T00:00:00Z,7107,7443,7465,7443,7550,4311,7443,7217,7192,13,13,14,13,14,6,13,13,13
2016-05-08T00:00:00Z,7348,7636,7645,7636,7508,4443,7636,7518,7834,13,14,14,14,14,6,14,14,14
2016-05-09T00:00:00Z,6377,6596,6851,6596,6630,4111,6596,6404,6874,11,11,12,11,11,5,11,11,12
2016-05-10T00:00:00Z,2042,2059,2417,2059,2614,1774,2059,2918,3560,0,0,1,0,2,0,0,2,4
2016-05-11T00:00:00Z,5266,6272,6093,6272,5842,3456,6272,5800,6317,8,10,10,10,9,4,10,9,11
2016-05-12T00:00:00Z,3011,3461,2909,3461,3781,2133,3461,2801,3446,3,4,2,4,4,0,4,2,4
2016-05-13T00:00:00Z,3984,4764,4033,4764,4759,2935,4764,3534,3218,5,7,5,7,7,2,7,4,3
2016-05-14T00:00:00Z,3948,4516,4770,4516,4392,2732,4516,3377,4252,5,6,7,6,6,2,6,3,5
2016-05-15T00:00:00Z,3172,3278,3699,3278,3906,2421,3278,4176,3977,3,3,4,3,5,1,3,5,5
2016-05-16T00:00:00Z,3656,4053,4527,4053,4105,2544,4053,3684,4018,4,5,6,5,5,1,5,4,5
2016-05-17T00:00:00Z,3995,4327,4261,4327,4261,2463,4327,3701,4668,5,6,5,6,5,1,6,4,6
2016-05-18T00:00:00Z,2662,3257,3632,3257,3054,1971,3257,3037,3922,2,3,4,3,2,0,3,2,5
2016-05-19T00:00:00Z,5888,6073,5493,6073,6238,3373,6073,4750,6072,9,10,8,10,10,3,10,7,10
2016-05-20T00:00:00Z,3992,3907,5115,3907,4044,2153,3907,3193,3669,5,4,7,4,5,0,4,3,4
2016-05-21T00:00:00Z,5619,7064,6654,7064,6684,3754,7064,5679,6638,8,12,11,12,11,4,12,9,11
2016-05-22T00:00:00Z,4474,5049,5485,5049,5136,2850,5049,4265,4568,6,7,8,7,7,2,7,5,6
2016-05-23T00:00:00Z,2314,2650,2841,2650,2808,2287,2650,2134,2552,1,1,2,1,2,1,1,0,1
2016-05-24T00:00:00Z,1175,1146,2085,1146,1511,845,1146,1524,1370,0,0,0,0,0,0,0,0,0
2016-05-25T00:00:00Z,2353,3266,2446,3266,3171,1533,3266,3329,2972,1,3,1,3,3,0,3,3,2
2016-05-26T00:00:00Z,6524,6479,7578,6479,7152,4250,6479,6754,7083,10,10,13,10,12,5,10,11,12
2016-05-27T00:00:00Z,5317,4616,5605,4616,5271,2780,4616,5179,5572,8,6,8,6,8,2,6,7,8
2016-05-28T00:00:00Z,4225,4489,4518,4489,4865,3581,4489,4634,5243,5,6,6,6,7,4,6,6,7
2016-05-29T00:00:00Z,3417,3585,4760,3585,4327,2074,3585,4137,3985,3,3,6,3,5,0,4,5,4
2016-05-30T00:00:00Z,2020,2891,1671,2891,3089,1253,2891,2496,2873,0,2,0,2,2,0,2,1,2
2016-05-31T00:00:00Z,4192,3796,4106,3796,5018,2132,3796,3609,4112,5,4,5,4,7,0,4,4,5
2016-06-01T00:00:00Z,989,1805,1338,1805,1298,827,1805,868,862,0,0,0,0,0,0,0,0,0
2016-06-02T00:00:00Z,3808,3327,3541,3327,3545,2142,3327,3229,2881,3,2,3,2,3,0,2,2,1
2016-06-03T00:00:00Z,3355,3381,4031,3381,3944,2282,3381,2827,2851,2,2,4,2,4,0,2,1,1
2016-06-04T00:00:00Z,3632,3419,5363,3419,4661,3173,3419,4215,4615,3,2,7,2,5,2,2,4,5
2016-06-05T00:00:00Z,3914,4767,5913,4767,5246,3918,4767,5422,5288,4,6,8,6,7,4,6,7,7
2016-06-06T00:00:00Z,6484,7438,7970,7438,7123,4512,7438,5616,5322,10,12,13,12,11,5,12,8,7
2016-06-07T00:00:00Z,5629,6229,7220,6229,6050,3662,6229,6253,7073,8,9,12,9,9,3,9,9,11
2016-06-08T00:00:00Z,4280,4159,3932,4159,5139,3256,4159,5089,4834,4,4,4,4,6,2,4,6,6
2016-06-09T00:00:00Z,7298,7944,8360,7944,8054,4819,7944,7776,8058,12,13,14,13,14,6,13,13,14
2016-06-10T00:00:00Z,7102,7429,7863,7429,7669,4755,7429,6854,7307,11,12,13,12,13,6,12,11,12
2016-06-11T00:00:00Z,3691,3561,3285,3561,4332,2682,3561,4577,4994,3,3,2,3,4,0,3,5,6
2016-06-12T00:00:00Z,3206,3236,3764,3236,3795,2272,3236,3791,3571,2,2,3,2,3,0,2,3,3
2016-06-13T00:00:00Z,3108,3687,4139,3687,3618,2618,3687,2677,2744,1,3,4,3,3,0,3,0,1
2016-06-14T00:00:00Z,4126,3405,4680,3405,4634,2754,3405,3877,4751,4,2,5,2,5,1,2,3,5
2016-06-15T00:00:00Z,4602,4702,4898,4702,5236,3136,4702,4656,4805,5,5,6,5,7,2,5,5,6
2016-06-16T00:00:00Z,2097,2771,2328,2771,2884,1991,2771,2758,3304,0,1,0,1,1,0,1,1,2
2016-06-17T00:00:00Z,3319,4583,4732,4583,3868,2454,4583,3121,3721,2,5,5,5,3,0,5,1,3
2016-06-18T00:00:00Z,4983,4234,4594,4234,5326,3371,4234,4560,4197,6,4,5,4,7,2,4,5,4
2016-06-19T00:00:00Z,5299,6171,5363,6171,4919,2670,6171,5178,5619,7,9,7,9,6,0,9,7,8
2016-06-20T00:00:00Z,5772,6003,6411,6003,6111,3906,6003,5890,6348,8,9,9,9,9,3,9,8,9
2016-06-21T00:00:00Z,3310,3415,4064,3415,3971,2100,3415,2613,3598,2,2,4,2,4,0,2,0,3
2016-06-22T00:00:00Z,4063,4571,5462,4571,5007,2426,4571,4562,4875,4,5,7,5,6,0,5,5,6
2016-06-23T00:00:00Z,7518,7961,8209,7961,8034,4794,7961,7866,8317,12,13,14,13,14,6,13,13,14
2016-06-24T00:00:00Z,3473,5938,6775,5938,4088,2515,5938,3492,4232,2,8,10,8,4,0,8,2,4
2016-06-25T00:00:00Z,675,1013,2144,1013,1002,918,1013,902,1087,0,0,0,0,0,0,0,0,0
2016-06-26T00:00:00Z,5391,6147,6198,6147,5524,3661,6147,5391,4964,7,9,9,9,7,3,9,7,6
2016-06-27T00:00:00Z,2932,2630,2862,2630,3837,2431,2630,2489,2600,1,0,1,0,3,0,0,0,0
2016-06-28T00:00:00Z,5001,4743,4478,4743,5652,3404,4743,5256,5909,6,5,5,5,8,2,5,7,8
2016-06-29T00:00:00Z,6573,6928,7865,6928,6654,4653,6928,6647,7394,10,11,13,11,10,5,11,10,12
2016-06-30T00:00:00Z,3453,3233,3269,3233,4751,2856,3233,2542,3289,2,2,2,2,6,1,2,0,2
2016-07-01T00:00:00Z,3690,3726,4065,3726,4100,2646,3726,2305,2920,3,3,4,3,4,1,3,0,1
2016-07-02T00:00:00Z,3580,4182,3933,4182,4397,3024,4182,3771,4217,3,5,4,4,5,2,5,3,5
2016-07-03T00:00:00Z,4193,4319,3121,4319,4941,2970,4319,3407,4520,5,5,2,5,6,1,5,3,5
2016-07-04T00:00:00Z,3678,3647,4280,3647,4466,2155,3647,3603,4346,3,3,5,3,5,0,3,3,5
2016-07-05T00:00:00Z,3160,4390,4262,4390,3939,2486,4390,3105,3430,2,5,5,5,4,0,5,2,3
2016-07-06T00:00:00Z,4749,6413,6205,6413,5665,3383,6413,5485,6387,6,10,10,10,8,3,10,8,10
2016-07-07T00:00:00Z,6678,7480,7700,7480,7101,4430,7480,6893,7551,11,13,13,13,12,5,13,11,13
2016-07-08T00:00:00Z,4231,5271,5891,5271,4703,3115,5271,4406,5105,5,7,9,7,6,2,7,5,7
2016-07-09T00:00:00Z,5027,6373,6594,6373,5326,3767,6373,5441,5427,7,10,11,10,7,4,10,8,8
2016-07-10T00:00:00Z,7117,7146,7385,7146,7259,4742,7146,6915,7447,12,12,13,12,12,6,12,12,13
2016-07-11T00:00:00Z,4011,5551,5003,5551,5050,3276,5551,3697,5221,4,8,7,8,7,2,8,3,7
2016-07-12T00:00:00Z,5327,4629,5247,4629,5718,3514,4629,4972,5137,8,6,7,6,9,3,6,7,7
2016-07-13T00:00:00Z,3628,4301,5546,4301,3822,2392,4301,3686,2153,3,5,8,5,4,0,5,3,0
2016-07-14T00:00:00Z,4016,5087,5068,5087,4859,3206,5087,5494,3958,4,7,7,7,6,2,7,8,4
2016-07-15T00:00:00Z,4167,4765,5686,4765,4510,2706,4765,4619,5240,5,6,9,6,6,1,6,6,7
2016-07-16T00:00:00Z,3291,3807,3910,3807,3633,1939,3807,2939,3318,3,4,4,4,3,0,4,2,3
2016-07-17T00:00:00Z,3758,5376,4459,5376,4246,2858,5376,4179,4709,4,8,5,8,5,1,8,5,6
2016-07-18T00:00:00Z,6652,7104,7027,7104,6813,3900,7104,7401,7399,11,12,12,12,12,4,12,13,13
2016-07-19T00:00:00Z,7301,7682,7660,7682,7523,4554,7682,7570,7620,13,14,14,14,13,6,14,13,14
2016-07-20T00:00:00Z,7321,7369,7492,7369,7501,4777,7369,7264,7697,13,13,13,13,13,6,13,13,14
2016-07-21T00:00:00Z,3620,4316,4357,4316,3505,2178,4316,3116,3437,3,5,5,5,3,0,5,2,3
2016-07-22T00:00:00Z,5064,5726,5805,5726,5612,3428,5726,5681,6072,7,9,9,9,9,3,9,9,10
2016-07-23T00:00:00Z,2249,2892,3417,2892,2538,1307,2892,2059,2173,0,2,3,2,1,0,2,0,0
2016-07-24T00:00:00Z,4172,5078,4473,5078,5316,3491,5078,5553,4954,5,7,6,7,8,3,7,9,7
2016-07-25T00:00:00Z,4585,5970,6393,5970,5064,3017,5970,5628,5811,6,10,11,10,7,2,10,9,9
2016-07-26T00:00:00Z,2941,3903,5116,3903,3149,1505,3903,3232,3144,2,4,7,4,2,0,4,3,2
2016-07-27T00:00:00Z,5085,5517,6147,5517,4877,3595,5517,4832,5353,7,9,10,9,7,4,9,7,8
2016-07-28T00:00:00Z,3289,3111,3470,3111,3438,2019,3111,2778,3798,3,2,3,2,3,0,2,2,4
2016-07-29T00:00:00Z,3647,5002,5103,5002,4009,2571,5002,2898,3193,4,7,8,7,5,1,7,2,3
2016-07-30T00:00:00Z,4964,4838,5013,4838,4911,3543,4838,4009,4373,7,7,7,7,7,4,7,5,6
2016-07-31T00:00:00Z,2568,4616,5058,4616,3133,2141,4616,3756,3969,1,6,8,6,3,0,6,4,5
2016-08-01T00:00:00Z,5806,6096,5537,6096,5797,3330,6096,5088,5900,10,11,9,11,10,3,11,8,10
2016-08-02T00:00:00Z,1132,1010,983,1010,1633,1297,1010,1148,1466,0,0,0,0,0,0,0,0,0
2016-08-03T00:00:00Z,1566,2292,2407,2292,1849,1066,2292,1308,1651,0,0,1,0,0,0,0,0,0
2016-08-04T00:00:00Z,1292,1233,1316,1233,1758,1302,1233,1953,2057,0,0,0,0,0,0,0,0,0
2016-08-05T00:00:00Z,3574,4159,5724,4159,3547,2778,4159,4373,4313,4,6,10,6,4,2,6,6,6
2016-08-06T00:00:00Z,4165,5949,5122,5949,5171,3234,5949,5697,5744,6,11,8,11,8,3,11,10,10
2016-08-07T00:00:00Z,6641,6923,7044,6923,7042,4245,6923,6616,7175,13,13,14,13,14,6,13,12,14
2016-08-08T00:00:00Z,5941,6837,7009,6837,6162,4114,6837,5850,5881,11,13,14,13,11,6,13,10,11
2016-08-09T00:00:00Z,3659,4196,4373,4196,4263,3214,4196,5205,5507,4,6,6,6,6,3,6,9,10
2016-08-10T00:00:00Z,3522,4057,4654,4057,3718,2163,4057,4216,4553,4,6,7,6,5,0,6,6,7
2016-08-11T00:00:00Z,3636,4986,4758,4986,4158,2259,4986,3070,3846,5,8,8,8,6,1,8,3,5
2016-08-12T00:00:00Z,2294,2584,2467,2584,2764,1868,2584,2454,2611,1,2,1,2,2,0,2,1,2
2016-08-13T00:00:00Z,6454,6695,6629,6695,6506,4119,6695,6663,6928,12,13,13,13,13,6,13,13,14
2016-08-14T00:00:00Z,5232,6174,5687,6174,5140,3005,6174,5632,5020,9,12,10,12,9,3,12,10,9
2016-08-15T00:00:00Z,5973,6362,6458,6362,6215,3923,6362,6494,6601,11,12,13,12,12,6,12,13,13
2016-08-16T00:00:00Z,6313,6686,6557,6686,6569,3924,6686,6559,6850,12,13,13,13,13,6,13,13,14
2016-08-17T00:00:00Z,6533,6812,6773,6812,6685,4032,6812,6597,6960,13,14,14,14,13,6,14,13,14
2016-08-18T00:00:00Z,3590,3765,3893,3765,3718,2718,3765,4544,5322,5,5,6,5,5,2,5,7,10
2016-08-19T00:00:00Z,4070,4346,4788,4346,4542,3097,4346,4222,4526,6,7,8,7,8,3,7,7,8
2016-08-20T00:00:00Z,2049,2229,1841,2229,2651,1529,2229,2520,2513,0,1,0,1,2,0,1,2,2
2016-08-21T00:00:00Z,3438,3798,3247,3798,3983,2514,3798,2590,2761,5,6,4,6,6,2,6,2,3
2016-08-22T00:00:00Z,2447,3263,3460,3263,3478,2129,3263,2483,2918,2,4,5,4,5,1,4,2,3
2016-08-23T00:00:00Z,6212,6459,6433,6459,6350,3819,6459,6246,6508,13,13,13,13,13,6,13,13,14
2016-08-24T00:00:00Z,6230,6440,6377,6440,6287,3824,6440,6247,6493,13,13,13,13,13,6,13,13,14
2016-08-25T00:00:00Z,6160,6431,6417,6431,6272,3815,6431,6266,6525,13,13,13,13,13,6,13,13,14
2016-08-26T00:00:00Z,5813,6206,6144,6206,5705,3520,6206,5936,6211,12,13,13,13,12,5,13,12,13
2016-08-27T00:00:00Z,5263,5997,6016,5997,5237,3077,5997,5552,5963,10,12,12,12,10,4,12,11,12
2016-08-28T00:00:00Z,5006,5155,5172,5155,5240,3302,5155,4270,4584,10,10,10,10,10,5,10,7,8
2016-08-29T00:00:00Z,2283,4014,5036,4014,2675,1850,4014,2260,2855,2,7,10,7,3,0,7,2,3
2016-08-30T00:00:00Z,5610,5389,5896,5389,5406,3513,5389,5459,5574,12,11,12,11,11,5,11,11,12
2016-08-31T00:00:00Z,4923,4787,5564,4787,4828,3060,4787,4337,5109,10,9,12,9,9,4,9,8,10
2016-09-01T00:00:00Z,4530,5430,4719,5430,4462,2939,5430,5163,5563,9,11,9,11,8,4,11,11,12
2016-09-02T00:00:00Z,5178,5384,5252,5384,5099,3237,5384,5056,5407,11,11,11,11,10,5,11,10,11
2016-09-03T00:00:00Z,4531,4468,4367,4468,4704,2591,4468,4383,4703,9,9,8,9,9,3,9,8,9
2016-09-04T00:00:00Z,2607,2258,2789,2258,2816,1925,2258,2166,2287,3,2,4,2,4,1,2,2,2
2016-09-05T00:00:00Z,2178,2598,2532,2598,2784,1678,2598,2450,3061,2,3,3,3,4,0,3,3,5
2016-09-06T00:00:00Z,5027,5709,5539,5709,5715,3228,5709,5053,5613,11,13,12,13,13,5,13,11,13
2016-09-07T00:00:00Z,5428,5546,5517,5546,5514,3196,5546,5361,5655,12,12,12,12,12,5,12,12,13
2016-09-08T00:00:00Z,5327,5458,5301,5458,5269,3119,5458,4971,5418,12,12,12,12,12,5,12,11,12
2016-09-09T00:00:00Z,4829,4e3,3719,4e3,4975,2832,4e3,4899,5157,10,8,7,8,11,4,8,11,11
2016-09-10T00:00:00Z,4549,4519,4944,4519,4809,2631,4519,4618,4901,10,9,11,9,10,4,10,10,11
2016-09-11T00:00:00Z,3660,4271,5202,4271,3883,2056,4271,3959,4477,7,9,12,9,8,2,9,8,10
2016-09-12T00:00:00Z,4949,4970,4968,4970,4842,2816,4970,4776,5118,11,11,11,11,11,4,11,11,12
2016-09-13T00:00:00Z,4946,4920,4935,4920,4689,2750,4920,4764,5044,11,11,11,11,10,4,11,11,12
2016-09-14T00:00:00Z,4875,4922,4924,4922,4734,2800,4922,4801,5031,11,11,11,11,11,5,11,11,12
2016-09-15T00:00:00Z,3852,3918,4015,3918,4021,2723,3918,4153,4587,8,8,8,8,9,4,8,9,10
2016-09-16T00:00:00Z,2142,1835,1904,1835,2392,1468,1835,2275,2661,3,2,2,2,3,0,2,3,4
2016-09-17T00:00:00Z,2896,3014,2938,3014,3108,2231,3014,3030,3201,5,5,5,5,6,3,5,6,6
2016-09-18T00:00:00Z,1093,1380,1327,1380,1838,1390,1380,2418,2614,0,0,0,0,2,0,0,4,4
2016-09-19T00:00:00Z,1319,1640,2070,1640,1723,1128,1640,1608,2046,0,1,2,1,1,0,1,1,2
2016-09-20T00:00:00Z,1030,1274,1799,1274,1149,644,1274,1324,1496,0,0,2,0,0,0,0,0,1
2016-09-21T00:00:00Z,4731,4633,4370,4633,4525,2564,4633,4498,4819,12,11,10,11,11,4,11,11,12
2016-09-22T00:00:00Z,3982,4081,4297,4081,3822,2487,4081,3935,4296,9,9,10,9,9,4,10,9,10
2016-09-23T00:00:00Z,2990,3502,4015,3502,2856,1687,3502,3611,3950,6,8,9,8,6,2,8,8,9
2016-09-24T00:00:00Z,4344,4409,4321,4409,4221,2424,4409,3808,4482,11,11,11,11,10,4,11,9,11
2016-09-25T00:00:00Z,4391,4354,4336,4354,4219,2430,4354,4256,4507,11,11,11,11,10,4,11,11,12
2016-09-26T00:00:00Z,4202,2693,2083,2693,4086,2468,2693,3785,3671,11,5,3,5,10,4,5,9,9
2016-09-27T00:00:00Z,4103,3796,3790,3796,4046,2376,3796,3643,4470,10,9,9,9,10,4,9,9,12
2016-09-28T00:00:00Z,2573,2635,2852,2635,2641,1546,2635,2331,2652,5,5,6,5,5,1,5,4,5
2016-09-29T00:00:00Z,3560,4114,4002,4114,3423,1725,4114,3035,3114,9,11,10,11,8,2,11,7,7
2016-09-30T00:00:00Z,804,975,889,975,1032,694,975,1222,1457,0,0,0,0,0,0,0,0,1
2016-10-01T00:00:00Z,1040,1021,929,1021,1201,726,1021,867,784,0,0,0,0,1,0,0,0,0
2016-10-02T00:00:00Z,2475,2108,2519,2108,2568,1628,2108,2272,1936,5,4,5,4,6,2,4,5,3
2016-10-03T00:00:00Z,667,1090,1382,1090,1220,982,1090,1576,1290,0,0,1,0,1,0,0,2,1
2016-10-04T00:00:00Z,1233,1059,1434,1059,1208,648,1059,1497,1772,1,0,2,0,1,0,0,2,3
2016-10-05T00:00:00Z,4020,3614,4059,3614,3618,2002,3614,3733,4227,11,10,11,10,10,4,10,10,12
2016-10-06T00:00:00Z,1276,1044,852,1044,1417,941,1044,1292,1331,1,0,0,0,2,0,0,1,2
2016-10-07T00:00:00Z,807,1191,1385,1191,975,644,1191,813,1191,0,1,2,1,0,0,1,0,1
2016-10-08T00:00:00Z,1432,1249,1210,1249,1510,972,1249,1590,1713,2,1,1,1,2,0,1,3,3
2016-10-09T00:00:00Z,2121,1372,1858,1372,2179,1277,1372,1510,1748,5,2,4,2,5,1,2,2,3
2016-10-10T00:00:00Z,1049,1067,2012,1067,1568,1292,1067,1194,1485,1,1,4,1,3,2,1,1,2
2016-10-11T00:00:00Z,2331,2542,2081,2542,2486,1887,2542,2568,2581,6,6,5,6,6,4,6,7,7
2016-10-12T00:00:00Z,708,765,973,765,936,396,765,966,1140,0,0,0,0,0,0,0,0,1
2016-10-13T00:00:00Z,1837,1532,2458,1532,2173,1390,1532,2074,2233,4,3,6,3,5,2,3,5,6
2016-10-14T00:00:00Z,1458,1497,1936,1497,1629,921,1497,1592,1807,3,3,4,3,3,0,3,3,4
2016-10-15T00:00:00Z,933,1001,1118,1001,1179,796,1001,1040,1351,0,1,1,1,1,0,1,1,2
2016-10-16T00:00:00Z,2951,3215,1473,3215,3171,1737,3215,2553,3370,9,10,3,10,10,4,10,7,11
2016-10-17T00:00:00Z,699,1281,852,1281,901,603,1281,927,1295,0,2,0,2,0,0,2,1,2
2016-10-18T00:00:00Z,1666,1634,1562,1634,1931,1391,1634,2204,1821,4,4,3,4,5,3,4,6,4
2016-10-19T00:00:00Z,1428,949,1283,949,1515,1054,949,1070,648,3,1,2,1,3,1,1,1,0
2016-10-20T00:00:00Z,494,628,626,628,649,398,628,641,717,0,0,0,0,0,0,0,0,0
2016-10-21T00:00:00Z,742,818,900,818,879,818,818,1235,1168,0,0,1,0,1,0,0,2,2
2016-10-22T00:00:00Z,1266,1007,1190,1007,1302,842,1007,1071,1042,2,1,2,1,3,1,1,2,1
2016-10-23T00:00:00Z,656,1588,1149,1588,714,362,1588,662,1199,0,4,2,4,0,0,4,0,2
2016-10-24T00:00:00Z,358,395,287,395,445,234,395,381,512,0,0,0,0,0,0,0,0,0
2016-10-25T00:00:00Z,766,1009,1085,1009,912,498,1009,908,927,0,1,2,1,1,0,1,1,1
2016-10-26T00:00:00Z,1873,1197,1371,1197,1883,1205,1197,1597,1638,5,2,3,2,6,2,2,4,4
2016-10-27T00:00:00Z,2080,1960,1228,1960,2166,1096,1960,1722,2077,7,6,3,6,7,2,6,5,7
2016-10-28T00:00:00Z,1037,788,1038,788,1122,696,788,677,896,2,1,2,1,2,0,1,0,1
2016-10-29T00:00:00Z,1534,1170,1269,1170,1565,873,1170,1406,1466,4,2,3,2,4,1,2,4,4
2016-10-30T00:00:00Z,2057,2467,2498,2467,2019,1229,2467,1488,2370,7,9,9,9,7,3,9,4,8
2016-10-31T00:00:00Z,2118,2400,2279,2400,2184,1228,2400,1649,2514,7,8,8,8,8,3,9,5,9
2016-11-01T00:00:00Z,1920,2129,918,2129,1863,1060,2129,1047,2059,6,7,2,7,6,2,7,2,7
2016-11-02T00:00:00Z,1096,978,1500,978,1499,985,978,1433,1342,3,2,4,2,5,2,2,4,4
2016-11-03T00:00:00Z,1805,1446,1735,1446,1734,1112,1446,1226,1243,6,4,6,4,6,3,4,3,3
2016-11-04T00:00:00Z,675,763,711,763,735,363,763,652,927,1,1,1,1,1,0,1,1,2
2016-11-05T00:00:00Z,392,332,412,332,518,301,332,355,419,0,0,0,0,0,0,0,0,0
2016-11-06T00:00:00Z,1033,1027,1554,1027,1100,652,1027,885,826,3,3,5,2,3,1,3,2,2
2016-11-07T00:00:00Z,591,471,683,471,677,358,471,224,387,0,0,1,0,1,0,0,0,0
2016-11-08T00:00:00Z,1005,760,980,760,1028,732,760,1204,1017,3,1,2,1,3,1,1,4,3
2016-11-09T00:00:00Z,380,476,443,476,451,216,476,307,490,0,0,0,0,0,0,0,0,0
2016-11-10T00:00:00Z,886,844,900,844,1101,827,844,439,496,2,2,2,2,3,2,2,0,0
2016-11-11T00:00:00Z,148,256,285,256,202,174,256,213,324,0,0,0,0,0,0,0,0,0
2016-11-12T00:00:00Z,1221,1608,1149,1608,1131,576,1608,1354,1482,4,6,4,6,4,1,6,5,6
2016-11-13T00:00:00Z,1036,1101,990,1101,950,487,1101,984,1166,3,3,3,3,3,0,3,3,4
2016-11-14T00:00:00Z,1694,2204,2043,2204,1644,1151,2204,1905,1957,7,10,9,10,7,4,10,8,8
2016-11-15T00:00:00Z,163,326,288,326,359,234,326,172,291,0,0,0,0,0,0,0,0,0
2016-11-16T00:00:00Z,286,224,257,224,442,303,224,97,240,0,0,0,0,0,0,0,0,0
2016-11-17T00:00:00Z,335,266,576,266,449,311,266,468,272,0,0,1,0,0,0,0,0,0
2016-11-18T00:00:00Z,782,700,480,700,739,443,700,970,1008,2,2,0,2,2,0,2,3,3
2016-11-19T00:00:00Z,567,1100,952,1100,694,491,1100,313,537,1,4,3,4,2,0,4,0,1
2016-11-20T00:00:00Z,644,1006,1054,1006,722,434,1006,880,442,1,3,4,3,2,0,3,3,0
2016-11-21T00:00:00Z,185,334,377,334,257,184,334,187,282,0,0,0,0,0,0,0,0,0
2016-11-22T00:00:00Z,802,835,906,835,800,402,835,611,789,2,3,3,3,2,0,3,1,2
2016-11-23T00:00:00Z,931,917,689,917,1040,658,917,899,1113,3,3,2,3,4,2,3,3,4
2016-11-24T00:00:00Z,1210,1249,1235,1249,1033,760,1249,1278,1506,5,5,5,5,4,2,5,6,7
2016-11-25T00:00:00Z,309,371,313,371,354,204,371,606,868,0,0,0,0,0,0,0,1,3
2016-11-26T00:00:00Z,127,168,198,168,190,112,168,333,467,0,0,0,0,0,0,0,0,1
2016-11-27T00:00:00Z,411,447,724,447,657,473,447,631,614,0,0,2,0,2,1,0,2,2
2016-11-28T00:00:00Z,1498,2040,1602,2040,1190,985,2040,1669,2095,7,11,8,11,5,4,11,8,11
2016-11-29T00:00:00Z,2073,1550,1509,1550,1703,1042,1550,1792,1782,11,8,7,8,9,4,8,9,9
2016-11-30T00:00:00Z,1972,1796,1646,1796,1615,998,1796,1648,1766,11,9,8,9,8,4,9,8,9
2016-12-01T00:00:00Z,283,489,530,489,401,192,489,122,222,0,1,1,1,0,0,1,0,0
2016-12-02T00:00:00Z,149,212,244,212,222,371,212,192,253,0,0,0,0,0,0,0,0,0
2016-12-03T00:00:00Z,449,1903,1522,1903,479,610,1903,399,2138,1,10,8,10,1,2,11,0,12
2016-12-04T00:00:00Z,1331,2015,1548,2015,1292,981,2015,848,1811,7,11,8,11,6,4,11,3,10
2016-12-05T00:00:00Z,1680,949,269,949,1324,905,949,1642,1518,9,4,0,4,7,4,4,9,8
2016-12-06T00:00:00Z,1694,1647,205,1647,1225,652,1647,1584,2018,9,9,0,9,6,2,9,9,12
2016-12-07T00:00:00Z,755,582,280,582,781,561,582,831,971,3,2,0,2,3,1,2,3,4
2016-12-08T00:00:00Z,1022,1301,318,1301,952,641,1301,913,1063,5,7,0,7,4,2,7,4,5
2016-12-09T00:00:00Z,375,438,331,438,420,262,438,253,382,0,1,0,1,1,0,1,0,0
2016-12-10T00:00:00Z,1260,1310,1206,1310,1110,805,1310,1091,1312,7,7,6,7,6,3,7,5,7
2016-12-11T00:00:00Z,433,420,492,420,499,277,420,325,447,1,1,1,1,1,0,1,0,1
2016-12-12T00:00:00Z,424,306,195,306,508,291,306,357,387,1,0,0,0,1,0,0,0,0
2016-12-13T00:00:00Z,130,328,346,328,188,129,328,99,234,0,0,0,0,0,0,0,0,0
2016-12-14T00:00:00Z,310,336,412,336,406,264,336,316,369,0,0,0,0,1,0,0,0,0
2016-12-15T00:00:00Z,165,246,226,246,191,88,246,153,273,0,0,0,0,0,0,0,0,0
2016-12-16T00:00:00Z,206,397,206,397,277,128,397,193,329,0,0,0,0,0,0,0,0,0
2016-12-17T00:00:00Z,663,614,242,614,691,292,614,552,659,2,2,0,2,3,0,2,2,2
2016-12-18T00:00:00Z,284,207,243,207,384,201,207,251,269,0,0,0,0,0,0,0,0,0
2016-12-19T00:00:00Z,274,191,221,191,282,170,191,269,439,0,0,0,0,0,0,0,0,1
2016-12-20T00:00:00Z,1109,1122,1008,1122,858,580,1122,1135,1312,6,6,5,6,4,2,6,6,7
2016-12-21T00:00:00Z,272,320,211,320,347,397,320,226,342,0,0,0,0,0,1,0,0,0
2016-12-22T00:00:00Z,128,330,192,330,225,96,330,122,241,0,0,0,0,0,0,0,0,0
2016-12-23T00:00:00Z,230,432,244,432,285,250,432,219,319,0,1,0,1,0,0,1,0,0
2016-12-24T00:00:00Z,620,586,606,586,680,461,586,642,682,2,2,2,2,3,1,2,2,3
2016-12-25T00:00:00Z,142,147,214,147,434,437,147,70,158,0,0,0,0,1,1,0,0,0
2016-12-26T00:00:00Z,375,312,505,312,442,354,312,341,459,0,0,1,0,1,0,0,0,1
2016-12-27T00:00:00Z,645,973,683,973,740,572,973,648,523,2,5,2,5,3,2,5,2,1
2016-12-28T00:00:00Z,340,433,499,433,412,290,433,339,433,0,1,1,1,1,0,1,0,1
2016-12-29T00:00:00Z,834,1431,1215,1431,1240,928,1431,371,1458,4,8,6,8,7,4,8,0,8
2016-12-30T00:00:00Z,1328,1590,420,1590,525,869,1590,197,1755,7,9,0,9,1,4,9,0,10
2016-12-31T00:00:00Z,1943,1730,175,1730,1093,1103,1730,572,2044,12,10,0,10,5,6,10,2,12
2017-01-01T00:00:00Z,284,366,153,366,250,988,366,269,332,0,0,0,0,0,5,0,0,0
2017-01-02T00:00:00Z,563,286,494,286,654,501,286,245,239,1,0,1,0,2,1,0,0,0
2017-01-03T00:00:00Z,775,477,633,477,822,625,477,928,794,3,1,2,1,3,2,1,4,3
2017-01-04T00:00:00Z,500,336,557,336,661,424,336,466,535,1,0,1,0,2,0,0,1,1
2017-01-05T00:00:00Z,949,1150,1181,1150,945,751,1150,1198,1356,4,5,6,5,4,3,6,6,7
2017-01-06T00:00:00Z,2012,1858,1497,1858,1545,970,1858,1747,2099,12,10,8,10,8,4,10,10,12
2017-01-07T00:00:00Z,298,576,466,576,361,169,576,305,513,0,1,1,1,0,0,1,0,1
2017-01-08T00:00:00Z,301,431,463,431,439,292,431,208,363,0,0,0,0,0,0,0,0,0
2017-01-09T00:00:00Z,358,551,383,551,488,335,551,356,464,0,1,0,1,1,0,1,0,1
2017-01-10T00:00:00Z,379,194,229,194,607,229,194,391,379,0,0,0,0,1,0,0,0,0
2017-01-11T00:00:00Z,252,417,376,417,427,227,417,46,202,0,0,0,0,0,0,0,0,0
2017-01-12T00:00:00Z,555,476,591,476,649,382,476,460,610,1,0,1,0,2,0,0,0,1
2017-01-13T00:00:00Z,722,715,854,715,830,532,715,454,455,2,2,3,2,3,1,2,0,0
2017-01-14T00:00:00Z,759,770,637,770,851,651,770,690,620,2,2,1,2,3,2,2,2,1
2017-01-15T00:00:00Z,1191,1260,788,1260,1153,849,1260,823,949,5,5,2,5,5,3,6,3,4
2017-01-16T00:00:00Z,1190,932,1492,932,1616,133,932,1250,1869,5,3,7,3,8,0,3,5,10
2017-01-17T00:00:00Z,1535,1446,1647,1446,1471,329,1446,1176,1371,7,6,8,6,7,0,7,5,6
2017-01-18T00:00:00Z,2099,2032,1694,2032,1775,649,2032,2017,2687,11,10,8,10,9,1,10,10,15
2017-01-19T00:00:00Z,2308,2160,1918,2160,1851,1298,2160,2161,2209,12,11,9,11,9,5,11,11,11
2017-01-20T00:00:00Z,2493,1830,2043,1830,1802,1378,1830,2289,2054,13,9,10,9,9,6,9,12,10
2017-01-21T00:00:00Z,2332,1800,1866,1800,1761,1151,1800,2179,1924,12,8,9,8,8,4,8,11,9
2017-01-22T00:00:00Z,2379,1513,1790,1513,1788,1081,1513,2109,2284,12,6,8,6,8,4,6,10,11
2017-01-23T00:00:00Z,216,586,1199,586,415,644,586,276,461,0,1,4,1,0,1,1,0,0
2017-01-24T00:00:00Z,374,419,216,419,503,330,419,399,420,0,0,0,0,0,0,0,0,0
2017-01-25T00:00:00Z,343,490,361,490,484,254,490,426,615,0,0,0,0,0,0,0,0,1
2017-01-26T00:00:00Z,1651,1436,1317,1436,1594,901,1436,1683,1806,7,5,5,5,6,2,5,7,8
2017-01-27T00:00:00Z,1236,1453,1251,1453,1147,587,1453,1072,1381,4,5,4,5,4,0,5,3,5
2017-01-28T00:00:00Z,1292,1337,1464,1337,1244,754,1337,1116,1263,4,5,5,5,4,1,5,3,4
2017-01-29T00:00:00Z,1112,1485,555,1485,1067,631,1485,550,854,3,5,0,5,3,1,5,0,2
2017-01-30T00:00:00Z,213,410,253,410,390,343,410,99,254,0,0,0,0,0,0,0,0,0
2017-01-31T00:00:00Z,351,448,396,448,447,198,448,194,411,0,0,0,0,0,0,0,0,0
