datum,rain
2010-05-01,0.7272251308900524
2010-05-02,2.0523560209424083
2010-05-03,11.987434554973822
2010-05-04,1.0979057591623036
2010-05-05,0.4261780104712042
2010-05-06,2.2198952879581153
2010-05-07,9.92303664921466
2010-05-08,0.568586387434555
2010-05-09,0.7712041884816754
2010-05-10,2.018848167539267
2010-05-11,0.9219895287958115
2010-05-12,2.3020942408376963
2010-05-13,0.5664921465968586
2010-05-14,0.4361256544502618
2010-05-15,11.541361256544501
2010-05-16,0.6989528795811518
2010-05-17,0
2010-05-18,0.005759162303664921
2010-05-19,12.464397905759162
2010-05-20,0.0193717277486911
2010-05-21,5.235602094240838e-4
2010-05-22,0.031413612565445025
2010-05-23,0.18219895287958116
2010-05-24,0.6146596858638744
2010-05-25,3.9130890052356024
2010-05-26,0.0020942408376963353
2010-05-27,1.8340314136125655
2010-05-28,0.5282722513089005
2010-05-29,0.0581151832460733
2010-05-30,1.82565445026178
2010-05-31,1.6701570680628273
2010-06-01,5.440837696335079
2010-06-02,0.032460732984293195
2010-06-03,0.0020942408376963353
2010-06-04,0.06910994764397906
2010-06-05,0.06858638743455497
2010-06-06,0.008900523560209424
2010-06-07,1.1958115183246074
2010-06-08,0.017277486910994764
2010-06-09,0.015706806282722512
2010-06-10,0.016753926701570682
2010-06-11,0.05130890052356021
2010-06-12,0.04397905759162304
2010-06-13,0.042408376963350786
2010-06-14,0.004188481675392671
2010-06-15,0.012041884816753928
2010-06-16,0.060209424083769635
2010-06-17,0.012041884816753928
2010-06-18,0.005759162303664921
2010-06-19,0.025654450261780103
2010-06-20,0.05130890052356021
2010-06-21,0
2010-06-23,0.0015706806282722511
2010-06-24,0.01832460732984293
2010-06-25,0.0015706806282722511
2010-06-26,0
2010-06-27,0.002617801047120419
2010-06-28,0.026701570680628273
2010-06-29,0.008376963350785341
2010-06-30,0.003664921465968586
2010-07-01,0.0010471204188481676
2010-07-02,0.0010471204188481676
2010-07-03,0.008376963350785341
2010-07-04,0.002617801047120419
2010-07-05,2.384816753926702
2010-07-06,5.637696335078534
2010-07-07,0.018848167539267015
2010-07-08,0.006282722513089005
2010-07-09,0.014136125654450262
2010-07-10,0.0031413612565445023
2010-07-11,0.049214659685863874
2010-07-12,0.020942408376963352
2010-07-13,1.701047120418848
2010-07-14,0.002617801047120419
2010-07-15,0.01780104712041885
2010-07-16,0.006282722513089005
2010-07-17,6.75130890052356
2010-07-18,0.01832460732984293
2010-07-19,0.008900523560209424
2010-07-20,0.0450261780104712
2010-07-21,0.0193717277486911
2010-07-22,0.003664921465968586
2010-07-23,25.317277486910996
2010-07-24,3.3712041884816757
2010-07-25,0.042408376963350786
2010-07-26,0.05287958115183246
2010-07-27,0.0743455497382199
2010-07-28,0.04397905759162304
2010-07-29,0.04816753926701571
2010-07-30,0.030366492146596858
2010-07-31,5.235602094240838e-4
2010-08-01,0.33874345549738216
2010-08-02,0.3240837696335078
2010-08-03,6.538743455497382
2010-08-04,2.640837696335079
2010-08-05,0.0020942408376963353
2010-08-06,0.0015706806282722511
2010-08-07,7.127225130890052
2010-08-08,0.10890052356020943
2010-08-09,0.83717277486911
2010-08-10,0.17539267015706805
2010-08-11,0.05026178010471204
2010-08-12,0.03455497382198953
2010-08-13,13.952356020942409
2010-08-14,19.895287958115183
2010-08-15,0.5293193717277487
2010-08-16,7.521989528795811
2010-08-17,0.9753926701570681
2010-08-18,2.481151832460733
2010-08-19,1.774869109947644
2010-08-20,0.01361256544502618
2010-08-21,0
2010-08-22,0.08062827225130889
2010-08-23,2.055497382198953
2010-08-24,4.328272251308901
2010-08-25,0.07277486910994765
2010-08-26,0.8832460732984293
2010-08-27,8.793193717277486
2010-08-28,0.5261780104712042
2010-08-29,3.312565445026178
2010-08-30,8.847120418848167
2010-08-31,0.04607329842931937
2010-09-01,0.03507853403141361
2010-09-02,0.051832460732984295
2010-09-03,0.7460732984293194
2010-09-04,0.08743455497382199
2010-09-05,1.9361256544502616
2010-09-06,0.015706806282722512
2010-09-07,5.235602094240838e-4
2010-09-08,0.004188481675392671
2010-09-09,0.6350785340314136
2010-09-10,0.7293193717277486
2010-09-11,0.08062827225130889
2010-09-12,0
2010-09-13,2.6910994764397906
2010-09-14,8.006282722513088
2010-09-15,4.771204188481676
2010-09-16,3.1251308900523562
2010-09-17,0.2696335078534031
2010-09-18,0.02617801047120419
2010-09-19,0.23979057591623038
2010-09-20,0.03507853403141361
2010-09-21,0.07591623036649214
2010-09-22,0.04816753926701571
2010-09-23,0.08691099476439791
2010-09-24,0.028272251308900525
2010-09-25,0.009947643979057591
2010-09-26,13.951832460732984
2010-09-27,19.21570680628272
2010-09-28,0.5507853403141361
2010-09-29,0.016230366492146597
2010-09-30,0.01832460732984293
2011-05-01,0.03717277486910995
2011-05-02,2.342931937172775
2011-05-03,0.18481675392670155
2011-05-04,0.3162303664921466
2011-05-05,0.0905759162303665
2011-05-06,0.020418848167539267
2011-05-07,0.01361256544502618
2011-05-08,0.028272251308900525
2011-05-09,0.004712041884816754
2011-05-10,0.021465968586387434
2011-05-11,0.03193717277486911
2011-05-12,0.3769633507853403
2011-05-13,2.445549738219895
2011-05-14,0
2011-05-15,1.2418848167539267
2011-05-16,0.1486910994764398
2011-05-17,0.938219895287958
2011-05-18,0.23979057591623038
2011-05-19,0.003664921465968586
2011-05-20,0.930890052356021
2011-05-21,1.9366492146596859
2011-05-22,5.235602094240838e-4
2011-05-23,4.997382198952879
2011-05-24,0.0015706806282722511
2011-05-25,0.020942408376963352
2011-05-26,0.019895287958115182
2011-05-27,0.40575916230366493
2011-05-28,0.040314136125654446
2011-05-29,0.1544502617801047
2011-05-30,0.02198952879581152
2011-05-31,0.004188481675392671
2011-06-01,5.094764397905759
2011-06-02,0.02617801047120419
2011-06-03,0.004188481675392671
2011-06-04,0.014659685863874344
2011-06-05,0.020418848167539267
2011-06-06,1.1010471204188481
2011-06-07,9.481151832460734
2011-06-08,3.2115183246073302
2011-06-09,0.7026178010471205
2011-06-10,0.014659685863874344
2011-06-11,0.010471204188481676
2011-06-12,1.2659685863874346
2011-06-13,0.004188481675392671
2011-06-14,3.061256544502618
2011-06-15,0.02198952879581152
2011-06-16,0.014136125654450262
2011-06-17,0.2790575916230366
2011-06-18,1.6162303664921467
2011-06-19,5.140837696335078
2011-06-20,4.239267015706806
2011-06-21,1.1068062827225131
2011-06-22,0.12251308900523561
2011-06-23,13.481151832460734
2011-06-24,1.5057591623036648
2011-06-25,2.3921465968586384
2011-06-26,0.020418848167539267
2011-06-27,0.032460732984293195
2011-06-28,0.021465968586387434
2011-06-29,0.005759162303664921
2011-06-30,0.024083769633507855
2011-07-01,0.18429319371727748
2011-07-02,1.4041884816753927
2011-07-03,6.769633507853404
2011-07-04,7.8
2011-07-05,0.11675392670157067
2011-07-06,0.01780104712041885
2011-07-07,4.864921465968586
2011-07-08,5.16282722513089
2011-07-09,0.07539267015706806
2011-07-10,1.1612565445026177
2011-07-11,14.22408376963351
2011-07-12,0.02722513089005236
2011-07-13,0.1617801047120419
2011-07-14,3.5654450261780104
2011-07-15,0.0356020942408377
2011-07-16,0.007329842931937172
2011-07-17,0.0225130890052356
2011-07-18,12.74869109947644
2011-07-19,0.02617801047120419
2011-07-20,0.02879581151832461
2011-07-21,1.486910994764398
2011-07-22,27.06282722513089
2011-07-23,4.4219895287958115
2011-07-24,0.005759162303664921
2011-07-25,0.004712041884816754
2011-07-26,0.04764397905759162
2011-07-27,0.026701570680628273
2011-07-28,1.3549738219895286
2011-07-29,27.69528795811518
2011-07-30,29.564397905759165
2011-07-31,12.936649214659687
2011-08-01,0.6675392670157068
2011-08-02,2.1345549738219893
2011-08-03,0.020942408376963352
2011-08-04,0.03664921465968586
2011-08-05,6.570157068062828
2011-08-06,2.4031413612565444
2011-08-07,0.7769633507853404
2011-08-08,0.5261780104712042
2011-08-09,4.65759162303665
2011-08-10,0.1973821989528796
2011-08-11,2.080628272251309
2011-08-12,0.9198952879581151
2011-08-13,5.019895287958115
2011-08-14,0.01780104712041885
2011-08-15,9.28219895287958
2011-08-16,0.4026178010471204
2011-08-17,0.01361256544502618
2011-08-18,0.008376963350785341
2011-08-19,2.3722513089005237
2011-08-20,0.013089005235602094
2011-08-21,0.044502617801047126
2011-08-22,0.17225130890052356
2011-08-23,1.331413612565445
2011-08-24,7.415183246073299
2011-08-25,9.918848167539267
2011-08-26,0.0387434554973822
2011-08-27,0.1712041884816754
2011-08-28,5.613089005235603
2011-08-29,0.032984293193717276
2011-08-30,0.5387434554973822
2011-08-31,0.004712041884816754
2011-09-01,0.0031413612565445023
2011-09-02,0.02879581151832461
2011-09-03,0.031413612565445025
2011-09-04,0.020942408376963352
2011-09-05,5.197905759162304
2011-09-06,0.30575916230366496
2011-09-07,4.053403141361256
2011-09-08,1.8973821989528794
2011-09-09,3.154973821989529
2011-09-10,0.2670157068062827
2011-09-11,0
2011-09-12,9.578534031413612
2011-09-13,0.003664921465968586
2011-09-14,0.049214659685863874
2011-09-15,0.06649214659685863
2011-09-16,0.042408376963350786
2011-09-17,0.0193717277486911
2011-09-18,6.046596858638743
2011-09-19,4.629319371727749
2011-09-20,0.007329842931937172
2011-09-21,0.01256544502617801
2011-09-22,0.018848167539267015
2011-09-23,0.01361256544502618
2011-09-24,0.0010471204188481676
2011-09-25,0.06701570680628273
2011-09-26,0
2011-09-27,0.8115183246073299
2011-09-28,0.0905759162303665
2011-09-29,0.005235602094240838
2011-09-30,0.04764397905759162
2012-05-01,0.05497382198952879
2012-05-02,7.82303664921466
2012-05-03,1.6052356020942409
2012-05-04,1.4104712041884817
2012-05-05,0.2581151832460733
2012-05-06,2.827225130890052
2012-05-07,0.039790575916230364
2012-05-09,0.20785340314136125
2012-05-10,0.03821989528795812
2012-05-11,1.6361256544502616
2012-05-12,7.9314136125654455
2012-05-13,0.003664921465968586
2012-05-14,0.015706806282722512
2012-05-15,0.05340314136125655
2012-05-16,0.4340314136125654
2012-05-17,0.12356020942408377
2012-05-18,0.004188481675392671
2012-05-19,0.02722513089005236
2012-05-20,0.041361256544502616
2012-05-21,0.04554973821989529
2012-05-22,0.07801047120418848
2012-05-23,0.07172774869109948
2012-05-24,0.042408376963350786
2012-05-25,0.041884816753926704
2012-05-26,0.009947643979057591
2012-05-27,0.39633507853403144
2012-05-28,0.003664921465968586
2012-05-29,0.0193717277486911
2012-05-30,0.006282722513089005
2012-05-31,0.003664921465968586
2012-06-01,9.318324607329844
2012-06-02,0.0581151832460733
2012-06-03,0.005235602094240838
2012-06-04,2.1842931937172776
2012-06-05,3.2026178010471207
2012-06-06,0.025654450261780103
2012-06-07,0.5162303664921466
2012-06-08,0.6952879581151833
2012-06-09,0.03769633507853403
2012-06-10,0.007853403141361256
2012-06-11,0.0193717277486911
2012-06-12,0.8905759162303666
2012-06-13,1.5643979057591624
2012-06-14,0.033507853403141365
2012-06-15,0.029842931937172773
2012-06-16,4.607329842931938
2012-06-17,0.6869109947643979
2012-06-18,0.026701570680628273
2012-06-19,1.9162303664921467
2012-06-20,10.40890052356021
2012-06-21,3.4418848167539267
2012-06-22,0.04554973821989529
2012-06-23,0.05654450261780105
2012-06-24,0.0010471204188481676
2012-06-25,4.964397905759162
2012-06-26,2.212041884816754
2012-06-27,0.06910994764397906
2012-06-28,1.4790575916230366
2012-06-29,0.005235602094240838
2012-06-30,3.5455497382198957
2012-07-01,7.804712041884817
2012-07-02,0.5382198952879581
2012-07-03,0.7916230366492146
2012-07-04,0.01361256544502618
2012-07-05,0.06858638743455497
2012-07-06,13.783769633507854
2012-07-07,1.3811518324607328
2012-07-08,7.431937172774869
2012-07-09,0.6968586387434554
2012-07-10,0.8638743455497382
2012-07-11,0.7607329842931938
2012-07-12,2.605759162303665
2012-07-13,2.7089005235602093
2012-07-14,13.581151832460733
2012-07-15,1.1198952879581152
2012-07-16,0.5795811518324607
2012-07-17,2.690575916230366
2012-07-18,2.187958115183246
2012-07-19,15.987434554973822
2012-07-20,1.4979057591623035
2012-07-21,0.05340314136125655
2012-07-22,0.024607329842931937
2012-07-23,0.06282722513089005
2012-07-24,0.039790575916230364
2012-07-25,0.016753926701570682
2012-07-26,0.02722513089005236
2012-07-27,0.024083769633507855
2012-07-28,1.330890052356021
2012-07-29,10.656020942408377
2012-07-30,8.513089005235603
2012-07-31,0.13036649214659685
2012-08-01,0.032460732984293195
2012-08-02,0.007853403141361256
2012-08-03,15.904188481675394
2012-08-04,0.11465968586387434
2012-08-05,2.325130890052356
2012-08-06,1.125130890052356
2012-08-07,0.005235602094240838
2012-08-08,0.06335078534031413
2012-08-09,0.08900523560209425
2012-08-10,0
2012-08-11,0.8790575916230366
2012-08-12,0.023036649214659685
2012-08-13,0.010471204188481676
2012-08-14,0.0015706806282722511
2012-08-15,0.007329842931937172
2012-08-16,0.002617801047120419
2012-08-17,1.6251308900523562
2012-08-18,0
2012-08-19,0.0010471204188481676
2012-08-20,0.00680628272251309
2012-08-21,0.3403141361256544
2012-08-22,22.534031413612563
2012-08-23,0.006282722513089005
2012-08-24,1.7612565445026178
2012-08-25,0.5984293193717278
2012-08-26,0.12041884816753927
2012-08-27,0.4020942408376963
2012-08-28,0.008900523560209424
2012-08-29,0.7575916230366493
2012-08-30,0.030366492146596858
2012-08-31,1.7178010471204188
2012-09-01,0.014659685863874344
2012-09-02,0.018848167539267015
2012-09-03,0.02198952879581152
2012-09-04,0.003664921465968586
2012-09-05,0
2012-09-06,0
2012-09-07,0.003664921465968586
2012-09-08,0.762303664921466
2012-09-09,0.3795811518324607
2012-09-10,0.023036649214659685
2012-09-11,5.235602094240838e-4
2012-09-12,0.49162303664921464
2012-09-13,0.03769633507853403
2012-09-14,0.004712041884816754
2012-09-15,1.2230366492146598
2012-09-16,0.041884816753926704
2012-09-17,0.0020942408376963353
2012-09-18,0.00680628272251309
2012-09-19,3.061256544502618
2012-09-20,0.008376963350785341
2012-09-21,0.006282722513089005
2012-09-22,0.20314136125654453
2012-09-23,5.235602094240838e-4
2012-09-24,0.039790575916230364
2012-09-25,2.3780104712041887
2012-09-26,3.8612565445026177
2012-09-27,7.53717277486911
2012-09-28,0.023036649214659685
2012-09-29,0.0015706806282722511
2012-09-30,0.1031413612565445
2014-07-01,0.01361256544502618
2014-07-02,0.006282722513089005
2014-07-03,0.09109947643979058
2014-07-04,0.0450261780104712
2014-07-05,1.4827225130890054
2014-07-06,0.02617801047120419
2014-07-07,0.26544502617801047
2014-07-08,10.43717277486911
2014-07-09,14.483246073298428
2014-07-10,10.324607329842932
2014-07-11,0.5575916230366492
2014-07-12,3.723560209424084
2014-07-13,1.0408376963350785
2014-07-14,8.216753926701571
2014-07-15,13.092146596858637
2014-07-16,0.040837696335078534
2014-07-17,0.005235602094240838
2014-07-18,0.040837696335078534
2014-07-19,5.235602094240838e-4
2014-07-20,0.06910994764397906
2014-07-21,0.0020942408376963353
2014-07-22,0.015183246073298429
2014-07-23,0.02722513089005236
2014-07-24,1.9031413612565444
2014-07-25,8.21151832460733
2014-07-26,7.953403141361257
2014-07-27,0.061780104712041886
2014-07-28,3.52565445026178
2014-07-29,4.112041884816754
2014-07-30,15.887434554973822
2014-07-31,0.5455497382198953
2014-08-01,0.04659685863874345
2014-08-02,0.04607329842931937
2014-08-03,0.29842931937172773
2014-08-04,0.9680628272251308
2014-08-05,1.474869109947644
2014-08-06,10.855497382198953
2014-08-07,0.021465968586387434
2014-08-08,0.5047120418848168
2014-08-09,0.30523560209424083
2014-08-10,1.8895287958115183
2014-08-11,5.470157068062827
2014-08-12,1.7340314136125656
2014-08-13,0.029319371727748688
2014-08-14,8.317801047120419
2014-08-15,0.14031413612565444
2014-08-16,0.5267015706806283
2014-08-17,2.6607329842931935
2014-08-18,0.12722513089005236
2014-08-19,2.115183246073298
2014-08-20,2.838743455497382
2014-08-21,0.6193717277486911
2014-08-22,0.0643979057591623
2014-08-23,0.05602094240837696
2014-08-24,0.09947643979057592
2014-08-25,0.5931937172774869
2014-08-26,0.5617801047120419
2014-08-27,0.008900523560209424
2014-08-28,0.11780104712041886
2014-08-29,0.13403141361256546
2014-08-30,0.22356020942408378
2014-08-31,3.864921465968586
2014-09-01,0.20366492146596857
2014-09-02,5.049214659685864
2014-09-03,0.043455497382198956
2014-09-04,0.03769633507853403
2014-09-05,0.019895287958115182
2014-09-06,0.016753926701570682
2014-09-07,2.343979057591623
2014-09-08,0.37120418848167536
2014-09-09,0.020418848167539267
2014-09-10,0.01099476439790576
2014-09-11,6.164921465968586
2014-09-12,0.8638743455497382
2014-09-13,0.08691099476439791
2014-09-14,6.714659685863874
2014-09-15,0.1130890052356021
2014-09-16,0.05287958115183246
2014-09-17,0.026701570680628273
2014-09-18,0.010471204188481676
2014-09-19,0.8769633507853403
2014-09-20,1.1638743455497382
2014-09-21,1.419895287958115
2014-09-22,0.05497382198952879
2014-09-23,1.8670157068062827
2014-09-24,0.10732984293193717
2014-09-25,0.03769633507853403
2014-09-26,1.4230366492146598
2014-09-27,0.01832460732984293
2014-09-28,0.04554973821989529
2014-09-29,0.05026178010471204
2014-09-30,0.3329842931937173
2015-05-01,8.924083769633508
2015-05-02,0.10732984293193717
2015-05-03,0.0774869109947644
2015-05-04,5.854450261780104
2015-05-05,0.5769633507853403
2015-05-06,0.6162303664921466
2015-05-07,0.03717277486910995
2015-05-08,0.112565445026178
2015-05-09,0.09685863874345549
2015-05-10,0.30628272251308897
2015-05-11,0.04397905759162304
2015-05-12,0.00680628272251309
2015-05-13,7.831413612565446
2015-05-14,0.033507853403141365
2015-05-15,0.02356020942408377
2015-05-16,0.0743455497382199
2015-05-17,1.0424083769633508
2015-05-18,0.10732984293193717
2015-05-19,0.1
2015-05-20,0.09214659685863874
2015-05-21,0.08219895287958115
2015-05-22,0.23717277486910993
2015-05-23,0.08115183246073299
2015-05-24,0.040837696335078534
2015-05-25,0.10732984293193717
2015-05-26,0.04397905759162304
2015-05-27,0.05026178010471204
2015-05-28,0.03612565445026178
2015-05-29,1.018848167539267
2015-05-30,2.0094240837696336
2015-05-31,1.1680628272251308
2015-06-01,2.007329842931937
2015-06-02,2.1209424083769632
2015-06-03,0.04554973821989529
2015-06-04,0.025654450261780103
2015-06-05,0.0225130890052356
2015-06-06,0.007329842931937172
2015-06-07,0.0193717277486911
2015-06-08,0.032984293193717276
2015-06-09,0.05759162303664922
2015-06-10,0.02513089005235602
2015-06-11,0.03193717277486911
2015-06-12,0.23193717277486908
2015-06-13,0.014659685863874344
2015-06-14,15.722513089005236
2015-06-15,0.03193717277486911
2015-06-16,0.07225130890052356
2015-06-17,0.06701570680628273
2015-06-18,1.9853403141361254
2015-06-19,0.11989528795811519
2015-06-20,0.6277486910994765
2015-06-21,1.4801047120418849
2015-06-22,1.7109947643979058
2015-06-23,6.953403141361257
2015-06-24,2.5445026178010473
2015-06-25,0.20575916230366492
2015-06-26,0.03193717277486911
2015-06-27,1.557068062827225
2015-06-28,2.850261780104712
2015-06-29,0.3392670157068063
2015-06-30,0.060209424083769635
2015-07-01,5.235602094240838e-4
2015-07-02,0.015183246073298429
2015-07-03,0.02774869109947644
2015-07-04,0.10785340314136124
2015-07-05,3.3989528795811514
2015-07-06,10.657591623036648
2015-07-07,0.015183246073298429
2015-07-08,5.718324607329842
2015-07-09,4.720418848167539
2015-07-10,0.17591623036649215
2015-07-11,0.058638743455497376
2015-07-12,0.029319371727748688
2015-07-13,2.925130890052356
2015-07-14,8.663350785340315
2015-07-15,1.3947643979057591
2015-07-16,0.13612565445026178
2015-07-17,0.13979057591623037
2015-07-18,1.4230366492146598
2015-07-19,15.352356020942409
2015-07-20,0.03664921465968586
2015-07-21,0.17277486910994763
2015-07-22,0.9151832460732985
2015-07-23,11.001570680628273
2015-07-24,0.029842931937172773
2015-07-25,0.8261780104712042
2015-07-26,0.6439790575916231
2015-07-27,0.4853403141361256
2015-07-28,2.6659685863874345
2015-07-29,0.23403141361256546
2015-07-30,0.07591623036649214
2015-07-31,0.19581151832460733
2015-08-01,0.040314136125654446
2015-08-02,0.08010471204188482
2015-08-03,0.2602094240837696
2015-08-04,0.034031413612565446
2015-08-05,0.706806282722513
2015-08-06,0.0031413612565445023
2015-08-07,0.031413612565445025
2015-08-08,0.023036649214659685
2015-08-09,0.044502617801047126
2015-08-10,0.020942408376963352
2015-08-11,0.03612565445026178
2015-08-12,0.04764397905759162
2015-08-13,0.026701570680628273
2015-08-14,0.01256544502617801
2015-08-15,0.14921465968586387
2015-08-16,0.5052356020942408
2015-08-17,9.000523560209425
2015-08-18,0.4528795811518324
2015-08-19,0.017277486910994764
2015-08-20,0.05445026178010472
2015-08-21,0.11937172774869109
2015-08-22,0.060209424083769635
2015-08-23,0.04816753926701571
2015-08-24,1.923560209424084
2015-08-25,9.13717277486911
2015-08-26,0.019895287958115182
2015-08-27,0.05078534031413613
2015-08-28,11.784816753926702
2015-08-29,0.0769633507853403
2015-08-30,0.009424083769633508
2015-08-31,0.044502617801047126
2015-09-01,0.08691099476439791
2015-09-02,3.6209424083769632
2015-09-03,0.20785340314136125
2015-09-04,0.9753926701570681
2015-09-05,0.5015706806282723
2015-09-06,3.613612565445026
2015-09-07,1.4952879581151832
2015-09-08,0.05497382198952879
2015-09-09,0.01256544502617801
2015-09-10,0.007853403141361256
2015-09-11,10.71413612565445
2015-09-12,0.5178010471204189
2015-09-13,0.37068062827225134
2015-09-14,0.04816753926701571
2015-09-15,3.324083769633508
2015-09-16,0.8219895287958116
2015-09-17,2.724083769633508
2015-09-18,4.795811518324607
2015-09-19,0.059162303664921465
2015-09-20,0.8811518324607329
2015-09-21,1.087958115183246
2015-09-22,0.04764397905759162
2015-09-23,1.3204188481675394
2015-09-24,0.06963350785340314
2015-09-25,0.04607329842931937
2015-09-26,0.04973821989528796
2015-09-27,0.015183246073298429
2015-09-28,0.02198952879581152
2015-09-29,0.0010471204188481676
2015-09-30,0.011518324607329843
2016-05-01,0.020942408376963352
2016-05-02,0.029842931937172773
2016-05-03,0.029319371727748688
2016-05-04,1.4455497382198952
2016-05-05,0.10785340314136124
2016-05-06,0.03926701570680628
2016-05-07,0.011518324607329843
2016-05-08,0.006282722513089005
2016-05-09,0
2016-05-10,0.01256544502617801
2016-05-11,0.05235602094240838
2016-05-12,0.029319371727748688
2016-05-13,2.1089005235602096
2016-05-14,0.04607329842931937
2016-05-15,1.1
2016-05-16,0.46020942408376964
2016-05-17,0.6460732984293194
2016-05-18,0.16858638743455495
2016-05-19,0.09267015706806284
2016-05-20,0.011518324607329843
2016-05-21,0.032984293193717276
2016-05-22,0.05235602094240838
2016-05-23,0.02356020942408377
2016-05-24,9.21151832460733
2016-05-25,3.0853403141361255
2016-05-26,0.993717277486911
2016-05-27,0.02198952879581152
2016-05-28,0.0225130890052356
2016-05-29,0.009424083769633508
2016-05-30,0.15916230366492146
2016-05-31,5.870157068062827
2016-06-01,13.014136125654451
2016-06-02,1.9094240837696337
2016-06-03,1.5848167539267015
2016-06-04,0.078534031413612565
2016-06-05,2.705759162303665
2016-06-06,6.359685863874345
2016-06-07,0.02774869109947644
2016-06-08,0.029319371727748688
2016-06-09,0.032984293193717276
2016-06-10,0.08272251308900523
2016-06-11,0.05235602094240838
2016-06-12,0.043455497382198956
2016-06-13,1.5230366492146596
2016-06-14,1.8481675392670158
2016-06-15,5.385340314136125
2016-06-16,6.400523560209424
2016-06-17,25.465968586387437
2016-06-18,2.1654450261780105
2016-06-19,1.0429319371727748
2016-06-20,0.11204188481675392
2016-06-21,0.3968586387434555
2016-06-22,0.0581151832460733
2016-06-23,0.005759162303664921
2016-06-24,0.019895287958115182
2016-06-25,0.11675392670157067
2016-06-26,8.658115183246073
2016-06-27,0.03193717277486911
2016-06-28,0.16335078534031414
2016-06-29,0.8020942408376964
2016-06-30,0.13979057591623037
2016-07-01,0.024083769633507855
2016-07-02,1.2785340314136124
2016-07-03,0.3356020942408377
2016-07-04,0.07015706806282722
2016-07-05,0.02722513089005236
2016-07-06,1.750261780104712
2016-07-07,0.4319371727748691
2016-07-08,0.04293193717277487
2016-07-09,3.2869109947643977
2016-07-10,0.024083769633507855
2016-07-11,0.018848167539267015
2016-07-12,0.08167539267015707
2016-07-13,7.281151832460734
2016-07-14,2.1785340314136126
2016-07-15,0.6209424083769634
2016-07-16,0.059685863874345546
2016-07-17,1.237696335078534
2016-07-18,0.029319371727748688
2016-07-19,0.04659685863874345
2016-07-20,0.014136125654450262
2016-07-21,1.0455497382198953
2016-07-22,0.6403141361256545
2016-07-23,0.03612565445026178
2016-07-24,0.02513089005235602
2016-07-25,0.040314136125654446
2016-07-26,0.0450261780104712
2016-07-27,0.32251308900523556
2016-07-28,15.084816753926702
2016-07-29,4.418324607329843
2016-07-30,0.032460732984293195
2016-07-31,0.017277486910994764
2016-08-01,6.129842931937173
2016-08-02,0.08638743455497382
2016-08-03,4.335078534031414
2016-08-04,1.3958115183246074
2016-08-05,14.251832460732984
2016-08-06,0.05654450261780105
2016-08-07,2.9240837696335076
2016-08-08,0.031413612565445025
2016-08-09,0.014659685863874344
2016-08-10,0.009947643979057591
2016-08-11,0.06596858638743455
2016-08-12,0.3931937172774869
2016-08-13,0.22984293193717278
2016-08-14,0.04659685863874345
2016-08-15,0.0031413612565445023
2016-08-16,0.004188481675392671
2016-08-17,0.21151832460732983
2016-08-18,0.07486910994764398
2016-08-19,0.2256544502617801
2016-08-20,4.88586387434555
2016-08-21,9.58586387434555
2016-08-22,4.365968586387434
2016-08-23,0.006282722513089005
2016-08-24,0.12198952879581151
2016-08-25,0.009947643979057591
2016-08-26,0.02356020942408377
2016-08-27,0.02356020942408377
2016-08-28,0.04607329842931937
2016-08-29,1.3497382198952879
2016-08-30,0
2016-08-31,0.08691099476439791
2016-09-01,0
2016-09-02,0
2016-09-03,0
2016-09-04,0.3486910994764398
2016-09-05,4.616230366492147
2016-09-06,0.0031413612565445023
2016-09-07,0
2016-09-08,0
2016-09-09,0
2016-09-10,0
2016-09-11,0
2016-09-12,0
2016-09-13,0
2016-09-14,0
2016-09-15,0
2016-09-16,0
2016-09-17,5.017277486910995
2016-09-18,0.021465968586387434
2016-09-19,0
2016-09-20,0
2016-09-21,0
2016-09-22,0
2016-09-23,0
2016-09-24,0
2016-09-25,0
2016-09-26,0
2016-09-27,0
2016-09-28,0
2016-09-29,0
2016-09-30,0.09895287958115183
2017-05-01,0
2017-05-02,0
2017-05-03,2.764397905759162
2017-05-04,3.945026178010471
2017-05-05,0.3764397905759162
2017-05-06,0
2017-05-07,0
2017-05-08,0.3424083769633508
2017-05-09,1.1136125654450262
2017-05-10,0.8654450261780104
2017-05-11,0
2017-05-12,0
2017-05-13,0.48900523560209425
2017-05-14,0.0010471204188481676
2017-05-15,0.830890052356021
2017-05-16,0.5094240837696336
2017-05-17,1.0549738219895288
2017-05-18,0
2017-05-19,0
2017-05-20,0
2017-05-21,0
2017-05-22,0
2017-05-23,0
2017-05-24,5.124607329842932
2017-05-25,0
2017-05-26,0
2017-05-27,0
2017-05-28,0
2017-05-29,0
2017-05-30,0.6078534031413613
2017-05-31,5.366492146596859
2017-06-01,0
2017-06-02,0
2017-06-03,0.3931937172774869
2017-06-04,8.178534031413612
2017-06-05,1.6539267015706804
2017-06-06,5.98848167539267
2017-06-07,5.938219895287959
2017-06-08,0.7455497382198952
2017-06-09,0.004188481675392671
2017-06-10,1.0837696335078535
2017-06-11,0
2017-06-12,1.4785340314136124
2017-06-13,0.0010471204188481676
2017-06-14,0.004188481675392671
2017-06-15,0.0015706806282722511
2017-06-16,5.769633507853404
2017-06-17,1.5282722513089007
2017-06-18,0
2017-06-19,0
2017-06-20,0
2017-06-21,0
2017-06-22,0.07225130890052356
2017-06-23,20.9565445026178
2017-06-24,0.003664921465968586
2017-06-25,0.24397905759162303
2017-06-26,6.12303664921466
2017-06-27,0
2017-06-28,0
2017-06-29,17.933507853403142
2017-06-30,90.25968586387435
2017-07-01,7.814659685863875
2017-07-02,2.7738219895287957
2017-07-03,0.39842931937172776
2017-07-04,0.21570680628272249
2017-07-05,1.087958115183246
2017-07-06,0
2017-07-07,1.1973821989528797
2017-07-08,8.61413612565445
2017-07-09,0.32827225130890053
2017-07-10,11.627748691099477
2017-07-11,1.38848167539267
2017-07-12,0.768586387434555
2017-07-13,5.989528795811518
2017-07-14,0
2017-07-15,0
2017-07-16,4.453926701570681
2017-07-17,1.8565445026178011
2017-07-18,0
2017-07-19,0
2017-07-20,6.106282722513089
2017-07-21,0.13926701570680627
2017-07-22,0
2017-07-23,29.73979057591623
2017-07-24,0
2017-07-25,41.37329842931938
2017-07-26,11.986910994764397
2017-07-27,5.908376963350785
2017-07-28,1.03717277486911
2017-07-29,0.10523560209424083
2017-07-30,0
2017-07-31,0.042408376963350786
2017-08-01,4.645026178010471
2017-08-02,0.01256544502617801
2017-08-03,0.3403141361256544
2017-08-04,5.071727748691099
2017-08-05,0
2017-08-06,0.4424083769633508
2017-08-07,0
2017-08-08,0
2017-08-09,0.22879581151832462
2017-08-10,3.554973821989529
2017-08-11,9.232460732984293
2017-08-12,1.5387434554973822
2017-08-13,0.03769633507853403
2017-08-14,0.017277486910994764
2017-08-15,0
2017-08-16,11.346073298429319
2017-08-17,0
2017-08-18,1.638219895287958
2017-08-19,11.4282722513089
2017-08-20,0.2261780104712042
2017-08-21,0.05130890052356021
2017-08-22,0.4895287958115183
2017-08-23,0
2017-08-24,0.3183246073298429
2017-08-25,0.3392670157068063
2017-08-26,0
2017-08-27,0
2017-08-28,0
2017-08-29,0
2017-08-30,0
2017-08-31,0
2017-09-01,2.844502617801047
2017-09-02,0.012041884816753928
2017-09-03,0.6460732984293194
2017-09-04,1.1465968586387434
2017-09-05,0
2017-09-06,1.2104712041884818
2017-09-07,4.275392670157069
2017-09-08,0.02617801047120419
2017-09-09,2.474869109947644
2017-09-10,0.4628272251308901
2017-09-11,0
2017-09-12,0.0031413612565445023
2017-09-13,2.363874345549738
2017-09-14,1.6701570680628273
2017-09-15,3.8706806282722512
2017-09-16,0.675392670157068
2017-09-17,0
2017-09-18,0.04659685863874345
2017-09-19,0
2017-09-20,0.062303664921465975
2017-09-21,0.014659685863874344
2017-09-22,0.0010471204188481676
2017-09-23,0
2017-09-24,13.52303664921466
2017-09-25,0.35706806282722514
2017-09-26,0.29790575916230366
2017-09-27,1.2534031413612565
2017-09-28,0
2017-09-29,0
2017-09-30,0
2018-05-01,0.07486910994764398
2018-05-02,0
2018-05-03,0
2018-05-04,0
2018-05-05,0
2018-05-06,0
2018-05-07,0
2018-05-08,0
2018-05-09,0
2018-05-10,0.7193717277486911
2018-05-11,6.519895287958116
2018-05-12,0
2018-05-13,0
2018-05-14,0
2018-05-15,0
2018-05-16,14.812041884816754
2018-05-17,0
2018-05-18,0
2018-05-19,0
2018-05-20,0
2018-05-21,0
2018-05-22,0
2018-05-23,0
2018-05-24,0
2018-05-25,0
2018-05-26,0
2018-05-27,0.0020942408376963353
2018-05-28,0.6926701570680629
2018-05-29,0
2018-05-30,0
2018-05-31,2.7350785340314134
2018-06-01,0
2018-06-02,15.137172774869109
2018-06-03,0.24083769633507854
2018-06-04,0
2018-06-05,0
2018-06-06,0
2018-06-07,0
2018-06-08,0
2018-06-09,0
2018-06-10,0.07068062827225131
2018-06-11,5.850785340314136
2018-06-12,0
2018-06-13,0
2018-06-14,0
2018-06-15,0
2018-06-16,0.005235602094240838
2018-06-17,0.005235602094240838
2018-06-18,0
2018-06-19,0.018848167539267015
2018-06-20,0
2018-06-21,0.30837696335078535
2018-06-22,2.594240837696335
2018-06-23,0.7821989528795812
2018-06-24,3.313612565445026
2018-06-25,0.23612565445026176
2018-06-26,0.02198952879581152
2018-06-27,0
2018-06-28,0
2018-06-29,0
2018-06-30,0
2018-07-01,0
2018-07-02,0
2018-07-03,0
2018-07-04,0
2018-07-05,0
2018-07-06,0
2018-07-07,0
2018-07-08,0
2018-07-09,0
2018-07-10,0
2018-07-11,7.867539267015706
2018-07-12,51.73246073298429
2018-07-13,1.3643979057591624
2018-07-14,0.2329842931937173
2018-07-15,0
2018-07-16,0
2018-07-17,0
2018-07-18,0
2018-07-19,0
2018-07-20,0.004188481675392671
2018-07-21,0
2018-07-22,0
2018-07-23,0.0015706806282722511
2018-07-24,0
2018-07-25,0
2018-07-26,0
2018-07-27,0
2018-07-28,0.003664921465968586
2018-07-29,6.0863874345549736
2018-07-30,0
2018-07-31,0
2018-08-01,0.05287958115183246
2018-08-02,0.17225130890052356
2018-08-03,0
2018-08-04,0
2018-08-05,0
2018-08-06,0
2018-08-07,0
2018-08-08,0
2018-08-09,0.20785340314136125
2018-08-10,2.45130890052356
2018-08-11,0.04973821989528796
2018-08-12,0.007329842931937172
2018-08-13,0
2018-08-14,0.3701570680628272
2018-08-15,0.060732984293193716
2018-08-16,0
2018-08-17,0
2018-08-18,0.10104712041884815
2018-08-19,0
2018-08-20,0
2018-08-21,0
2018-08-22,0
2018-08-23,0
2018-08-24,0.19476439790575917
2018-08-25,0.0015706806282722511
2018-08-26,0.6842931937172775
2018-08-27,0
2018-08-28,0.006282722513089005
2018-08-29,0
2018-08-30,0.8952879581151831
2018-08-31,0.5675392670157068
2018-09-01,0
2018-09-02,0.13979057591623037
2018-09-03,0.13036649214659685
2018-09-04,0
2018-09-05,0
2018-09-06,0
2018-09-07,0.5790575916230367
2018-09-08,0.20732984293193718
2018-09-09,0
2018-09-10,0
2018-09-11,0.0905759162303665
2018-09-12,0
2018-09-13,0.469109947643979
2018-09-14,0.1638743455497382
2018-09-15,0.0031413612565445023
2018-09-16,0.181151832460733
2018-09-17,0
2018-09-18,0
2018-09-19,0
2018-09-20,0
2018-09-21,0
2018-09-22,2.443979057591623
2018-09-23,0.24345549738219896
2018-09-24,19.541884816753928
2018-09-25,1.698952879581152
2018-09-26,0
2018-09-27,0
2018-09-28,0
2018-09-29,0
2018-09-30,0
2019-05-01,0.6356020942408377
2019-05-02,0
2019-05-03,0.29895287958115185
2019-05-04,0.04973821989528796
2019-05-05,0
2019-05-06,0
2019-05-07,1.3010471204188483
2019-05-08,0
2019-05-09,0.6774869109947643
2019-05-10,0.3418848167539267
2019-05-11,0.11518324607329844
2019-05-12,2.2612565445026176
2019-05-13,0
2019-05-14,0
2019-05-15,0
2019-05-16,11.049214659685862
2019-05-17,0.017277486910994764
2019-05-18,0
2019-05-19,0
2019-05-20,1.9643979057591623
2019-05-21,12.617277486910995
2019-05-22,1.6602094240837697
2019-05-23,0.1455497382198953
2019-05-24,0
2019-05-25,0
2019-05-26,0
2019-05-27,0.011518324607329843
2019-05-28,0.1068062827225131
2019-05-29,0
2019-05-30,0
2019-05-31,0
2019-06-01,2.8267015706806284
2019-06-02,0
2019-06-03,0
2019-06-04,0.3973821989528796
2019-06-05,0
2019-06-06,0
2019-06-07,17.885340314136126
2019-06-08,0.4361256544502618
2019-06-09,0
2019-06-10,3.053403141361257
2019-06-11,2.3722513089005237
2019-06-12,40.29633507853403
2019-06-13,9.42198952879581
2019-06-14,0.023036649214659685
2019-06-15,0.024607329842931937
2019-06-16,0
2019-06-17,0.060732984293193716
2019-06-18,0
2019-06-19,0
2019-06-20,1.6319371727748693
2019-06-21,1.769109947643979
2019-06-22,0
2019-06-23,0
2019-06-24,0
2019-06-25,0
2019-06-26,0.007329842931937172
2019-06-27,0
2019-06-28,0
2019-06-29,0
2019-06-30,0
2019-07-01,0.07277486910994765
2019-07-06,0
2019-07-07,4.839790575916231
2019-07-08,0.009424083769633508
2019-07-09,0.6921465968586388
2019-07-10,0
2019-07-11,0.25968586387434556
2019-07-12,2.526701570680628
2019-07-13,0.4649214659685864
2019-07-14,4.134031413612566
2019-07-15,0
2019-07-16,0
2019-07-17,0
2019-07-18,0
2019-07-19,0.0031413612565445023
2019-07-20,0.28952879581151836
2019-07-21,15.390575916230366
2019-07-22,0
2019-07-23,0.6015706806282722
2019-07-24,0
2019-07-25,0
2019-07-26,0
2019-07-27,0
2019-07-28,0
2019-07-29,0
2019-07-30,8.57696335078534
2019-07-31,0
2019-08-01,16.567539267015707
2019-08-02,0.0931937172774869
2019-08-03,23.1696335078534
2019-08-04,0.0020942408376963353
2019-08-05,0
2019-08-06,0
2019-08-07,0.46230366492146596
2019-08-08,1.3256544502617802
2019-08-09,0
2019-08-10,0.3089005235602094
2019-08-11,0
2019-08-12,0.4366492146596858
2019-08-13,0
2019-08-14,0
2019-08-15,0.007853403141361256
2019-08-16,0.04869109947643979
2019-08-17,0.05235602094240838
2019-08-18,1.2162303664921466
2019-08-19,6.883769633507853
2019-08-20,0
2019-08-21,0.7026178010471205
2019-08-22,0
2019-08-23,0
2019-08-24,0
2019-08-25,0
2019-08-26,0
2019-08-27,2.1172774869109947
2019-08-28,0.002617801047120419
2019-08-29,0
2019-08-30,0
2019-08-31,0
2019-09-01,0
2019-09-02,0
2019-09-03,0.46125654450261777
2019-09-04,0.14973821989528796
2019-09-05,0.2329842931937173
2019-09-06,0
2019-09-07,0
2019-09-08,0.27958115183246074
2019-09-09,9.601047120418848
2019-09-10,6.418848167539267
2019-09-11,0
2019-09-12,0.06910994764397906
2019-09-13,0
2019-09-14,0.02513089005235602
2019-09-15,0
2019-09-16,0.10209424083769633
2019-09-17,0.11465968586387434
2019-09-18,1.0560209424083769
2019-09-19,0
2019-09-20,0
2019-09-21,0
2019-09-22,0
2019-09-23,0
2019-09-24,0
2019-09-25,1.044502617801047
2019-09-26,1.073821989528796
2019-09-27,3.026701570680628
2019-09-28,7.149214659685863
2019-09-29,8.603141361256544
2019-09-30,7.150785340314137
